	篇名	作者	学位授予单位	数据库	学位授予年度	被引	下载	操作
1	三种中药成分体外抗耐甲氧西林金黄色葡萄球菌及其抗炎、抗氧化活性研究	SAAD AHMAD	中国农业科学院	博士	2024		404	原版阅读      CNKI AI阅读
2	小檗碱及衍生物增敏顺铂治疗非小细胞肺癌的作用机制探究	褚亚军	兰州大学	硕士	2024		120	原版阅读      CNKI AI阅读
3	小檗碱预处理通过SIRT1/Nrf2信号通路抑制铁死亡减轻小鼠肠缺血再灌注损伤的研究	高焕焕	兰州大学	硕士	2024		158	原版阅读      CNKI AI阅读
4	小檗碱自组装纳米粒治疗乳腺癌药效学评价及机制研究	贺鹏	青岛大学	硕士	2024		645	原版阅读      CNKI AI阅读
5	负载小檗碱的多功能纳米纤维膜在糖尿病伤口愈合及瘢痕增生中的应用	吕洪雨	青岛大学	硕士	2024		139	原版阅读      CNKI AI阅读
6	小檗碱在真菌性角膜炎中作用机理的研究	姚晓峰	青岛大学	硕士	2024		84	原版阅读      CNKI AI阅读
7	小檗碱联合万古霉素对钛合金表面生物膜形成的影响及抗菌机制研究	甘锋平	广州中医药大学	博士	2024		176	原版阅读      CNKI AI阅读
8	潜阳封髓丹治疗卵巢储备功能减退（肾阴阳两虚证）的临床疗效及机制研究	张莉莉	长春中医药大学	博士	2024	1	675	原版阅读      CNKI AI阅读
9	林下种植模式下竹溪黄连规模化生产技术研究	张亚豪	华中农业大学	硕士	2024		109	原版阅读      CNKI AI阅读
10	负载盐酸小檗碱的间充质干细胞源性外泌体对溃疡性结肠炎的改善作用	张还晓	江南大学	硕士	2024		264	原版阅读      CNKI AI阅读
11	基于DC-iDEP筛选巨噬细胞吞噬能力的方法构建及小檗碱抑制吞噬的作用机制研究	王淼淼	天津中医药大学	硕士	2024		35	原版阅读      CNKI AI阅读
12	小檗碱通过Notch信号通路改善脓毒性心肌病作用及机制研究	凌颖	广州中医药大学	硕士	2024		30	原版阅读      CNKI AI阅读
13	致病性马红球菌胶体金抗体检测方法的建立及小檗碱体内外抑菌效果的研究	段兴勋	新疆农业大学	硕士	2024		24	原版阅读      CNKI AI阅读
14	小檗碱微胶囊的制备及对沙门氏菌性肠炎治疗效果评价	张旭梅	新疆农业大学	硕士	2024		50	原版阅读      CNKI AI阅读
15	马齿苋抗高尿酸血症作用机制研究	张一鸣	吉林大学	硕士	2024		1039	原版阅读      CNKI AI阅读
16	运动与小檗碱对T2DM大鼠胰岛细胞、IR及骨骼肌糖代谢的影响及可能机制	杨悦	安徽师范大学	硕士	2024		136	原版阅读      CNKI AI阅读
17	运动结合小檗碱对2型糖尿病大鼠骨骼肌Rab5及糖代谢的影响	方明	安徽师范大学	硕士	2024		151	原版阅读      CNKI AI阅读
18	连朴颗粒工艺及质量评价研究	王婕	长春中医药大学	硕士	2024		311	原版阅读      CNKI AI阅读
19	蒙药地格达-8味胶囊的制备工艺及质量标准研究	齐力格尔	内蒙古民族大学	硕士	2024		184	原版阅读      CNKI AI阅读
20	多鳞白甲鱼Hepcidin的基因鉴定、抗菌功能及其激动剂的应用研究	潘奎全	西北农林科技大学	硕士	2024		89	原版阅读      CNKI AI阅读
21	牛羊呼吸道多杀性巴氏杆菌的毒力和耐药性研究及中药单体对其生物被膜形成的影响	孙月	内蒙古农业大学	硕士	2024		279	原版阅读      CNKI AI阅读
22	基于肠道菌群探究小檗碱与黄芩苷配伍增效改善高脂血症的机制	高源	中国中医科学院	博士	2024		1204	原版阅读      CNKI AI阅读
23	复方丹黄皮炎膏的药学研究	胡迪	武汉轻工大学	硕士	2024		181	原版阅读      CNKI AI阅读
24	黄连解毒汤治疗糖尿病足溃疡的临床疗效及小檗碱促进糖尿病小鼠皮肤创面愈合的机制研究	郑力铭	湖北中医药大学	硕士	2024		98	原版阅读      CNKI AI阅读
25	盐酸小檗碱增强吡柔比星杀伤HCC细胞的效应及机制研究	和海妍	中国人民解放军陆军军医大学	硕士	2024		37	原版阅读      CNKI AI阅读
26	基于“细胞摄取-配体垂钓”技术探讨黄柏“酒制升提”的炮制作用机制	赵佳慧	辽宁中医药大学	硕士	2024		144	原版阅读      CNKI AI阅读
27	基于“细胞摄取—配体垂钓”技术探讨黄柏“盐炙入肾”的炮制作用机制	葛修通	辽宁中医药大学	硕士	2024		120	原版阅读      CNKI AI阅读
28	天然产物的增强CD8+ T细胞记忆分化与抗感染力作用	王娅玲	北京协和医学院	硕士	2024		65	原版阅读      CNKI AI阅读
29	黄连提取物小檗碱增强肠干细胞功能促进放射性肠炎再生修复的作用及机制研究	屠思雨	成都中医药大学	硕士	2024		210	原版阅读      CNKI AI阅读
30	基于Ftr1依赖的铁还原系统研究小檗碱对白色念珠菌的抗菌机制	郑东明	成都中医药大学	硕士	2024		85	原版阅读      CNKI AI阅读
31	基于溶血磷脂酸调控肺成纤维细胞活化增殖探究小檗碱治疗ILD的机制	李婷婷	华中科技大学	硕士	2024		14	原版阅读      CNKI AI阅读
32	小檗碱调节肠道菌群增强肺癌PD-1免疫治疗敏感性的作用机制研究	韩广素	华中科技大学	硕士	2024		40	原版阅读      CNKI AI阅读
33	盐酸小檗碱对慢性前列腺炎/慢性盆腔疼痛综合征治疗作用的研究	田逸群	华中科技大学	硕士	2024		44	原版阅读      CNKI AI阅读
34	小檗碱调节肠道菌群及糖脂代谢治疗2型糖尿病的机制研究	胡雅谦	云南中医药大学	硕士	2024		33	原版阅读      CNKI AI阅读
35	高性能荧光材料的制备、表征及应用	王腾飞	湖北民族大学	硕士	2024		228	原版阅读      CNKI AI阅读
36	盐酸小檗碱通过调节自噬抑制口腔鳞状细胞癌增殖的研究	肖金枝	湖北医药学院	硕士	2024		125	原版阅读      CNKI AI阅读
37	BMP9-Gel-PDA@BBR协同促进成骨与抗炎在治疗具核梭杆菌引发的慢性牙周炎中的初步研究	周思琪	重庆医科大学	硕士	2024		177	原版阅读      CNKI AI阅读
38	盐酸小檗碱光敏纳米复合纤维的构建及协同抗菌性能评价	林文波	吉林农业大学	硕士	2024		197	原版阅读      CNKI AI阅读
39	基于苦味受体初步探讨黄连“苦寒伤胃”的机制	吴志钟彬	西南大学	硕士	2024		222	原版阅读      CNKI AI阅读
40	光质及SOMT基因编辑对黄连表小檗碱和黄连碱积累的研究	王瑞康	西南大学	硕士	2024		62	原版阅读      CNKI AI阅读
41	胡芦巴丸化裁方及其组分小檗碱调控线粒体稳态改善DKD的机制研究	龚敏敏	华中科技大学	博士	2024		83	原版阅读      CNKI AI阅读
42	增加小檗碱药效的实验研究	马晓蕾	北京协和医学院	博士	2024		250	原版阅读      CNKI AI阅读
43	基于普鲁士蓝的Janus结构纳米载体用于药物递送及联合抗菌治疗	周一凡	东北林业大学	硕士	2024		151	原版阅读      CNKI AI阅读
44	配体特异性识别核酸多链体结构及应用研究	曾兴莉	浙江师范大学	硕士	2024		20	原版阅读      CNKI AI阅读
45	基于苦味受体/热敏受体探讨左金丸治疗胃食管反流病的分子机制	崔国良	南京中医药大学	博士	2024		558	原版阅读      CNKI AI阅读
46	黄连提取物通过gC1qR-EGFR/ERK/c-Fos轴诱导口腔上皮细胞内吞作用来缓解口咽念珠菌病	鲍孟媛	安徽中医药大学	硕士	2024		112	原版阅读      CNKI AI阅读
47	小檗碱干预cKIT激酶抗胃肠间质瘤研究	王玉	安徽中医药大学	硕士	2024		31	原版阅读      CNKI AI阅读
48	小檗碱联合微波对软组织损伤大鼠的干预作用及机制研究	杜田昊	辽宁中医药大学	硕士	2024		50	原版阅读      CNKI AI阅读
49	基于网络药理学和实验研究小檗碱治疗口腔扁平苔藓的作用机制	陈楚	成都中医药大学	硕士	2024		123	原版阅读      CNKI AI阅读
50	小檗碱对肌萎缩侧索硬化症SOD1-G93A转基因小鼠模型的干预研究	李曼	河北医科大学	硕士	2024		44	原版阅读      CNKI AI阅读
	中文题名	作者	学位授予单位	数据库	学位授予年度	被引	下载	操作
51	基于p62/Keap1/Nrf2通路介导的铁死亡探讨盐酸小檗碱抗甲状腺未分化癌的作用机制研究	王艳	河北医科大学	硕士	2024		62	原版阅读      CNKI AI阅读
52	黄连及其有效成分改善糖脂代谢异常仓鼠肠道-肠系膜功能的关联性研究	李凯鹏	河北医科大学	硕士	2024		59	原版阅读      CNKI AI阅读
53	自制抗体联合盐酸小檗碱对幽门螺旋杆菌的抑制作用	周露	河北医科大学	硕士	2024		70	原版阅读      CNKI AI阅读
54	PKC-β/p66Shc介导小檗碱联合阿霉素诱导甲状腺未分化癌细胞凋亡	李晨	河北医科大学	硕士	2024		14	原版阅读      CNKI AI阅读
55	基于IL-23/IL-17信号通路探讨黄连提取物小檗碱对强直性脊柱炎成纤维样滑膜细胞的影响	刘跃振	甘肃中医药大学	硕士	2024	1	206	原版阅读      CNKI AI阅读
56	当归六黄颗粒成型工艺、质量评价及其抗甲亢肾损伤作用机制研究	于前	长春中医药大学	硕士	2024		540	原版阅读      CNKI AI阅读
57	小檗碱通过Ptgs2抑制成纤维细胞增殖同时调控成骨细胞和成纤维细胞花生四烯酸代谢促进骨再生的机制研究	李天	中国医科大学	博士	2024		160	原版阅读      CNKI AI阅读
58	小檗碱-掺锰的白蛋白/明胶复合纳米凝胶用于大鼠痛风性关节炎的治疗研究	孙俊朋	锦州医科大学	硕士	2024		71	原版阅读      CNKI AI阅读
59	CCL2通过调节CCR2/PI3K/AKT/NF-κB信号通路影响糖尿病肾病巨噬细胞极化及小檗碱的作用研究	王蓉蓉	安徽医科大学	硕士	2024		259	原版阅读      CNKI AI阅读
60	奶牛体外胚胎生产和冷冻保存效果研究	任莹	河北工程大学	硕士	2023		81	原版阅读      CNKI AI阅读
61	卵腹康颗粒的制备及其对蛋鸡输卵管炎的药效学研究	杜维茂	四川农业大学	硕士	2023		77	原版阅读      CNKI AI阅读
62	盐酸小檗碱对高盐、高糖及高盐高糖环境线虫形态学及寿命的影响	徐婋	北京中医药大学	硕士	2023		246	原版阅读      CNKI AI阅读
63	白头翁口服液制备工艺及质量标准优化研究	韩汝硕	河北农业大学	硕士	2023		49	原版阅读      CNKI AI阅读
64	小檗碱调控脂噬改善糖尿病心肌病的机制研究	陈文贤	深圳大学	硕士	2023	1	80	原版阅读      CNKI AI阅读
65	小檗碱抑制心肌细胞焦亡改善糖尿病心肌病小鼠心脏功能	钟长生	深圳大学	硕士	2023		61	原版阅读      CNKI AI阅读
66	光动力疗法联合小檗碱对牙龈卟啉单胞菌的抑制作用及机制研究	李天甜	郑州大学	硕士	2023		12	原版阅读      CNKI AI阅读
67	小檗碱对脑出血的神经保护作用	王青丽	郑州大学	硕士	2023		4	原版阅读      CNKI AI阅读
68	小檗碱/软骨细胞/磷酸肌酸修饰壳聚糖水凝胶修复小鼠软骨缺损的实验研究	陈奕孝	遵义医科大学	硕士	2023		149	原版阅读      CNKI AI阅读
69	藻基炭/平板陶瓷膜电极活化PMS处理抗生素废水	朱筱钰	大连理工大学	硕士	2023		11	原版阅读      CNKI AI阅读
70	跑台运动联合小檗碱对代谢相关脂肪性肝病小鼠肠道菌群及肝脏脂肪酸β氧化的作用研究	张晓建	沈阳体育学院	硕士	2023		1	原版阅读      CNKI AI阅读
71	附子理中丸对伊立替康肠道毒性的保护作用及机制研究	罗菲	右江民族医学院	硕士	2023	1	294	原版阅读      CNKI AI阅读
72	基于改性明胶抗菌粘附水凝胶制备及性能研究	杜琬婷	大连理工大学	硕士	2023		24	原版阅读      CNKI AI阅读
73	二尖梅奇酵母拮抗菌和抑菌中药筛选及抑菌机理研究	曲鸽	沈阳农业大学	硕士	2023	3	383	原版阅读      CNKI AI阅读
74	小檗碱-壳聚糖温敏性水凝胶的制备及其对犬感染性骨缺损的治疗作用	宋淼	东北农业大学	博士	2023	2	1644	原版阅读      CNKI AI阅读
75	环境响应型载药体系的构建及其在植物病害防控中的研究	梁文龙	浙江大学	博士	2023	5	809	原版阅读      CNKI AI阅读
76	羟基吡啶酮偶联补骨脂乙素、小檗碱抗铜绿假单胞菌的研究	钟晓琳	暨南大学	硕士	2023		38	原版阅读      CNKI AI阅读
77	四氢小檗碱通过抑制铁死亡减轻叶酸引起的急性肾损伤	吴凡	暨南大学	硕士	2023		28	原版阅读      CNKI AI阅读
78	载盐酸小檗碱蜣螂壳聚糖微球的制备与评价	唐朝霞	西南科技大学	硕士	2024	2	1442	原版阅读      CNKI AI阅读
79	黄连中的多糖与小檗碱联用对慢性溃疡性结肠炎小鼠的治疗作用及机制研究	王雪梅	天津中医药大学	硕士	2023	1	791	原版阅读      CNKI AI阅读
80	基于电化学生物传感技术构建中药黄柏生物效应检测方法及其在质量评价中的应用研究	李婧荣	天津中医药大学	硕士	2023	1	346	原版阅读      CNKI AI阅读
81	从肠道微生物-SCFAs-脑轴角度探讨黄连主要成分盐酸小檗碱治疗抑郁症的作用机制研究	何媛媛	天津中医药大学	硕士	2023	1	431	原版阅读      CNKI AI阅读
82	盐酸小檗碱、阿莫西林、伏诺拉生三联疗法初次根除治疗幽门螺杆菌的有效性及安全性研究	陈沙沙	西安医学院	硕士	2023		171	原版阅读      CNKI AI阅读
83	高效抗菌薄膜的制备及其在食品包装中的应用	郭寒琼	天津科技大学	硕士	2023		288	原版阅读      CNKI AI阅读
84	盐酸小檗碱抗APEC感染鸡巨噬细胞的作用研究	石海涛	吉林大学	硕士	2023	1	450	原版阅读      CNKI AI阅读
85	基于GEO基因芯片探究小檗碱对结肠腺癌的影响	谭超	南昌大学	硕士	2023	1	284	原版阅读      CNKI AI阅读
86	小檗碱改善重复序列扩增障碍的机制研究及其固体分散体的制备	祝铭	长春中医药大学	硕士	2023	1	152	原版阅读      CNKI AI阅读
87	小檗碱/香芹酚复合温敏型壳聚糖水凝胶的制备及其治疗子宫内膜炎的效果观察	王鑫	东北农业大学	硕士	2023	1	793	原版阅读      CNKI AI阅读
88	小檗碱对猫小肠炎症损伤的保护作用	刘佳	东北农业大学	硕士	2023		213	原版阅读      CNKI AI阅读
89	盐酸小檗碱抑制铜绿假单胞菌及其生物膜的机制研究	刘青宇	湖南中医药大学	硕士	2023	2	1093	原版阅读      CNKI AI阅读
90	盐酸小檗碱纳米乳的制备及对干性AMD模型小鼠的作用研究	李方琴	江西中医药大学	硕士	2023	1	742	原版阅读      CNKI AI阅读
91	小檗碱与芍药苷经皮吸收相互作用机制及制剂学研究	邹佳	江西中医药大学	硕士	2023	2	608	原版阅读      CNKI AI阅读
92	中药单体联合抗菌药物对犊牛源大肠杆菌生物被膜形成的影响及其机制探究	宋晨	内蒙古农业大学	硕士	2023	5	809	原版阅读      CNKI AI阅读
93	黄连散的研制及其对黏菌素致小鼠肾损伤的保护作用	黄玲	广西大学	硕士	2023		152	原版阅读      CNKI AI阅读
94	中药活性成分代谢物-氧化小檗红碱的发现、合成及其抗高尿酸作用研究	钟林江	广州中医药大学	硕士	2023	2	414	原版阅读      CNKI AI阅读
95	岩藻多糖偶联的盐酸小檗碱脂质体的制备及其炎症靶向作用研究	刘露	四川农业大学	硕士	2023		528	原版阅读      CNKI AI阅读
96	抗桃流胶病菌植物源物质筛选及抑制作用初探	王星雨	华中农业大学	硕士	2023	1	133	原版阅读      CNKI AI阅读
97	小檗碱调节IR肝细胞外泌体miRNAs影响星形胶质细胞AQP4表达作用研究	郭梦情	天津中医药大学	硕士	2023	1	222	原版阅读      CNKI AI阅读
98	小檗碱转化菌株分离、功能酶分析及其应用工艺研究	史文倩	河北农业大学	硕士	2023		236	原版阅读      CNKI AI阅读
99	小檗碱通过靶向激活并修复自噬-溶酶体通路清除胞内H. pylori的机制研究	杨轶涵	南昌大学	博士	2023		953	原版阅读      CNKI AI阅读
100	基于TXNIP/NLRP3/GSDMD通路探讨小檗碱调节ox-LDL诱导内皮细胞焦亡的机制研究	于莉莉	河南中医药大学	硕士	2023		57	原版阅读      CNKI AI阅读	中文题名	作者	学位授予单位	数据库	学位授予年度	被引	下载	操作
51	基于p62/Keap1/Nrf2通路介导的铁死亡探讨盐酸小檗碱抗甲状腺未分化癌的作用机制研究	王艳	河北医科大学	硕士	2024		62	原版阅读      CNKI AI阅读
52	黄连及其有效成分改善糖脂代谢异常仓鼠肠道-肠系膜功能的关联性研究	李凯鹏	河北医科大学	硕士	2024		59	原版阅读      CNKI AI阅读
53	自制抗体联合盐酸小檗碱对幽门螺旋杆菌的抑制作用	周露	河北医科大学	硕士	2024		70	原版阅读      CNKI AI阅读
54	PKC-β/p66Shc介导小檗碱联合阿霉素诱导甲状腺未分化癌细胞凋亡	李晨	河北医科大学	硕士	2024		14	原版阅读      CNKI AI阅读
55	基于IL-23/IL-17信号通路探讨黄连提取物小檗碱对强直性脊柱炎成纤维样滑膜细胞的影响	刘跃振	甘肃中医药大学	硕士	2024	1	206	原版阅读      CNKI AI阅读
56	当归六黄颗粒成型工艺、质量评价及其抗甲亢肾损伤作用机制研究	于前	长春中医药大学	硕士	2024		540	原版阅读      CNKI AI阅读
57	小檗碱通过Ptgs2抑制成纤维细胞增殖同时调控成骨细胞和成纤维细胞花生四烯酸代谢促进骨再生的机制研究	李天	中国医科大学	博士	2024		160	原版阅读      CNKI AI阅读
58	小檗碱-掺锰的白蛋白/明胶复合纳米凝胶用于大鼠痛风性关节炎的治疗研究	孙俊朋	锦州医科大学	硕士	2024		71	原版阅读      CNKI AI阅读
59	CCL2通过调节CCR2/PI3K/AKT/NF-κB信号通路影响糖尿病肾病巨噬细胞极化及小檗碱的作用研究	王蓉蓉	安徽医科大学	硕士	2024		259	原版阅读      CNKI AI阅读
60	奶牛体外胚胎生产和冷冻保存效果研究	任莹	河北工程大学	硕士	2023		81	原版阅读      CNKI AI阅读
61	卵腹康颗粒的制备及其对蛋鸡输卵管炎的药效学研究	杜维茂	四川农业大学	硕士	2023		77	原版阅读      CNKI AI阅读
62	盐酸小檗碱对高盐、高糖及高盐高糖环境线虫形态学及寿命的影响	徐婋	北京中医药大学	硕士	2023		246	原版阅读      CNKI AI阅读
63	白头翁口服液制备工艺及质量标准优化研究	韩汝硕	河北农业大学	硕士	2023		49	原版阅读      CNKI AI阅读
64	小檗碱调控脂噬改善糖尿病心肌病的机制研究	陈文贤	深圳大学	硕士	2023	1	80	原版阅读      CNKI AI阅读
65	小檗碱抑制心肌细胞焦亡改善糖尿病心肌病小鼠心脏功能	钟长生	深圳大学	硕士	2023		61	原版阅读      CNKI AI阅读
66	光动力疗法联合小檗碱对牙龈卟啉单胞菌的抑制作用及机制研究	李天甜	郑州大学	硕士	2023		12	原版阅读      CNKI AI阅读
67	小檗碱对脑出血的神经保护作用	王青丽	郑州大学	硕士	2023		4	原版阅读      CNKI AI阅读
68	小檗碱/软骨细胞/磷酸肌酸修饰壳聚糖水凝胶修复小鼠软骨缺损的实验研究	陈奕孝	遵义医科大学	硕士	2023		149	原版阅读      CNKI AI阅读
69	藻基炭/平板陶瓷膜电极活化PMS处理抗生素废水	朱筱钰	大连理工大学	硕士	2023		11	原版阅读      CNKI AI阅读
70	跑台运动联合小檗碱对代谢相关脂肪性肝病小鼠肠道菌群及肝脏脂肪酸β氧化的作用研究	张晓建	沈阳体育学院	硕士	2023		1	原版阅读      CNKI AI阅读
71	附子理中丸对伊立替康肠道毒性的保护作用及机制研究	罗菲	右江民族医学院	硕士	2023	1	294	原版阅读      CNKI AI阅读
72	基于改性明胶抗菌粘附水凝胶制备及性能研究	杜琬婷	大连理工大学	硕士	2023		24	原版阅读      CNKI AI阅读
73	二尖梅奇酵母拮抗菌和抑菌中药筛选及抑菌机理研究	曲鸽	沈阳农业大学	硕士	2023	3	383	原版阅读      CNKI AI阅读
74	小檗碱-壳聚糖温敏性水凝胶的制备及其对犬感染性骨缺损的治疗作用	宋淼	东北农业大学	博士	2023	2	1644	原版阅读      CNKI AI阅读
75	环境响应型载药体系的构建及其在植物病害防控中的研究	梁文龙	浙江大学	博士	2023	5	809	原版阅读      CNKI AI阅读
76	羟基吡啶酮偶联补骨脂乙素、小檗碱抗铜绿假单胞菌的研究	钟晓琳	暨南大学	硕士	2023		38	原版阅读      CNKI AI阅读
77	四氢小檗碱通过抑制铁死亡减轻叶酸引起的急性肾损伤	吴凡	暨南大学	硕士	2023		28	原版阅读      CNKI AI阅读
78	载盐酸小檗碱蜣螂壳聚糖微球的制备与评价	唐朝霞	西南科技大学	硕士	2024	2	1442	原版阅读      CNKI AI阅读
79	黄连中的多糖与小檗碱联用对慢性溃疡性结肠炎小鼠的治疗作用及机制研究	王雪梅	天津中医药大学	硕士	2023	1	791	原版阅读      CNKI AI阅读
80	基于电化学生物传感技术构建中药黄柏生物效应检测方法及其在质量评价中的应用研究	李婧荣	天津中医药大学	硕士	2023	1	346	原版阅读      CNKI AI阅读
81	从肠道微生物-SCFAs-脑轴角度探讨黄连主要成分盐酸小檗碱治疗抑郁症的作用机制研究	何媛媛	天津中医药大学	硕士	2023	1	431	原版阅读      CNKI AI阅读
82	盐酸小檗碱、阿莫西林、伏诺拉生三联疗法初次根除治疗幽门螺杆菌的有效性及安全性研究	陈沙沙	西安医学院	硕士	2023		171	原版阅读      CNKI AI阅读
83	高效抗菌薄膜的制备及其在食品包装中的应用	郭寒琼	天津科技大学	硕士	2023		288	原版阅读      CNKI AI阅读
84	盐酸小檗碱抗APEC感染鸡巨噬细胞的作用研究	石海涛	吉林大学	硕士	2023	1	450	原版阅读      CNKI AI阅读
85	基于GEO基因芯片探究小檗碱对结肠腺癌的影响	谭超	南昌大学	硕士	2023	1	284	原版阅读      CNKI AI阅读
86	小檗碱改善重复序列扩增障碍的机制研究及其固体分散体的制备	祝铭	长春中医药大学	硕士	2023	1	152	原版阅读      CNKI AI阅读
87	小檗碱/香芹酚复合温敏型壳聚糖水凝胶的制备及其治疗子宫内膜炎的效果观察	王鑫	东北农业大学	硕士	2023	1	793	原版阅读      CNKI AI阅读
88	小檗碱对猫小肠炎症损伤的保护作用	刘佳	东北农业大学	硕士	2023		213	原版阅读      CNKI AI阅读
89	盐酸小檗碱抑制铜绿假单胞菌及其生物膜的机制研究	刘青宇	湖南中医药大学	硕士	2023	2	1093	原版阅读      CNKI AI阅读
90	盐酸小檗碱纳米乳的制备及对干性AMD模型小鼠的作用研究	李方琴	江西中医药大学	硕士	2023	1	742	原版阅读      CNKI AI阅读
91	小檗碱与芍药苷经皮吸收相互作用机制及制剂学研究	邹佳	江西中医药大学	硕士	2023	2	608	原版阅读      CNKI AI阅读
92	中药单体联合抗菌药物对犊牛源大肠杆菌生物被膜形成的影响及其机制探究	宋晨	内蒙古农业大学	硕士	2023	5	809	原版阅读      CNKI AI阅读
93	黄连散的研制及其对黏菌素致小鼠肾损伤的保护作用	黄玲	广西大学	硕士	2023		152	原版阅读      CNKI AI阅读
94	中药活性成分代谢物-氧化小檗红碱的发现、合成及其抗高尿酸作用研究	钟林江	广州中医药大学	硕士	2023	2	414	原版阅读      CNKI AI阅读
95	岩藻多糖偶联的盐酸小檗碱脂质体的制备及其炎症靶向作用研究	刘露	四川农业大学	硕士	2023		528	原版阅读      CNKI AI阅读
96	抗桃流胶病菌植物源物质筛选及抑制作用初探	王星雨	华中农业大学	硕士	2023	1	133	原版阅读      CNKI AI阅读
97	小檗碱调节IR肝细胞外泌体miRNAs影响星形胶质细胞AQP4表达作用研究	郭梦情	天津中医药大学	硕士	2023	1	222	原版阅读      CNKI AI阅读
98	小檗碱转化菌株分离、功能酶分析及其应用工艺研究	史文倩	河北农业大学	硕士	2023		236	原版阅读      CNKI AI阅读
99	小檗碱通过靶向激活并修复自噬-溶酶体通路清除胞内H. pylori的机制研究	杨轶涵	南昌大学	博士	2023		953	原版阅读      CNKI AI阅读
100	基于TXNIP/NLRP3/GSDMD通路探讨小檗碱调节ox-LDL诱导内皮细胞焦亡的机制研究	于莉莉	河南中医药大学	硕士	2023		57	原版阅读      CNKI AI阅读
	中文题名	作者	学位授予单位	数据库	学位授予年度	被引	下载	操作
101	基于JAK2/STAT3信号通路探讨小檗碱调节平滑肌细胞增殖迁移及表型转换的作用机制研究	周阳	河南中医药大学	硕士	2023		39	原版阅读      CNKI AI阅读
102	小檗碱-罗丹宁衍生物的合成及抗菌活性研究	朱磊	北京化工大学	硕士	2023		370	原版阅读      CNKI AI阅读
103	基于网络药理学和小胶质细胞活化探讨中药复方黄连汤防治吗啡耐受的分子机制研究	韩帅	青岛大学	硕士	2023	1	199	原版阅读      CNKI AI阅读
104	去亚甲基小檗碱对MPP+诱导的SH-SY5Y细胞的保护作用机制研究	朱天立	青岛大学	硕士	2023		171	原版阅读      CNKI AI阅读
105	新型共轭聚合物材料的合成及其在季铵型生物碱药物分析中的应用	金翩	山东大学	硕士	2023		160	原版阅读      CNKI AI阅读
106	基于Eu掺杂ZnS量子点对两种生物碱分子检测体系的构建及机理研究	吴伟	山西师范大学	硕士	2023		58	原版阅读      CNKI AI阅读
107	小檗碱治疗多囊卵巢综合征慢性炎症作用机制的研究	刘学思	济宁医学院	硕士	2023	1	196	原版阅读      CNKI AI阅读
108	介孔分子筛对不同性质植物活性成分吸附行为研究	徐肖飞	吉首大学	硕士	2023		105	原版阅读      CNKI AI阅读
109	消渴饮水组分复方体内药物分析及质量控制研究	童其林	华中科技大学	博士	2023		498	原版阅读      CNKI AI阅读
110	小檗碱对慢性肾衰竭大鼠的肾脏保护作用及机制研究	谢丹丹	济宁医学院	硕士	2023	1	210	原版阅读      CNKI AI阅读
111	小檗碱抑制肝脏缺氧和神经酰胺合成改善胰岛素抵抗的机制研究	夏青松	华中科技大学	博士	2023		262	原版阅读      CNKI AI阅读
112	交泰丸及其有效组分小檗碱调控cAMP/PKA/CREB信号通路改善糖尿病抑郁障碍的机制研究	唐悦恒	华中科技大学	博士	2023		599	原版阅读      CNKI AI阅读
113	小檗碱靶向AMPK维持线粒体稳态对糖尿病心肌病心肌损伤的保护作用及机制研究	莫苒	华中科技大学	博士	2023	1	597	原版阅读      CNKI AI阅读
114	金纳米团簇负载小檗碱通过介导巨噬细胞/小胶质细胞极化促进脊髓损伤修复的实验研究	周子鹏	辽宁中医药大学	博士	2023		636	原版阅读      CNKI AI阅读
115	小檗碱在甲状腺相关眼病中的潜在治疗作用及机制研究	刁嘉乐	中国人民解放军海军军医大学	博士	2023	1	278	原版阅读      CNKI AI阅读
116	条件性永生化小鼠足细胞系及体外足细胞损伤模型的建立	黄玉娇	北京中医药大学	硕士	2023			原版阅读      CNKI AI阅读
117	小檗碱联用水苏糖通过改变肠道菌群增强肥胖小鼠的瘦素敏感性	吴丹	中南大学	硕士	2023		141	原版阅读      CNKI AI阅读
118	不同运动方式结合小檗碱对T2D大鼠肝脏糖代谢的作用：FGF21的机制	胡继田	安徽师范大学	硕士	2023		40	原版阅读      CNKI AI阅读
119	原小檗碱类生物碱和染料掺杂碳点在聚集性蛋白检测中的应用研究	李利	华中科技大学	硕士	2023		131	原版阅读      CNKI AI阅读
120	基于脂滴相关蛋白探讨小檗碱改善非酒精性脂肪肝的机制	王宏展	华中科技大学	硕士	2023		144	原版阅读      CNKI AI阅读
121	基于网络药理学探究黄连治疗牙周炎的抗炎机制及维生素C的预防作用	李薇	贵州大学	硕士	2023		208	原版阅读      CNKI AI阅读
122	小檗碱通过调节GSK3β/β-catenin通路发挥抗肺癌作用	旦增旺姆（TENZIN Wangmu）	华中科技大学	硕士	2023		91	原版阅读      CNKI AI阅读
123	RRM2介导盐酸小檗碱调控乳腺癌细胞上皮间质转化的机制研究	何佳明	重庆医科大学	硕士	2023		52	原版阅读      CNKI AI阅读
124	小檗碱温敏水凝胶在牙周炎治疗中的作用及相关机制的研究	王畅	吉林大学	硕士	2023		922	原版阅读      CNKI AI阅读
125	小檗碱对高糖诱导视网膜血管内皮细胞铁死亡的抑制作用及机制	陈佳	南昌大学	硕士	2023	2	654	原版阅读      CNKI AI阅读
126	小檗碱通过FOXO3a/BIM信号通路对阿尔兹海默症的改善作用及机制研究	李浩然	吉林大学	硕士	2023	3	1217	原版阅读      CNKI AI阅读
127	基于数据挖掘的小檗碱治疗骨质疏松症的作用机制研究	喻锦铃	吉林大学	硕士	2023	1	293	原版阅读      CNKI AI阅读
128	小檗碱衍生物的设计合成与抗菌活性评价研究	张保琪	兰州大学	硕士	2023	2	769	原版阅读      CNKI AI阅读
129	内质网应激在糖尿病肾病中的作用及小檗碱的干预机制研究	王妍菲	蚌埠医学院	硕士	2023	1	181	原版阅读      CNKI AI阅读
130	小檗碱通过ROS-STAT3抑制类风湿关节炎成纤维样滑膜细胞自噬促进凋亡的作用及机制	宗世烨	蚌埠医学院	硕士	2023	1	399	原版阅读      CNKI AI阅读
131	原小檗碱类衍生物的设计，合成及协同抗鲍曼不动杆菌活性和抗肝纤维化活性研究	赵丽萍	北京协和医学院	硕士	2023	1	278	原版阅读      CNKI AI阅读
132	基于植物药成分自组装的小檗碱-多酚类化合物纳米粒的构建与评价	郑婷婷	北京协和医学院	硕士	2023	1	1320	原版阅读      CNKI AI阅读
133	抗大口黑鲈虹彩病毒的中草药筛选及小檗碱的活性研究	杨彬	西北农林科技大学	硕士	2023	2	435	原版阅读      CNKI AI阅读
134	小檗碱通过Nrf2/GSK3β通路诱导肝癌细胞死亡的机制研究	吴文龙	中国人民解放军空军军医大学	硕士	2023		362	原版阅读      CNKI AI阅读
135	黄连与延胡索中原小檗碱型生物碱“构-效-性”关系探究（一）	陈可点	北京中医药大学	硕士	2023		253	原版阅读      CNKI AI阅读
136	盐酸小檗碱抗菌复合水凝胶的研发	羊露	吉林农业大学	硕士	2023		843	原版阅读      CNKI AI阅读
137	基于PI3K/Akt信号通路探讨小檗碱调控自噬对LPS诱导巨噬细胞炎症反应的干预作用及机制	丁桃	江西中医药大学	硕士	2023	2	478	原版阅读      CNKI AI阅读
138	基于PI3K/Akt通路探讨小檗碱调控巨噬细胞自噬防治动脉粥样硬化机制	胥玉林	江西中医药大学	硕士	2023		379	原版阅读      CNKI AI阅读
139	大口黑鲈GSK3β基因研究及饲料中添加盐酸小檗碱对其生长、抗氧化能力及糖代谢的影响	蒋雪鸾	上海海洋大学	硕士	2023	1	204	原版阅读      CNKI AI阅读
140	PS-DVB材料的定向设计、合成及其在药物分子吸附中的应用研究	毕敏杰	鲁东大学	硕士	2023		216	原版阅读      CNKI AI阅读
141	小檗碱对脂多糖诱导损伤的小鼠原代神经元树突、突触的影响	舒天宇	湖北医药学院	硕士	2023		166	原版阅读      CNKI AI阅读
142	靶向NR1H3的抗肿瘤活性化合物筛选模型的建立及应用研究	王一萌	西南大学	硕士	2023		244	原版阅读      CNKI AI阅读
143	小檗碱靶向IGF2BP3抗结直肠癌机制研究	桂振威	西南大学	硕士	2023	3	267	原版阅读      CNKI AI阅读
144	盐酸小檗碱通过抑制Nrf2依赖性铁死亡减轻伊马替尼所致心脏毒性的体内外研究	宋成珠	西南大学	硕士	2023	2	384	原版阅读      CNKI AI阅读
145	8-十六烷基小檗碱对非酒精性脂肪肝炎的作用及其机制研究	何欢	西南大学	硕士	2023		287	原版阅读      CNKI AI阅读
146	利培酮介导青春期大鼠代谢紊乱及小檗碱的干预研究	杨潞	西南大学	硕士	2023		91	原版阅读      CNKI AI阅读
147	小檗碱在抑制炎症性肠病血栓形成中的作用及相关机制研究	张龙	河北医科大学	博士	2023		52	原版阅读      CNKI AI阅读
148	中药味连“辨色论质”初步研究	李杨松	成都中医药大学	硕士	2023		228	原版阅读      CNKI AI阅读
149	新型小檗碱衍生物的设计合成及其抗肿瘤活性研究	徐斌	常州大学	硕士	2023		221	原版阅读      CNKI AI阅读
150	运动与小檗碱对T2D大鼠肾脏炎症的影响：FGF1的作用及机制	朱港晨中	安徽师范大学	硕士	2023		55	原版阅读      CNKI AI阅读
	中文题名	作者	学位授予单位	数据库	学位授予年度	被引	下载	操作
151	小檗碱碳点合成及其对食源性致病菌抗菌性能研究	朱肖俊	合肥工业大学	硕士	2023		119	原版阅读      CNKI AI阅读
152	CoFe2O4/BiFeO3磁性纳米催化剂的制备及其催化降解盐酸小檗碱性能研究	翟天骄	兰州交通大学	硕士	2023		339	原版阅读      CNKI AI阅读
153	常见中药体外抗念珠菌药物敏感性筛选及抗感染作用机制研究	余宇	北京协和医学院	硕士	2023	3	322	原版阅读      CNKI AI阅读
154	钴掺杂的中空聚多巴胺用于阿霉素和小檗碱的递送和抗肿瘤研究	吴世龙	东北林业大学	硕士	2023		307	原版阅读      CNKI AI阅读
155	用于NO激光控释和小檗碱缓释水凝胶的抗菌抗肿瘤效果评价	姜宇	东北林业大学	硕士	2023		205	原版阅读      CNKI AI阅读
156	基于肠道菌群的中药药性解读及小檗碱降血脂作用机制研究	杨娅楠	北京协和医学院	硕士	2023	1	864	原版阅读      CNKI AI阅读
157	基于网络药理学研究小檗碱联合吉非替尼对肺癌的影响	胡元欣	西华师范大学	硕士	2023		228	原版阅读      CNKI AI阅读
158	羌药刷格痛风颗粒的制备工艺及质量控制研究	吉部肖情	西南民族大学	硕士	2023		275	原版阅读      CNKI AI阅读
159	基于网络药理学的复方双黄皮肤抑菌剂提取工艺、消毒效果及质量评价研究	何枭	重庆师范大学	硕士	2023		211	原版阅读      CNKI AI阅读
160	MTX-BBR可溶性微针的制备以及基于网络药理学研究MTX-BBR的作用机制	王晨	沈阳医学院	硕士	2023		201	原版阅读      CNKI AI阅读
161	小檗碱与维奈托克联用逆转急性白血病细胞获得性维奈托克耐药的作用评价	黄侨宗	安徽中医药大学	硕士	2023		172	原版阅读      CNKI AI阅读
162	盐酸小檗碱脂质体凝胶的制备及其对湿疹的初步药效学评价	王萌萌	安徽中医药大学	硕士	2023	4	1066	原版阅读      CNKI AI阅读
163	小檗碱通过FKBP5减轻脂肪组织巨噬细胞炎症抑制饮食性肥胖	叶竹青	安徽医科大学	硕士	2023		395	原版阅读      CNKI AI阅读
164	小檗碱通过AMPK/SIRT1途径改善酒精性脂肪肝的脂质代谢异常	朱琳	安徽医科大学	硕士	2023	1	588	原版阅读      CNKI AI阅读
165	小檗碱经由JAK2/STAT3通路抑制炎症修复脊髓损伤的研究	张雷	锦州医科大学	硕士	2023	1	132	原版阅读      CNKI AI阅读
166	盐酸小檗碱联合二甲双胍对肥胖或超重2型糖尿病患者肠源性GLP-1水平的影响	董栋	杭州师范大学	硕士	2023	1	159	原版阅读      CNKI AI阅读
167	小檗碱通过调节ROS和PI3K/AKT/mTOR通路激活自噬和凋亡发挥抗甲状腺未分化癌作用	时向哲	河北医科大学	硕士	2023		245	原版阅读      CNKI AI阅读
168	脂质代谢紊乱在肺动脉高压右室重构中的作用及小檗碱的干预研究	高娟	河北医科大学	硕士	2023		110	原版阅读      CNKI AI阅读
169	小檗碱介导自噬调控1,3-β-葡聚糖所致肺部炎症作用机制研究	邓伟	中国医科大学	硕士	2023		104	原版阅读      CNKI AI阅读
170	小檗碱的抗奶牛乳房炎机制研究	王文佳	华中农业大学	博士	2022	2	482	原版阅读      CNKI AI阅读
171	β-内酰胺类抗生素增效剂筛选及其消除E.coli耐药性研究	左丽	河北工程大学	硕士	2022	1	422	原版阅读      CNKI AI阅读
172	柚皮素—盐酸小檗碱共晶的制备、体外释药及掩味效果评价	王令令	河北农业大学	硕士	2022		79	原版阅读      CNKI AI阅读
173	miRNA-18a-5p/Samd3信号通路在小檗碱治疗川崎病冠状动脉损伤中的作用及机制研究	范雪	中国医科大学	博士	2022		656	原版阅读      CNKI AI阅读
174	青连宁心胶囊的抗心律失常作用及其药代动力学研究	李彦	山东中医药大学	硕士	2022		50	原版阅读      CNKI AI阅读
175	P2X7R/NLRP3介导小檗碱抗视网膜光损伤的机制研究	叶姗姗	中国中医科学院	博士	2022	2	701	原版阅读      CNKI AI阅读
176	源于天然源吴茱萸（次）碱和小檗碱的全新抗菌化学实体的设计合成与结构优化研究	杨程杰	兰州大学	博士	2022	1	876	原版阅读      CNKI AI阅读
177	3D打印技术应用于中药抗菌制剂的制备研究	陈晨	天津中医药大学	硕士	2022		107	原版阅读      CNKI AI阅读
178	去亚甲基小檗碱通过c-Myc/HIF-1α抗肺癌作用研究	刘丹丹	广州中医药大学	硕士	2022		38	原版阅读      CNKI AI阅读
179	氧化小檗碱对5-FU诱发小鼠肠黏膜炎的保护作用研究	黄荣蕾	广州中医药大学	硕士	2022		90	原版阅读      CNKI AI阅读
180	小檗碱改善慢性脑低灌注大鼠血管性认知障碍的机制研究	田悦	广州中医药大学	硕士	2022		93	原版阅读      CNKI AI阅读
181	盐酸小檗碱的生物效应研究	刘晨音	中南民族大学	硕士	2022		391	原版阅读      CNKI AI阅读
182	盐酸小檗碱抑制柑橘酸腐病菌孢子萌发的机制研究	余婷	湘潭大学	硕士	2022	1	129	原版阅读      CNKI AI阅读
183	小檗碱对高脂饮食诱导肥胖小鼠肠道L细胞GLP-1分泌的影响及机制研究	韦丽瑞	郑州大学	硕士	2022	1	445	原版阅读      CNKI AI阅读
184	白及多糖基水凝胶的制备、性能研究及在创面修复中的应用	王坤堂	天津中医药大学	硕士	2022	7	2221	原版阅读      CNKI AI阅读
185	载盐酸小檗碱-海藻酸钙微球的温敏凝胶直肠给药治疗溃疡性结肠炎的研究	唐杰	天津中医药大学	硕士	2022	7	1253	原版阅读      CNKI AI阅读
186	黄芩苷-小檗碱纳米晶口服吸收特性的研究	王继林	天津中医药大学	硕士	2022		1220	原版阅读      CNKI AI阅读
187	小檗碱通过调节miR-103a-3p/BRD4轴抑制β-catenin通路从而抑制细胞焦亡及肠黏膜屏障损伤	赵寻	贵州医科大学	硕士	2022	3	398	原版阅读      CNKI AI阅读
188	基于生物膜模型研究中药的体外抗感染效应	崔乃菠	天津中医药大学	硕士	2022	5	1055	原版阅读      CNKI AI阅读
189	铁调素及其激动剂对草鱼生长、免疫和肠道健康的影响	冯梦真	华中农业大学	硕士	2022		296	原版阅读      CNKI AI阅读
190	鞣花酸与小檗碱联用对早期断奶仔猪腹泻和肠道微生物的影响	杨文波	华中农业大学	硕士	2022	6	663	原版阅读      CNKI AI阅读
191	小檗碱和甘草查尔酮A对A型产气荚膜梭菌的侧枝敏感和交叉耐药性评价	陈惠	华中农业大学	硕士	2022	5	448	原版阅读      CNKI AI阅读
192	山新杨小檗碱桥酶PdPapBBE53基因功能研究	李嘉哲	东北林业大学	硕士	2022	1	206	原版阅读      CNKI AI阅读
193	小檗碱对沙门氏菌诱导的肠道炎症的影响及疗效观察	杨彤	新疆农业大学	硕士	2022	5	577	原版阅读      CNKI AI阅读
194	杂交链式反应在背包问题和逻辑运算中的应用	庞雪	安徽理工大学	硕士	2022	2	115	原版阅读      CNKI AI阅读
195	小檗碱增强吉西他滨在膀胱癌中的抗肿瘤作用及机制研究	高兴华	山东大学	博士	2022	4	703	原版阅读      CNKI AI阅读
196	基于PPAR-γ/HO-1通路探讨小檗碱对ox-LDL诱导下巨噬细胞极化的机制研究	李永林	河南中医药大学	硕士	2022	2	264	原版阅读      CNKI AI阅读
197	小檗碱拮抗成瘾药物的神经机制的研究	朱晨文	汕头大学	硕士	2022		131	原版阅读      CNKI AI阅读
198	超声二维斑点追踪技术评价盐酸小檗碱对大鼠左心室肥厚及收缩功能的影响	寇涂利	西南医科大学	硕士	2022	2	168	原版阅读      CNKI AI阅读
199	基于酿酒酵母细胞的药物载体制备与递送性能研究	侯佳男	大连理工大学	硕士	2022		579	原版阅读      CNKI AI阅读
200	具有ROS清除作用的水凝胶包裹小檗碱@NMOF促进糖尿病足创面愈合	胡晶晶	南方医科大学	硕士	2022	2	993	原版阅读      CNKI AI阅读
	中文题名	作者	学位授予单位	数据库	学位授予年度	被引	下载	操作
201	盐酸小檗碱缓释胶囊的制备及对糖尿病小鼠肠道菌群的影响	张欣	湖北中医药大学	硕士	2022		354	原版阅读      CNKI AI阅读
202	壮药陈皮主要成分橙皮素药物共晶的制备、生物利用度及其抑制胃癌细胞SGC-7901的研究	罗佳静	广西中医药大学	硕士	2022		15	原版阅读      CNKI AI阅读
203	基于酵母微囊的小檗碱口服递送系统用于治疗急性溃疡性结肠炎	冯星星	华中科技大学	硕士	2022		584	原版阅读      CNKI AI阅读
204	白藜芦醇共晶纳米体系的制备及性质研究	覃营	广西中医药大学	硕士	2022		11	原版阅读      CNKI AI阅读
205	小檗碱对血管性痴呆大鼠NLRP3/Caspase-1信号通路的影响	李强	天津医科大学	博士	2022		22	原版阅读      CNKI AI阅读
206	小檗碱对实验性结肠炎小鼠肠粘膜屏障的保护作用及治疗机制研究	董亚兰	华中科技大学	博士	2022	1	1114	原版阅读      CNKI AI阅读
207	黄连人参对药及其有效成分氧化小檗碱抑制肝脏糖异生治疗2型糖尿病的机制研究	吴凡	华中科技大学	博士	2022		604	原版阅读      CNKI AI阅读
208	基于吡啶炔的多样性合成研究	刘凯	华东师范大学	博士	2022		183	原版阅读      CNKI AI阅读
209	小檗碱中短链脂肪酸盐与小檗碱-瓜环复合物的制备及抗癌活性研究	许凤姣	湖南师范大学	硕士	2022		2	原版阅读      CNKI AI阅读
210	小檗碱对饲喂高脂饲料珍珠龙胆石斑鱼生长、免疫、脂代谢和肠道菌群的影响	时慧中	海南大学	硕士	2022		66	原版阅读      CNKI AI阅读
211	基于胰岛5-HT系统探讨交泰丸及主要成分小檗碱治疗2型糖尿病的机制	韩洪翠	北京中医药大学	硕士	2022	1	55	原版阅读      CNKI AI阅读
212	阳离子化和硒化中药麦冬多糖治疗炎症性肠病的研究	杨文娜	天津大学	硕士	2022		124	原版阅读      CNKI AI阅读
213	超分子中药纳米复合物BBR/CGA的制备及其抑制金黄色葡萄球菌的研究	李意	南京农业大学	硕士	2022		250	原版阅读      CNKI AI阅读
214	新型相转化法制备小檗碱纳米晶体及其药代动力学研究	周剑雄	天津大学	硕士	2022		116	原版阅读      CNKI AI阅读
215	产小檗碱黄连内生真菌的分离及抑菌活性研究	杨慧	西南交通大学	硕士	2022		182	原版阅读      CNKI AI阅读
216	四种红色荧光碳点的制备及其在药物分析中的应用	訾燕	湖南科技大学	硕士	2022		194	原版阅读      CNKI AI阅读
217	不同基质金黄膏质量评价及抑菌作用的研究	董浩宇	内蒙古医科大学	硕士	2022		170	原版阅读      CNKI AI阅读
218	以小檗碱为阳离子的药物盐理化性质及其与生物小分子的相互作用	孙梦	郑州大学	硕士	2022		118	原版阅读      CNKI AI阅读
219	钯催化亚胺α-C-H芳基化-酰胺化串联反应构建原小檗碱骨架	李少峰	郑州大学	硕士	2022		59	原版阅读      CNKI AI阅读
220	基于不同温度影响的黄连整体质量评价研究	王丹	北京中医药大学	硕士	2022	2	410	原版阅读      CNKI AI阅读
221	小檗碱磷脂固体分散体的制备、体内降糖药效及机制研究	童帅	华中科技大学	硕士	2022		265	原版阅读      CNKI AI阅读
222	从黄连下脚料中“酶解-超声”联合提取黄连素研究	钱茂升	河南科技大学	硕士	2022	2	331	原版阅读      CNKI AI阅读
223	基于与肠道菌群相互作用的小檗碱“药辅合一”递送系统的构建与评价	吴晨阳	北京协和医学院	硕士	2022	1	815	原版阅读      CNKI AI阅读
224	小檗碱水飞蓟宾药物联用治疗非酒精性脂肪性肝病研究	余孝游	北京协和医学院	硕士	2022	1	524	原版阅读      CNKI AI阅读
225	黄连总生物碱与三七总皂苷组合物药代动力学研究	牛津津	吉林大学	硕士	2022	1	1191	原版阅读      CNKI AI阅读
226	核酸外切酶Ⅰ辅助信号放大的功能核酸荧光法检测汞离子和铅离子	刘凯	吉林大学	硕士	2022		447	原版阅读      CNKI AI阅读
227	小檗碱对钙盐诱导的主动脉瓣膜间质细胞成骨转变的作用及机制研究	黄琴	重庆医科大学	硕士	2022		112	原版阅读      CNKI AI阅读
228	小檗碱通过lincROR/miR-145/Wnt/β-catenin信号轴抑制结直肠癌的增殖功能研究	李石英	南方医科大学	硕士	2022	3	189	原版阅读      CNKI AI阅读
229	小檗碱改性羧甲基纤维素的制备及应用	陈珍珍	郑州大学	硕士	2022		160	原版阅读      CNKI AI阅读
230	松香基高分子液相色谱柱分离岩黄连中生物碱及保留机理研究	张成	广西民族大学	硕士	2022	1	230	原版阅读      CNKI AI阅读
231	表小檗碱的全合成及其抗幽门螺杆菌的作用研究	谢欣睿	西南大学	硕士	2022		45	原版阅读      CNKI AI阅读
232	表小檗碱对非酒精性脂肪肝炎的改善作用及其机制研究	周黎明	西南大学	硕士	2022		52	原版阅读      CNKI AI阅读
233	镱、锌金属有机框架的电化学发光性质及其在生化药物分析中的应用	王小燕	西南大学	硕士	2022	2	409	原版阅读      CNKI AI阅读
234	8-辛基小檗碱抗幽门螺杆菌作用研究及胃漂浮片的制备	袁佳	西南大学	硕士	2022		46	原版阅读      CNKI AI阅读
235	载盐酸小檗碱聚天冬氨酸水凝胶促糖尿病创面修复研究	薄云逸	河北中医学院	硕士	2022		109	原版阅读      CNKI AI阅读
236	Trib1调节棕色脂肪能量代谢的分子机制及小檗碱干预作用研究	张雪涟	北京协和医学院	博士	2022	1	1373	原版阅读      CNKI AI阅读
237	改善胰岛素抵抗的小檗碱探针分子合成及DNA兼容的光氧化还原脱氨基烷基化反应研究	沈芋蓉	成都中医药大学	硕士	2022		97	原版阅读      CNKI AI阅读
238	小檗碱调控肿瘤乏氧微环境抑制乳腺癌生长和转移机制研究	高小炎	浙江理工大学	硕士	2022	3	185	原版阅读      CNKI AI阅读
239	提高小檗碱抗肿瘤性能的铋基纳米载体的制备与效果评价	赵婷婷	东北林业大学	硕士	2022		224	原版阅读      CNKI AI阅读
240	小檗碱及其纳米制剂的生物活性研究	容爽	西南大学	硕士	2022	2	620	原版阅读      CNKI AI阅读
241	中药模拟溶液超滤过程的膜污染解析及分离机制研究	张云	南京中医药大学	硕士	2022	4	385	原版阅读      CNKI AI阅读
242	中药提取液喷雾干燥过程中的多组分径向相分离现象及其调控	韩星星	南京中医药大学	硕士	2022	1	427	原版阅读      CNKI AI阅读
243	多孔聚合物及其衍生物对盐酸小檗碱的释放及催化研究	魏奋	广东药科大学	硕士	2022		77	原版阅读      CNKI AI阅读
244	关黄柏质量评价及其抗类风湿性关节炎活性研究	冯媛	河北中医学院	硕士	2022		93	原版阅读      CNKI AI阅读
245	黄芩苷-小檗碱联用对伊立替康诱导的化疗性肠炎的保护作用研究	徐坠成	南京中医药大学	硕士	2022	2	704	原版阅读      CNKI AI阅读
246	超声分层应变评价大鼠心肌肥厚模型左心室收缩功能变化	罗浩柔	电子科技大学	硕士	2022		134	原版阅读      CNKI AI阅读
247	小檗碱通过干扰野生型/突变型p53和TGF-β1/COL11A1通路抗胶质瘤的机制研究	刘自强	吉林大学	博士	2022	4	519	原版阅读      CNKI AI阅读
248	阿霉素联合小檗碱对甲状腺未分化癌细胞的影响及其机制的研究	赵升	河北医科大学	硕士	2022	1	122	原版阅读      CNKI AI阅读
249	盐酸小檗碱对三阴性乳腺癌MDA-MB-231细胞生长抑制作用及其机制研究	秦田	贵州医科大学	硕士	2022		234	原版阅读      CNKI AI阅读
250	盐酸小檗碱与芳香酸共晶及盐的制备和性质研究	高紫尧	上海工程技术大学	硕士	2022		66	原版阅读      CNKI AI阅读
	中文题名	作者	学位授予单位	数据库	学位授予年度	被引	下载	操作
251	LncRNA LOC102549726促进糖尿病肾病足细胞EMT和凋亡及小檗碱的作用研究	吴昊	安徽医科大学	硕士	2022		266	原版阅读      CNKI AI阅读
252	基于芴环共轭聚电解质对苯基衍生物的荧光传感性能研究	刘文宇	哈尔滨工程大学	硕士	2022		42	原版阅读      CNKI AI阅读
253	黄连碱抗幽门螺杆菌活性及其机制研究	刘妍	西南大学	硕士	2021		279	原版阅读      CNKI AI阅读
254	小檗碱对APP/PS1小鼠认知功能影响的分子机制研究	吴月	华中科技大学	博士	2021		421	原版阅读      CNKI AI阅读
255	小檗碱缓解棕榈酸诱导神经细胞铁死亡的作用机制研究	孙梨	湖北民族大学	硕士	2021	1	647	原版阅读      CNKI AI阅读
256	白头翁汤及主要成分抗溃疡性结肠炎的作用和机制研究	韩倩	华南理工大学	硕士	2021	2	565	原版阅读      CNKI AI阅读
257	冬柏通淋颗粒的药学及主要药效学研究	陈琼	成都中医药大学	硕士	2021	3	581	原版阅读      CNKI AI阅读
258	生理和心肌肥厚状态下小檗碱对成年大鼠心肌细胞钙调控的机制研究	赵军利	西南大学	博士	2021	1	538	原版阅读      CNKI AI阅读
259	盐酸小檗碱在弥漫大B细胞淋巴瘤中抗肿瘤作用及机制研究	任帅	山东大学	博士	2021	1	598	原版阅读      CNKI AI阅读
260	盐酸小檗碱外用对糖尿病创面愈合的作用及机制研究	马骥	南京中医药大学	博士	2021	12	1977	原版阅读      CNKI AI阅读
261	代表性天然活性成分磁衍生化和磁分离技术应用初步探究	冯雪婷	四川大学	博士	2021		53	原版阅读      CNKI AI阅读
262	黄颡鱼Hepcidin调节铁代谢对维氏气单胞菌生长的影响	付曼荃	华中农业大学	硕士	2021	3	305	原版阅读      CNKI AI阅读
263	不同介孔生物玻璃作为创面敷料材料的性能研究	林煜城	暨南大学	硕士	2021		215	原版阅读      CNKI AI阅读
264	黄连活性成分小檗碱抗胰腺癌及其分子靶标研究	刘一凡	上海中医药大学	硕士	2021		122	原版阅读      CNKI AI阅读
265	小檗碱对胶质瘤细胞的影响及其机制的研究	郝佳琪	山西医科大学	硕士	2021	1	305	原版阅读      CNKI AI阅读
266	基于NF-κB炎症信号通路研究小檗碱抗动脉粥样硬化的作用机制	张敏	中国中医科学院	硕士	2021	8	1180	原版阅读      CNKI AI阅读
267	胸腺素β4协同小檗碱抗胃溃疡炎症效应研究	孙旭	哈尔滨商业大学	硕士	2021		130	原版阅读      CNKI AI阅读
268	盐酸小檗碱对小鼠UUO模型诱导的肾脏纤维化的保护作用及其相关机制研究	高智宏	山西医科大学	硕士	2021	4	440	原版阅读      CNKI AI阅读
269	金龟子绿僵菌和小檗碱复配及其可湿性粉剂和水分散粒剂的制备	杨肖	北京化工大学	硕士	2021	9	770	原版阅读      CNKI AI阅读
270	小檗碱抑制桃褐腐病菌的作用靶标鉴定	孙忠义	北京化工大学	硕士	2021		432	原版阅读      CNKI AI阅读
271	柏苓颗粒提取工艺优化和对急性痛风性关节炎大鼠的药效及机制研究	杨阳	华侨大学	硕士	2021		16	原版阅读      CNKI AI阅读
272	甘草次酸（GA）对饲喂高脂日粮斑点叉尾鮰生长和脂代谢的影响	HESHAM EED SAAD DESOUKY	南京农业大学	博士	2021		92	原版阅读      CNKI AI阅读
273	小檗碱通过调控肠道菌群治疗多囊卵巢综合征的机制研究	李改玲	郑州大学	博士	2021	1	482	原版阅读      CNKI AI阅读
274	小檗碱在心脏外科术后早期预防新发房颤的作用及机制研究	王洋	辽宁中医药大学	博士	2021	6	336	原版阅读      CNKI AI阅读
275	奶牛瘤胃细菌脲酶结构蛋白的分子特征及其活性抑制机制	贺越	中国农业科学院	硕士	2021		36	原版阅读      CNKI AI阅读
276	黄柏及小檗碱对高脂诱导棕点石斑鱼脂肪肝改善作用的研究	田亮金	海南大学	硕士	2021	1	212	原版阅读      CNKI AI阅读
277	盐酸小檗碱对多重耐药鲍曼不动杆菌复敏增效的机制研究	李晓波	天津大学	硕士	2021	1	196	原版阅读      CNKI AI阅读
278	小檗碱联合顺铂对骨肉瘤MG-63细胞发挥协同抗肿瘤作用的研究	高贤娴	吉林大学	硕士	2021	4	444	原版阅读      CNKI AI阅读
279	小檗碱对卵清蛋白诱导的过敏性结膜炎的保护作用及机制研究	张宸	吉林大学	硕士	2021	1	438	原版阅读      CNKI AI阅读
280	小檗碱通过TLR4信号通路调控血管紧张素Ⅱ诱导的ANA-1细胞炎性应答	高德兴	福建中医药大学	硕士	2021	1	197	原版阅读      CNKI AI阅读
281	黄白温敏型原位凝胶的研制与体内外评价	刘水婷	江西中医药大学	硕士	2021	1	908	原版阅读      CNKI AI阅读
282	基于近红外光谱技术的中药制药工艺终点判断方法研究	吴思俊	天津中医药大学	硕士	2021	10	941	原版阅读      CNKI AI阅读
283	三黄壳聚糖微球凝胶的制备及药效学初步考察	廖飞	黑龙江中医药大学	硕士	2021	4	869	原版阅读      CNKI AI阅读
284	电纺制备含蒙药纳米纤维及其性能和成分分析	斯钦胡斯乐	内蒙古工业大学	硕士	2021		92	原版阅读      CNKI AI阅读
285	川黄柏Pc(S)-THBO基因的克隆及功能研究	孙文恺	中南林业科技大学	硕士	2021	3	228	原版阅读      CNKI AI阅读
286	氧化小檗碱对急性肺损伤小鼠保护作用的研究	陈宝怡	广州中医药大学	硕士	2021	3	624	原版阅读      CNKI AI阅读
287	小檗碱激活Nrf2通路降低炎症反应改善2型糖尿病小鼠认知功能	刘嘉琦	华北理工大学	硕士	2021	2	362	原版阅读      CNKI AI阅读
288	小檗碱对葡聚糖硫酸钠诱导的小鼠肠炎的治疗效果与机制	徐晓帆	华中农业大学	硕士	2021	8	953	原版阅读      CNKI AI阅读
289	小檗碱对沙门氏菌Ⅰ型菌毛及其细菌生物膜的抑制作用	续晨冉	湖南师范大学	硕士	2021	10	741	原版阅读      CNKI AI阅读
290	小檗碱和EDTA协同逆转细菌对黏菌素耐药性的分子机制	刘小康	河南农业大学	硕士	2021	9	310	原版阅读      CNKI AI阅读
291	小檗碱对流感病毒导致肺肠损伤的保护作用及其机制的研究	南亚楠	北京中医药大学	硕士	2021	2	380	原版阅读      CNKI AI阅读
292	小檗碱联合美沙拉嗪对轻中度E1、E2型UC炎症指标、免疫指标及临床疗效的影响	朱佳丽	河北大学	硕士	2021		121	原版阅读      CNKI AI阅读
293	抗炎单药智能递送体系的构建及在炎症性肠病（IBD）模型中的活性评价	杜雪营	北京化工大学	硕士	2021		315	原版阅读      CNKI AI阅读
294	小檗碱在甲状腺乳头状癌中的作用及机制	朱梓依	湖北中医药大学	硕士	2021	4	229	原版阅读      CNKI AI阅读
295	手性三螺旋结构β-葡聚糖自组装药物载体的研究	黄锦涛	广东药科大学	硕士	2021	1	457	原版阅读      CNKI AI阅读
296	黄连主要小分子初级代谢产物对盐酸小檗碱药动学的影响及机制研究	赵婧	上海中医药大学	硕士	2021		142	原版阅读      CNKI AI阅读
297	半夏泻心颗粒的药学研究	王微微	上海中医药大学	硕士	2021		518	原版阅读      CNKI AI阅读
298	基于小檗碱二聚体构建靶向乳腺癌进行光热/光动力协同治疗的纳米复合物及抗癌活性研究	杨梓川	南方医科大学	硕士	2021		498	原版阅读      CNKI AI阅读
299	泻火坚阴中药黄柏主要成分抑制小鼠肾上腺皮质瘤细胞皮质酮生成的研究	谢海纳	上海中医药大学	硕士	2021	1	75	原版阅读      CNKI AI阅读
300	小檗碱联合肉桂醛对脂肪细胞糖代谢的影响	张力文	上海中医药大学	硕士	2021		85	原版阅读      CNKI AI阅读
	中文题名	作者	学位授予单位	数据库	学位授予年度	被引	下载	操作
301	胡芦巴丸化裁方及有效成分小檗碱治疗糖尿病肾脏病保护足细胞的机制研究	秦鑫	华中科技大学	博士	2021		251	原版阅读      CNKI AI阅读
302	小檗碱通过调节肠道菌群对雌性去卵巢大鼠焦虑样行为和代谢异常的影响	房远	北京大学医学部	博士	2021	3	502	原版阅读      CNKI AI阅读
303	小檗碱通过调控AMPK/Nrf2通路减轻代谢相关脂肪性肝病程序性坏死的机制研究	郝明月	天津医科大学	硕士	2021		26	原版阅读      CNKI AI阅读
304	罗格列酮与小檗碱药物共晶体的研究和罗格列酮衍生物的制备及表征	官晓书	重庆医科大学	硕士	2021		412	原版阅读      CNKI AI阅读
305	小檗碱联合阿霉素对三阴性乳腺癌细胞增殖迁移的影响	李翀瑶	贵州医科大学	硕士	2021	1	212	原版阅读      CNKI AI阅读
306	小檗碱对黑素瘤体内动物实验的作用研究	贾敏鑫	内蒙古医科大学	硕士	2021		90	原版阅读      CNKI AI阅读
307	MRSA感染性创面菌群特征及Nisin联合盐酸小檗碱对MRSA抗菌作用	许素琪	湖南师范大学	硕士	2021	1	227	原版阅读      CNKI AI阅读
308	盐酸小檗碱对采后柑橘指状青霉和酸腐病菌的抑菌机理初探	林波	湘潭大学	硕士	2021	5	364	原版阅读      CNKI AI阅读
309	黄连肉苁蓉及其中药单体抗脑老化的分子机制研究	胡周	北京中医药大学	硕士	2021	4	350	原版阅读      CNKI AI阅读
310	黄连潜在分布区预测及影响其质量形成关键环境因子分析	李君君	成都中医药大学	硕士	2021	3	401	原版阅读      CNKI AI阅读
311	小檗碱干预下3T3L1细胞脂肪分化过程中miRNA的表达分析及靶基因预测研究	张子玥	南京医科大学	硕士	2021		121	原版阅读      CNKI AI阅读
312	黄连生物碱抗氧化活性及银杏酚酸抗肿瘤活性研究	毛婷婷	扬州大学	硕士	2021	5	631	原版阅读      CNKI AI阅读
313	基于IGF1R/PI3K/GSK3β通路探讨表小檗碱改善糖尿病脑病的作用机制	李春明	西南大学	硕士	2021	1	240	原版阅读      CNKI AI阅读
314	小檗碱的微生物转化及其酶学机制研究	郑守豪	西南大学	硕士	2021	2	383	原版阅读      CNKI AI阅读
315	香连丸治疗抗生素相关性腹泻及机制研究	杨璐嘉	西南大学	硕士	2021	2	358	原版阅读      CNKI AI阅读
316	左金胶囊制剂工艺优化及其抗幽门螺杆菌作用研究	来智慧	西南大学	硕士	2021		140	原版阅读      CNKI AI阅读
317	黄连活性成分小檗碱通过IL-6/JAK2/STAT3信号通路抑制胃癌的生长及其机制研究	任力	西南大学	硕士	2021	6	278	原版阅读      CNKI AI阅读
318	表小檗碱抗胃癌的作用及机制研究	余敏	西南大学	硕士	2021	5	233	原版阅读      CNKI AI阅读
319	小檗碱靶向IGF2BP3抗结直肠癌活性及其机制研究	张雅儒	西南大学	硕士	2021	3	189	原版阅读      CNKI AI阅读
320	表小檗碱对糖尿病肾病的改善作用及其机制研究	肖亚平	西南大学	博士	2021	1	294	原版阅读      CNKI AI阅读
321	蛇黄凝胶制备工艺与质量标准研究	田斌	成都中医药大学	硕士	2021	2	494	原版阅读      CNKI AI阅读
322	大黄素小檗碱双载药壳聚糖纳米粒的初步研究	谢青璇	成都中医药大学	硕士	2021		685	原版阅读      CNKI AI阅读
323	聚苯胺衍生的纳米材料对盐酸小檗碱的释放与电催化研究	赵长浩	广东药科大学	硕士	2021		104	原版阅读      CNKI AI阅读
324	盐酸小檗碱吸入制剂的制备及其治疗呼吸道金黄色葡萄球菌感染的研究	孟治平	南京中医药大学	硕士	2021	8	660	原版阅读      CNKI AI阅读
325	小檗碱对阿霉素肾病大鼠的肾脏保护作用及机制研究	李吉镇	济宁医学院	硕士	2021	4	160	原版阅读      CNKI AI阅读
326	基于TAS2R38探究小檗碱治疗溃疡性结肠炎的分子机制	陈昺伃	南京中医药大学	博士	2021	8	1496	原版阅读      CNKI AI阅读
327	2型糖尿病患者血清IL-1β水平的相关因素分析及三黄汤抑制NLRP3炎症小体的机制初探	周若楠	南京中医药大学	硕士	2021	1	314	原版阅读      CNKI AI阅读
328	盐酸小檗碱抑制肺成纤维细胞转分化的机制研究	顾丽娜	南京中医药大学	硕士	2021	2	242	原版阅读      CNKI AI阅读
329	二妙散有效成分对脂多糖诱导BV2小胶质细胞炎性活化的影响及清热健脾祛湿法治疗多发性硬化Meta分析	易慧敏	南京中医药大学	硕士	2021	2	378	原版阅读      CNKI AI阅读
330	甲苯咪唑和盐酸小檗碱在异育银鲫中的药代动力学特征及盐酸小檗碱对鲤疱疹病毒Ⅱ型感染的抑制作用	苏美珍	上海海洋大学	硕士	2021	3	183	原版阅读      CNKI AI阅读
331	小檗碱和叶酸修饰的脑靶向脂质体配体的设计、合成与初步靶向性评价	刘启俊	四川大学	硕士	2021		160	原版阅读      CNKI AI阅读
332	小檗碱通过调节葡萄糖转运体对糖尿病肾病小鼠肾脏保护作用的机制研究	关锡梅	安徽中医药大学	硕士	2021	2	243	原版阅读      CNKI AI阅读
333	盐酸小檗碱对急性脑梗死患者CXC趋化因子配体16、白细胞介素33及预后的影响	高倩	承德医学院	硕士	2021	1	86	原版阅读      CNKI AI阅读
334	盐酸小檗碱对急性脑梗死患者Vaspin、瘦素的影响及其临床应用价值	宋天娇	承德医学院	硕士	2021		65	原版阅读      CNKI AI阅读
335	糖尿病肾病足细胞源外泌体促进系膜细胞损伤的机制及小檗碱的作用	胡亚琴	安徽医科大学	硕士	2021	2	342	原版阅读      CNKI AI阅读
336	小檗碱-M2型巨噬细胞来源的外泌体在脊髓损伤治疗中的应用	高占山	锦州医科大学	硕士	2021	2	468	原版阅读      CNKI AI阅读
337	负载小檗碱的外泌体对阿尔茨海默症小鼠的神经保护作用及机制研究	李公哲	锦州医科大学	硕士	2021	4	650	原版阅读      CNKI AI阅读
338	小檗碱对糖尿病肾病足细胞保护作用及对长链非编码RNA的初步调节作用研究	汪佳佳	安徽医科大学	硕士	2021	2	195	原版阅读      CNKI AI阅读
339	白头翁汤正丁醇提取物改善VVC小鼠阴道黏膜屏障及主要组分小檗碱抑制白念珠菌黏附阴道上皮的作用研究	赵婷	安徽中医药大学	硕士	2021	2	438	原版阅读      CNKI AI阅读
340	小檗碱激活AMPK/SIRT1通路去乙酰化调控PPARγ促进脂肪组织棕色化及产热机制研究	徐樱溪	中国医科大学	博士	2021	10	2035	原版阅读      CNKI AI阅读
341	盐酸小檗碱与脂肪族二羧酸共晶的制备与性质研究	王礼丽	上海工程技术大学	硕士	2021		349	原版阅读      CNKI AI阅读
342	稠杂环化合物的构建及其抗癌活性研究	江训金	厦门大学	博士	2020		151	原版阅读      CNKI AI阅读
343	盐酸小檗碱对AGEs介导下人牙周膜干细胞成骨分化的作用机制研究	张丽娜	山东大学	博士	2020	1	841	原版阅读      CNKI AI阅读
344	男性代谢状况与骨密度的关系及小檗碱对肥胖雄性大鼠骨代谢的影响	王燕	山东大学	博士	2020	2	316	原版阅读      CNKI AI阅读
345	复方黄柏凝胶特征图谱建立及相关质量评价研究	任松鹏	山东大学	硕士	2020	6	754	原版阅读      CNKI AI阅读
346	亚洲玉米螟几丁质酶OfChi-h的晶体结构与活性抑制	陈磊	大连理工大学	博士	2020		445	原版阅读      CNKI AI阅读
347	盐酸小檗碱片联合二甲双胍治疗对2型糖尿病周围神经病变腓肠神经最大厚度和8-OHdG的影响	杨昕	南华大学	硕士	2020		134	原版阅读      CNKI AI阅读
348	小檗碱对脂肪乳引起的胰岛素抵抗的改善作用及其机制研究	董振华	山东大学	博士	2020		519	原版阅读      CNKI AI阅读
349	基于核受体-CYP450/OATPs通路研究小檗碱对调血脂药代谢和转运的调控作用及分子学机制	刘名义	南昌大学	博士	2020		922	原版阅读      CNKI AI阅读
350	小檗碱及其代谢产物改善胰岛素抵抗作用及机制研究	曲明	天津中医药大学	硕士	2020	1	97	原版阅读      CNKI AI阅读
	中文题名	作者	学位授予单位	数据库	学位授予年度	被引	下载	操作
351	中药活性物质毛细管电泳筛选及挥发性成分涡旋辅助基质固相分散提取技术研究	刘涛	天津中医药大学	硕士	2020	1	322	原版阅读      CNKI AI阅读
352	抗炎单药的智能响应性纳米载药系统的构建及活性评价	沈翠云	北京化工大学	硕士	2020		517	原版阅读      CNKI AI阅读
353	小檗碱纳米乳口服给药系统的构建及体内外评价	王婷	山东中医药大学	硕士	2020	2	446	原版阅读      CNKI AI阅读
354	嘌呤信号P2X7R在小檗碱缓解小鼠慢性视网膜光损伤的动态变化研究	戴乐舒	中国中医科学院	硕士	2020	1	165	原版阅读      CNKI AI阅读
355	经典名方半夏泻心汤制备工艺及质量标准研究	孙博	哈尔滨商业大学	硕士	2020	1	789	原版阅读      CNKI AI阅读
356	小檗碱对两种重要植物病原真菌的抑制作用及其烟剂的研制	刘金蓉	北京化工大学	硕士	2020	2	399	原版阅读      CNKI AI阅读
357	外翻肠囊法研究黄连吴茱萸类方不同配比的肠吸收机制	王旭	哈尔滨商业大学	硕士	2020	3	289	原版阅读      CNKI AI阅读
358	和厚朴酚线粒体靶向衍生物的合成与抗肿瘤活性研究	史晓佳	山东大学	硕士	2020	3	527	原版阅读      CNKI AI阅读
359	κ-卡拉胶基创面敷料的制备及性能研究	潘志成	暨南大学	硕士	2020	3	510	原版阅读      CNKI AI阅读
360	计算机模拟辅助筛选植物碱类防霉剂的研究	许云朗	华南理工大学	硕士	2020		259	原版阅读      CNKI AI阅读
361	四妙丸及其主要成分小檗碱对RA及ILD的治疗及机制研究	汪会	华中科技大学	博士	2020	5	443	原版阅读      CNKI AI阅读
362	基于信号放大策略的免标记多功能核酸适配体传感体系构筑及其分析应用	兰艺凤	山西大学	博士	2020	4	810	原版阅读      CNKI AI阅读
363	黄芩苷-小檗碱复合物纳米混悬剂的的制备及评价	马旭彤	天津中医药大学	硕士	2020		330	原版阅读      CNKI AI阅读
364	盐酸小檗碱新方案和益生菌根除幽门螺杆菌的临床研究	张剑	中国人民解放军空军军医大学	硕士	2020	2	130	原版阅读      CNKI AI阅读
365	小檗碱通过PI3K/AKT信号通路调控鼻咽癌CNE2细胞迁移的实验研究	彭雅怡	湖南中医药大学	硕士	2020		78	原版阅读      CNKI AI阅读
366	医疗机构制剂抗瘤增效颗粒药学研究	吴阳阳	上海中医药大学	硕士	2020		260	原版阅读      CNKI AI阅读
367	小檗碱靶向FABPs调节脂肪酸代谢抑制肿瘤生长的分子机制研究	李灵丽	华中科技大学	硕士	2020	3	190	原版阅读      CNKI AI阅读
368	高糖与光敏活性氧自由基诱导血管内皮细胞损伤的研究及内皮素的测量	田博文	湖南师范大学	硕士	2020		87	原版阅读      CNKI AI阅读
369	盐酸小檗碱抗非小细胞肺癌的研究	李忠杰	江南大学	硕士	2020	6	421	原版阅读      CNKI AI阅读
370	小檗碱对大鼠佐剂性关节炎的治疗作用及对巨噬细胞极化的影响	周静	蚌埠医学院	硕士	2020	1	610	原版阅读      CNKI AI阅读
371	黄连壮苗稀植栽培技术及产地初加工干燥方法研究	马玉涛	华中农业大学	硕士	2020	10	459	原版阅读      CNKI AI阅读
372	基于Galectin-3介导的TGF-β1/Smad3通路探讨参连复脉颗粒抗炎抗早期纤维化机制	蔡芸	北京中医药大学	硕士	2020	2	353	原版阅读      CNKI AI阅读
373	盐酸小檗碱对高能低蛋白日粮诱导的蛋鸡脂肪肝出血综合征防治作用研究	陈毅燕	江西农业大学	硕士	2020	9	415	原版阅读      CNKI AI阅读
374	小檗碱调节回肠内胆汁酸-法呢醇受体途径改善蛋鸡脂肪肝出血综合征	杨倚天	江西农业大学	硕士	2020	9	335	原版阅读      CNKI AI阅读
375	载盐酸小檗碱β-环糊精-中空羟基磷灰石复合微球缓释系统初步研究	王哲	吉林大学	硕士	2020		491	原版阅读      CNKI AI阅读
376	小檗碱及其CYP450代谢物对UGTs活性的影响与临床药物相互作用风险预测	张艳丽	南昌大学	硕士	2020	1	400	原版阅读      CNKI AI阅读
377	以二甲双胍为API的多药晶体研究及罗格列酮衍生物的制备	边煦霏	重庆医科大学	硕士	2020	2	287	原版阅读      CNKI AI阅读
378	黄连提取物中天然纳米粒促进小檗碱肠道吸收的机制研究	赵青	上海中医药大学	硕士	2020	1	263	原版阅读      CNKI AI阅读
379	小分子化合物小檗碱抑制C6神经胶质瘤细胞生长的分子机制研究	马徐民	湖北科技学院	硕士	2020	1	161	原版阅读      CNKI AI阅读
380	小檗碱衍生物的合成及抗肿瘤活性研究	郝雪慧	南京大学	硕士	2020		276	原版阅读      CNKI AI阅读
381	小檗碱调控自噬和凋亡减轻顺铂致急性肾损伤的机制研究	齐杰莹	南方医科大学	硕士	2020		116	原版阅读      CNKI AI阅读
382	急性呼吸窘迫综合征发病机理及糖皮质激素治疗的系列研究	陈亚东	中国人民解放军医学院	博士	2020		10	原版阅读      CNKI AI阅读
383	小儿湿疹凝胶制备工艺的研究	李亦秀	上海中医药大学	硕士	2020		230	原版阅读      CNKI AI阅读
384	小檗碱通过抑制去泛素化酶CSN5活性下调PD-L1表达发挥肿瘤免疫治疗作用的研究	刘阳	北京协和医学院	硕士	2020	2	446	原版阅读      CNKI AI阅读
385	中药单体小檗碱抗多发性骨髓瘤靶点鉴定及分子作用机制研究	古春明	暨南大学	博士	2020		445	原版阅读      CNKI AI阅读
386	小檗碱诱导线粒体自噬干预流感病毒激活的ROS-NLRP3炎性体通路的机制研究	刘慧	北京中医药大学	博士	2020	6	1158	原版阅读      CNKI AI阅读
387	小檗碱通过下调半乳糖结合凝集素-3表达抑制前脂肪细胞分化、增殖及肥胖发生的实验研究	王灿	北京协和医学院	博士	2020		388	原版阅读      CNKI AI阅读
388	川黄柏、关黄柏及其标准提取物的质量控制研究	陈志鸿	华中科技大学	硕士	2020	5	734	原版阅读      CNKI AI阅读
389	小檗碱基于糖原磷酸化酶及糖原结构调节2型糖尿病小鼠肝糖代谢的机制研究	刘小翠	华中科技大学	硕士	2020	1	333	原版阅读      CNKI AI阅读
390	火绒草甲醇提取物在大鼠体内的药物代谢	雷菲菲	昆明医科大学	硕士	2020	1	374	原版阅读      CNKI AI阅读
391	小檗碱对皮肤鳞状细胞癌A431裸鼠模型抑制机制的研究	邢天娇	内蒙古医科大学	硕士	2020	3	165	原版阅读      CNKI AI阅读
392	小檗碱激活巨噬细胞自噬并改善动脉粥样硬化斑块脆弱性	刘琴	北京协和医学院	硕士	2020	2	306	原版阅读      CNKI AI阅读
393	小檗碱改善地塞米松引起的代谢紊乱及其给药方式对药效影响的研究	马晓蕾	北京协和医学院	硕士	2020	3	194	原版阅读      CNKI AI阅读
394	小檗碱调控NLRP3炎症小体通路对TGF-β1诱导HK-2细胞转分化的实验研究	梅昭	三峡大学	硕士	2020		234	原版阅读      CNKI AI阅读
395	小檗碱通过AMPK/mTOR通路调节自噬溶酶体功能改善糖尿病肾病的机制研究	崔晓	天津医科大学	硕士	2020	11	519	原版阅读      CNKI AI阅读
396	小檗碱激活AMPK减轻脂肪肝缺血再灌注损伤的机制	张馨月	天津医科大学	硕士	2020	1	111	原版阅读      CNKI AI阅读
397	小檗碱调控肝星状细胞自噬及其对肝纤维化作用的机制研究	李灿	成都医学院	硕士	2020	9	533	原版阅读      CNKI AI阅读
398	小檗碱与运动通过SCFAs和免疫调节通路协同抑制乳腺癌生长机制研究	马雯钰	西南大学	硕士	2020	3	279	原版阅读      CNKI AI阅读
399	双色调比率荧光探针的构建及其可视化分析应用	高利霞	西南大学	硕士	2020		177	原版阅读      CNKI AI阅读
400	黄连茎叶的化学成分、药效作用及质量标准研究	楼冠华	成都中医药大学	硕士	2021	1	430	原版阅读      CNKI AI阅读
	中文题名	作者	学位授予单位	数据库	学位授予年度	被引	下载	操作
401	小檗碱预处理的骨髓间充质干细胞分泌液保护神经元对抗氧化损伤的作用及机制研究	温彩燕	暨南大学	硕士	2020	2	174	原版阅读      CNKI AI阅读
402	丁酸钠与小檗碱联合应用对非酒精性脂肪性肝病改善作用的研究	张艳玲	北京协和医学院	硕士	2020	1	254	原版阅读      CNKI AI阅读
403	基于系统药理及分子对接研究小檗碱对肝细胞癌的作用机制	宋雷	广州中医药大学	硕士	2020	4	354	原版阅读      CNKI AI阅读
404	盐酸小檗碱对β-葡聚糖刺激下巨噬细胞NLRP3炎症小体及菌丝相白念珠菌细胞壁完整性的影响	杨玉	安徽中医药大学	硕士	2020	2	335	原版阅读      CNKI AI阅读
405	白头翁汤正丁醇提取物及其三种主要成分对外阴阴道念珠菌病小鼠中性粒细胞趋化的影响	姜晶晶	安徽中医药大学	硕士	2020	1	299	原版阅读      CNKI AI阅读
406	小檗碱增强替莫唑胺对胶质瘤化疗敏感性的研究	任星光	山西医科大学	硕士	2020	2	119	原版阅读      CNKI AI阅读
407	小檗碱对糖尿病肾病大鼠的肾脏保护作用及其介导mTOR/P70S6K/4EBPl信号通路对足细胞自噬的调控	李超	安徽中医药大学	硕士	2020		82	原版阅读      CNKI AI阅读
408	基于纳米给药系统的葛根芩连口服结肠定位释放胶囊的研究	聂湘江	安徽中医药大学	硕士	2020		144	原版阅读      CNKI AI阅读
409	小檗碱通过调节NF-κB信号通路改善小鼠干眼模型的眼表炎症和凋亡	李云鹏	厦门大学	硕士	2020	3	291	原版阅读      CNKI AI阅读
410	糖尿病肾病系膜细胞源外泌体促进足细胞损伤的机制及小檗碱的作用	刘青	安徽医科大学	硕士	2020	3	279	原版阅读      CNKI AI阅读
411	盐酸小檗碱联合二甲双胍对2型糖尿病合并NAFLD体脂成分和肝脏脂肪含量的影响	胡婷婷	杭州师范大学	硕士	2020	2	124	原版阅读      CNKI AI阅读
412	盐酸小檗碱联合二甲双胍对T2DM患者降糖疗效及胰岛功能影响的研究	俞璟雯	杭州师范大学	硕士	2020		92	原版阅读      CNKI AI阅读
413	基于HOG-MAPK通路研究盐酸小檗碱对白色念珠菌的抑制作用及其机制	黄筱雪	成都中医药大学	硕士	2020	4	496	原版阅读      CNKI AI阅读
414	早期糖尿病对大鼠小血管及其周围环境的影响及小檗碱的改善作用	耿旭芳	河北医科大学	硕士	2020		95	原版阅读      CNKI AI阅读
415	小檗碱对急性脑梗死患者血清IL-1β、hs-CRP及神经功能恢复的影响	张文涛	承德医学院	硕士	2020	1	74	原版阅读      CNKI AI阅读
416	小檗碱通过调节AMPK-AS160-GLUT4信号通路改善糖尿病心肌病大鼠心功能的相关机制研究	王瑞瑶	安徽中医药大学	硕士	2020	3	363	原版阅读      CNKI AI阅读
417	基于药物晶型和辅料的盐酸小檗碱片体外溶出特征研究	余飞	安徽中医药大学	硕士	2020	3	538	原版阅读      CNKI AI阅读
418	小檗碱对2型糖尿病大鼠心肌组织GLUT4表达的影响	宋锁柱	锦州医科大学	硕士	2020	1	54	原版阅读      CNKI AI阅读
419	基于中药系统药理学的小檗碱广谱抗肿瘤的机制研究	郭鹏飞	广州中医药大学	硕士	2020	3	324	原版阅读      CNKI AI阅读
420	柏参王前列胶囊的研制	王天宁	长春中医药大学	硕士	2020	1	234	原版阅读      CNKI AI阅读
421	人脐带血CD133+细胞构建人源化小鼠模型效果评价及小檗碱对其体外扩增的影响	尹肖肖	新乡医学院	硕士	2020	1	148	原版阅读      CNKI AI阅读
422	天然产物Pyripyropene A及小檗碱的结构改造和抗肿瘤活性研究	刘艺	华东师范大学	博士	2019	1	949	原版阅读      CNKI AI阅读
423	高血压并LVH体质调查及基于自噬探讨小檗碱抗心肌肥厚的机制	曾志聪	广州中医药大学	博士	2019	4	176	原版阅读      CNKI AI阅读
424	小檗碱对糖尿病大鼠肾集合管上皮细胞AQP2表达的影响	许大伟	锦州医科大学	硕士	2019		70	原版阅读      CNKI AI阅读
425	基于sp2C-H键活化的天然产物全合成：小檗碱和Illudalanes的全合成及Arnamial的全合成研究	曾志雄	厦门大学	博士	2019		273	原版阅读      CNKI AI阅读
426	大黄硝石汤药代动力学及其有效成分小檗碱的肝肾外排转运研究	金静怡	上海中医药大学	硕士	2019	3	325	原版阅读      CNKI AI阅读
427	基于物质基准关键质量属性一致性的经典名方苍连汤颗粒的药学研究	李婷	山东中医药大学	硕士	2019		44	原版阅读      CNKI AI阅读
428	小檗碱缓解顺铂所致周围神经病变的机制研究	孟晶	南京中医药大学	博士	2019		216	原版阅读      CNKI AI阅读
429	黄柏中黄色素提取分离与改性研究	周蕊	沈阳农业大学	硕士	2019	1	409	原版阅读      CNKI AI阅读
430	基于传统用法的千金黄连丸治疗2型糖尿病大鼠的药效评价与机制研究	雷蕾	中南民族大学	硕士	2019	6	299	原版阅读      CNKI AI阅读
431	在择期经皮冠状动脉支架术后患者中小檗碱的抗血小板作用	桑铭辰	北京协和医学院	博士	2019		158	原版阅读      CNKI AI阅读
432	1、芒果苷及苷元的体内过程研究 2、基于体内过程的三消汤降糖药效物质研究	郭小珍	中国科学院大学(中国科学院上海药物研究所)	博士	2019	7	1408	原版阅读      CNKI AI阅读
433	基于肿瘤细胞荧光药物动力学批量筛选乳腺癌耐药株MCF-7/DOX的中药逆转剂及其与多柔比星联合抗肿瘤的研究	唐超园	浙江中医药大学	硕士	2019		7	原版阅读      CNKI AI阅读
434	小檗碱衍生物的设计、合成与抗肿瘤活性研究及Rh(Ⅲ)催化3-酰基吲哚类化合物的合成研究	周建辉	南昌大学	硕士	2019		78	原版阅读      CNKI AI阅读
435	小檗碱对断奶仔猪生长性能和肠道健康的影响	乐美芳	华南农业大学	硕士	2019	1	175	原版阅读      CNKI AI阅读
436	小檗碱对2型糖尿病小鼠体内胆汁酸代谢的影响及其机制研究	阮燕娇	广州中医药大学	硕士	2019		316	原版阅读      CNKI AI阅读
437	小檗碱对罗非鱼脂肪性肝损伤的保护作用	钱皓	南京农业大学	硕士	2019	1	160	原版阅读      CNKI AI阅读
438	液体弹珠的制备及性能研究	韩帅	西安科技大学	硕士	2019		252	原版阅读      CNKI AI阅读
439	固肾解毒胶囊的质量控制及改善糖尿病肾病大鼠肾功能作用研究	赵艺丹	河南大学	硕士	2019	1	205	原版阅读      CNKI AI阅读
440	小檗碱经FXR/LXRα调控OATP1B1的表达及其机制研究	朱丹丹	南昌大学	硕士	2019	3	336	原版阅读      CNKI AI阅读
441	基于量子力学及分子动力学的葛根芩连汤中小檗碱溶解机制研究	黄茂胜	广东药科大学	硕士	2019	3	359	原版阅读      CNKI AI阅读
442	肠癌小鼠模型的建立及其在药物研究中的应用	冯晨霖	北京协和医学院	硕士	2019	4	730	原版阅读      CNKI AI阅读
443	四氢小檗碱类化合物的设计、合成及降脂活性研究	丛湛青	中国科学院大学(中国科学院上海药物研究所)	硕士	2019		679	原版阅读      CNKI AI阅读
444	小檗碱对肥大细胞介导的过敏性疾病的作用及其机制研究	傅水莲	吉林大学	硕士	2019	7	604	原版阅读      CNKI AI阅读
445	三聚氰胺、盐酸小檗碱和潮霉素B三种化合物免疫学快速检测	郭梦圆	江南大学	硕士	2019	2	315	原版阅读      CNKI AI阅读
446	黄连解毒汤“中枢-外周”整体改善Tg-APP/PS1小鼠认知功能关联性研究	顾欣如	中国中医科学院	硕士	2019	4	538	原版阅读      CNKI AI阅读
447	三种荧光碳点的制备及其分析应用	彭笑笑	湖南科技大学	硕士	2019		250	原版阅读      CNKI AI阅读
448	小儿葛黄止泻颗粒的制备工艺及质量标准研究	姚能	湖北中医药大学	硕士	2019	1	767	原版阅读      CNKI AI阅读
449	纳米金光学传感器的构建及其在药物和疾病标志物检测中的应用研究	胡紫微	暨南大学	硕士	2019	2	297	原版阅读      CNKI AI阅读
450	纤维素固化单宁树脂的制备及吸附性能研究	周鹏	吉首大学	硕士	2019	3	340	原版阅读      CNKI AI阅读
	中文题名	作者	学位授予单位	数据库	学位授予年度	被引	下载	操作
451	基于NF-κB/YY1信号通路研究活血解毒中药成分配伍的内皮细胞保护作用	陈莉	中国中医科学院	硕士	2019	6	334	原版阅读      CNKI AI阅读
452	基于两步释放的术连微丸口服结肠靶向胶囊的研制及体内外评价	唐晓萌	中国人民解放军海军军医大学	硕士	2019	8	473	原版阅读      CNKI AI阅读
453	二妙方和小檗碱调节蛋白乙酰化抑制肝脏糖异生的作用研究	李爱云	上海中医药大学	博士	2019	1	306	原版阅读      CNKI AI阅读
454	多种中药提取物中小分子初级代谢产物含量测定及其促吸收作用研究	周婷	上海中医药大学	硕士	2019	1	348	原版阅读      CNKI AI阅读
455	小檗碱通过miRNA-18b调控猪体外受精胚胎发育的分子机制	王俊丽	北京农学院	硕士	2019		132	原版阅读      CNKI AI阅读
456	盐酸小檗碱通过靶向肝脏葡萄糖激酶改善糖代谢的机制研究	李萌	上海中医药大学	博士	2019	6	596	原版阅读      CNKI AI阅读
457	ZSM-5分子筛对三种植物活性成分吸附行为研究	刘云龙	吉首大学	硕士	2019		153	原版阅读      CNKI AI阅读
458	蒙药白益母草生物碱对血管平滑肌细胞表型的干预作用及机制研究	赵奇慧	中央民族大学	硕士	2019	10	300	原版阅读      CNKI AI阅读
459	甘草配伍对黄连中小檗碱药动学影响的机制研究	王睿	上海中医药大学	硕士	2019	5	459	原版阅读      CNKI AI阅读
460	大孔整体柱制备及生物样品中药活性成分萃取的研究	吴云香	广东药科大学	硕士	2019	1	240	原版阅读      CNKI AI阅读
461	基于“中药-肠道菌群相互作用”探讨半夏泻心汤抗慢性胃炎作用及机制研究	范燕豪	上海中医药大学	硕士	2019	3	573	原版阅读      CNKI AI阅读
462	猝灭型RNA荧光探针的构建及在铂类药物等浓度测定中的应用	李泽冉	南京大学	硕士	2019		107	原版阅读      CNKI AI阅读
463	小檗碱核酸适配体的筛选及其应用研究	张丽娜	北京化工大学	硕士	2019	2	250	原版阅读      CNKI AI阅读
464	基于脂质代谢调控研究苦味中药黄连有效成分小檗碱逐瘀作用	陈志蓉	北京中医药大学	博士	2019		41	原版阅读      CNKI AI阅读
465	黄连人参对药通过调节胰岛细胞转录因子改善糖代谢及其作用机制的初步探讨	袁芬	华中科技大学	博士	2019	5	520	原版阅读      CNKI AI阅读
466	小檗碱调节脂肪组织纤维化和肠道脂质吸收治疗肥胖症的机制研究	胡美霖	华中科技大学	博士	2019	4	937	原版阅读      CNKI AI阅读
467	小檗碱及其联合吉非替尼抑制NSCLC细胞增殖和EMT相关分子机制研究	郑芳	广州中医药大学	博士	2019	2	508	原版阅读      CNKI AI阅读
468	连夏宁心颗粒对冠心病患者的影响及部分相关机制的研究	于晓晗	北京中医药大学	博士	2019	10	414	原版阅读      CNKI AI阅读
469	小檗碱对减压病大鼠肺血管内皮细胞损伤的预防效果和机制分析	唐艳超	中国人民解放军海军军医大学	博士	2019	5	316	原版阅读      CNKI AI阅读
470	天葵子抑菌活性成分研究	刘学勇	西北农林科技大学	硕士	2019		180	原版阅读      CNKI AI阅读
471	盐酸小檗碱及CYP3A5*1基因型对他克莫司药代动力学的影响研究	杨远霞	南方医科大学	硕士	2019		64	原版阅读      CNKI AI阅读
472	小檗碱调节自噬水平逆转乳腺癌化疗耐药的机制研究	王晔	华中科技大学	硕士	2019	1	58	原版阅读      CNKI AI阅读
473	小檗碱对代谢综合征患者hs-CRP及肠道菌群影响的初步研究	吴埼淇	厦门大学	硕士	2019	1	125	原版阅读      CNKI AI阅读
474	黄柏主要产地成分与太赫兹（THz-TDS）初步研究	乔路苹	四川农业大学	硕士	2019	1	256	原版阅读      CNKI AI阅读
475	金芪降糖片对Ⅱ型糖尿病肾病和Ⅱ型糖尿病伴发高血压的改善作用研究	江冰洁	天津大学	硕士	2019	1	166	原版阅读      CNKI AI阅读
476	小檗碱在高糖环境下对人视网膜血管内皮细胞的增殖及VEGF表达的影响	陈晓怡	南华大学	硕士	2019	1	138	原版阅读      CNKI AI阅读
477	小檗碱对大鼠脂肪肝缺血再灌注损伤的作用	张楠	天津医科大学	硕士	2019	2	122	原版阅读      CNKI AI阅读
478	基于反向分子对接理论探讨黄连治疗2型糖尿病效应物质群及其多成分多靶点的分子机制	关宏炜	华中科技大学	硕士	2019	2	521	原版阅读      CNKI AI阅读
479	小檗碱对人黑素瘤A375、A875细胞及相关LncRNA作用研究	王海玲	内蒙古医科大学	硕士	2019	1	79	原版阅读      CNKI AI阅读
480	基于转录组测序分析不同产地黄连化学成分含量差异的分子机制研究	陈涵婷	成都中医药大学	硕士	2019		567	原版阅读      CNKI AI阅读
481	盐酸小檗碱对IBS-D大鼠结肠平滑肌神经传导影响的研究	黄晶晶	广州中医药大学	硕士	2019	1	214	原版阅读      CNKI AI阅读
482	小檗碱通过PTEN对游离脂肪酸损伤的胰岛βTC6细胞保护作用的机制研究	翟佳佳	中国人民解放军空军军医大学	硕士	2019	1	125	原版阅读      CNKI AI阅读
483	盐酸小檗胺防治2型糖尿病肾病的作用及机制的研究	金磊	辽宁大学	硕士	2019	6	231	原版阅读      CNKI AI阅读
484	小檗碱调控miR-31-5p-Th17/Treg免疫网络治疗溃疡性结肠炎分子机制研究	唐梦凡	陕西中医药大学	硕士	2019	5	510	原版阅读      CNKI AI阅读
485	小檗碱对川崎病冠状动脉内皮细胞作用的实验研究	陈晓舟	遵义医科大学	硕士	2019		120	原版阅读      CNKI AI阅读
486	盐酸小檗碱对血脂异常伴动脉粥样硬化病人的疗效及安全性观察	李旸	吉林大学	硕士	2019	3	252	原版阅读      CNKI AI阅读
487	小檗碱及其衍生物抗动脉粥样硬化的作用和机制研究	裴崇哲	上海交通大学	博士	2019		267	原版阅读      CNKI AI阅读
488	参黄洗剂的制备工艺及质量标准研究	葛桂枝	华北理工大学	硕士	2019	1	511	原版阅读      CNKI AI阅读
489	黄连及小檗碱对LPS致猪肠道上皮细胞炎性损伤的调节作用及机制研究	李春林	西南大学	硕士	2019	9	492	原版阅读      CNKI AI阅读
490	小檗碱肠道氧化代谢物抗炎及抗溃疡性结肠炎的机制研究	李彩兰	广州中医药大学	博士	2019	21	1995	原版阅读      CNKI AI阅读
491	小檗碱联合芒柄花黄素诱导鼻咽癌细胞凋亡效应及凋亡途径的研究	徐冰雁	湖南中医药大学	硕士	2019		36	原版阅读      CNKI AI阅读
492	小檗碱新型代谢物的发现及与血红蛋白相互作用和体内过程研究	罗朝丹	广州中医药大学	硕士	2019	2	223	原版阅读      CNKI AI阅读
493	黄檗愈伤组织不同培养条件下有效成分含量及抗氧化活性	姜艳鑫	东北林业大学	硕士	2019	3	324	原版阅读      CNKI AI阅读
494	新型小檗碱衍生物MPB通过TAK1-TFEB依赖性宿主溶酶体途径抗菌作用研究	刘晓嘉	北京协和医学院	硕士	2019	2	201	原版阅读      CNKI AI阅读
495	黄连中黄连碱及表小檗碱抗幽门螺杆菌作用机制研究	谈丽华	广州中医药大学	硕士	2019	65	1204	原版阅读      CNKI AI阅读
496	藏药三味姜黄胶囊制备工艺及质量控制研究	赵娅	成都中医药大学	硕士	2019	2	330	原版阅读      CNKI AI阅读
497	基于自噬探讨小檗碱抗湿热证动脉粥样硬化的机制研究	李亮	广州中医药大学	硕士	2019	5	190	原版阅读      CNKI AI阅读
498	盐黄柏等级质量标准和炮制工艺研究	程中琴	成都中医药大学	硕士	2019	5	699	原版阅读      CNKI AI阅读
499	基于肠吸收-肝代谢的盐酸小檗碱与盐酸小檗胺协同效应研究	冯慧	成都中医药大学	硕士	2019	8	241	原版阅读      CNKI AI阅读
500	小檗碱抗新生隐球菌活性和作用机制研究	叶政苑	西南大学	硕士	2019	6	354	原版阅读      CNKI AI阅读
	中文题名	作者	学位授予单位	数据库	学位授予年度	被引	下载	操作
501	硫酸小檗碱在白羽肉鸡体内的药动学及冰片对其影响作用研究	马畅	山东农业大学	硕士	2019	1	141	原版阅读      CNKI AI阅读
502	小檗碱对糖尿病心肌病大鼠心脏的保护作用以及对心脏AMPK-ACC-CPT1信号通路的影响	霍梦露	安徽中医药大学	硕士	2019		59	原版阅读      CNKI AI阅读
503	基于ESIPT和AIE探针的活细胞和脂滴实时荧光成像研究	李彦杰	西南大学	博士	2019	2	624	原版阅读      CNKI AI阅读
504	基于黄连多糖对小肠上皮细胞紧密连接的调控作用探讨黄连水煎液中小檗碱肠吸收机制	徐慧慧	安徽中医药大学	硕士	2019		89	原版阅读      CNKI AI阅读
505	小檗碱缓解LPS诱导ARDS中内皮细胞多糖包被的损伤并促进其修复	黄丽娜	滨州医学院	硕士	2019	1	141	原版阅读      CNKI AI阅读
506	纳米粒子在抗菌类药物分析中的应用研究	刘庆	西北大学	硕士	2019		138	原版阅读      CNKI AI阅读
507	四黄止痢复方中药提取物抗禽致病性大肠杆菌作用效果研究	孙嘉一	锦州医科大学	硕士	2019	8	546	原版阅读      CNKI AI阅读
508	小檗碱及二甲双胍对饮食引起的肥胖大鼠肠系膜及其血管病变的调节作用	王嫚	河北医科大学	硕士	2019	2	157	原版阅读      CNKI AI阅读
509	顺胃降逆颗粒的制备工艺研究	张越	山西省中医药研究院	硕士	2019	1	186	原版阅读      CNKI AI阅读
510	盐酸小檗碱与氟康唑联用抗耐药白色念珠菌的作用研究	雍江堰	成都中医药大学	硕士	2019	4	391	原版阅读      CNKI AI阅读
511	盐酸小檗碱对脂多糖诱导的人子宫内膜基质细胞炎症作用的研究	骆晓荣	兰州大学	硕士	2019	3	343	原版阅读      CNKI AI阅读
512	小檗碱对EA.hy926细胞增殖、迁移的抑制及机制研究	李力	安徽医科大学	硕士	2019	1	180	原版阅读      CNKI AI阅读
513	盐酸小檗碱与柠檬酸/乳酸共晶的制备、表征与性质研究	卢琪	上海工程技术大学	硕士	2019	1	452	原版阅读      CNKI AI阅读
514	盐酸小檗碱与人血清白蛋白相互作用研究	胡玉玮	河北科技大学	硕士	2019	4	498	原版阅读      CNKI AI阅读
515	盐酸小檗碱缓释片的制备工艺及质量标准研究	陈梦秋	武汉工程大学	硕士	2018	4	1241	原版阅读      CNKI AI阅读
516	小檗碱抑制子宫内膜癌细胞增殖的作用与机制研究	王玉	中国医科大学	博士	2018	4	365	原版阅读      CNKI AI阅读
517	黄柏炮制前后药代动力学及质变成分药效作用研究	雷雪霏	辽宁中医药大学	博士	2018	28	1380	原版阅读      CNKI AI阅读
518	小檗碱通过激活线粒体途径诱导口腔鳞癌HN-4细胞凋亡	管兆兰	南京医科大学	硕士	2018		120	原版阅读      CNKI AI阅读
519	小檗碱改善动脉粥样硬化小鼠的血管炎性反应和钙化	李晓明	北京协和医学院	硕士	2018	4	541	原版阅读      CNKI AI阅读
520	小檗碱抑制NLRP3炎性体活性的分子机制研究	李晓瑞	北京中医药大学	硕士	2018		75	原版阅读      CNKI AI阅读
521	过表达小檗碱桥接酶对博落回中异喹啉类生物碱的影响	徐敏	湖南农业大学	硕士	2018	1	81	原版阅读      CNKI AI阅读
522	黄连素治疗多囊卵巢综合征的系统评价和Meta分析	刘洋	黑龙江中医药大学	硕士	2018		99	原版阅读      CNKI AI阅读
523	复合益生菌与中草药配伍对断奶仔猪生长性能和粪样微生物区系的影响	杨灿宇	河南农业大学	硕士	2018	1	137	原版阅读      CNKI AI阅读
524	小檗碱作用下养殖池塘中MCs时空分布特征及其与重要环境因子间相关性研究	刘斌	天津农学院	硕士	2018		47	原版阅读      CNKI AI阅读
525	小檗碱对拟南芥根部thalianol和marneral基因簇作用的研究	马菁菁	华南农业大学	硕士	2018	2	87	原版阅读      CNKI AI阅读
526	小檗碱及其类似物对薇甘菊和胜红蓟的防治及机理研究	田延琴	华南农业大学	硕士	2018	3	191	原版阅读      CNKI AI阅读
527	盐酸小檗碱抑制金黄色葡萄球菌α-溶血素及其诱导的氧化损伤	车美垚	吉林大学	硕士	2018	12	516	原版阅读      CNKI AI阅读
528	左金方及其主要成分对SGC7901细胞上皮间质转化的影响	王小兰	广州中医药大学	硕士	2018	4	157	原版阅读      CNKI AI阅读
529	四氢小檗碱药物共晶的合成及性质研究	张大俊	佳木斯大学	硕士	2018	4	454	原版阅读      CNKI AI阅读
530	交泰丸有效部位自乳化释药体系的建立及抗抑郁作用研究	张菁楠	佳木斯大学	硕士	2018	2	156	原版阅读      CNKI AI阅读
531	小檗碱吸收预测模型建立与中药生物药剂学分类系统属性的研究	尹秀文	北京中医药大学	硕士	2018	6	577	原版阅读      CNKI AI阅读
532	小檗碱对治疗溃疡性结肠炎疗效的临床观察	肖尧生	福建中医药大学	硕士	2018	4	313	原版阅读      CNKI AI阅读
533	小檗碱对水稻细菌性条斑病菌的抑菌机制分析	黎芳靖	广西大学	硕士	2018	21	616	原版阅读      CNKI AI阅读
534	硫酸小檗碱对损伤IPEC-J2中EGFR、EGF、IGF1基因mRNA表达的影响	徐环叶	河北农业大学	硕士	2018		207	原版阅读      CNKI AI阅读
535	SnO2/SnO2-Au荧光纳米簇的制备及应用	温傲立	湖南科技大学	硕士	2018		63	原版阅读      CNKI AI阅读
536	复方贞术调脂方物质基础及过程分析技术研究	黎珊珊	广东药科大学	硕士	2018	5	285	原版阅读      CNKI AI阅读
537	植物源药物筛选及小檗碱抑制番茄早疫病菌作用机制的研究	王如意	北京化工大学	硕士	2018	6	540	原版阅读      CNKI AI阅读
538	糖网明目颗粒制备工艺和质量标准研究报告	张桂杰	延边大学	硕士	2018		147	原版阅读      CNKI AI阅读
539	三七和黄连提取物肠道菌群代谢及药代动力学初步研究	周律	广东药科大学	硕士	2018	6	1045	原版阅读      CNKI AI阅读
540	苍柏祛痛胶囊药效学研究和质量控制体系建立	吴晶	甘肃农业大学	博士	2018	1	203	原版阅读      CNKI AI阅读
541	小檗碱对人肾细胞癌细胞增殖、凋亡、DNA断裂及损伤修复的影响	李孝峰	山东大学	硕士	2018	1	191	原版阅读      CNKI AI阅读
542	基于下调IDO1表达的川楝素及新型小檗碱衍生物抗肿瘤作用及机制研究	庞伟强	北京协和医学院	硕士	2018	1	253	原版阅读      CNKI AI阅读
543	小檗碱对刀豆蛋白A诱导的肝损伤的保护作用及其分子机制的研究	王阳阳	天津医科大学	博士	2018	8	525	原版阅读      CNKI AI阅读
544	小檗碱对宫颈癌细胞抑制作用及放射增敏性研究	刘明珠	郑州大学	博士	2018	10	507	原版阅读      CNKI AI阅读
545	小檗碱对Ⅱ型糖尿病脑病模型大鼠认知功能影响的分子机制	陈清杰	华中科技大学	博士	2018	8	870	原版阅读      CNKI AI阅读
546	从肠道黏膜屏障与免疫系统探讨小檗碱改善糖脂代谢紊乱的机制	巩静	华中科技大学	博士	2018	8	1301	原版阅读      CNKI AI阅读
547	法尼酯受体在盐酸小檗碱改善肥胖SD幼鼠脂代谢中的作用及肥胖子代血清生物标志物的研究	王安茹	华中科技大学	博士	2018	1	410	原版阅读      CNKI AI阅读
548	高脂饲料诱导的SD大鼠肠道菌群分布特征及糖肾胶囊干预后的影响	黄飞	北京中医药大学	博士	2018	14	1152	原版阅读      CNKI AI阅读
549	葛根岑连汤四种表征成分效阈浓度下配伍的抗肝细胞IR效应及机理	黄伟	北京中医药大学	博士	2018	8	1506	原版阅读      CNKI AI阅读
550	小檗碱对EAE小鼠星形胶质细胞SPHK1/S1P/S1PR1、3通路影响的研究	罗家明	重庆医科大学	博士	2018		516	原版阅读      CNKI AI阅读
	中文题名	作者	学位授予单位	数据库	学位授予年度	被引	下载	操作
551	小檗碱诱导胶质瘤死亡方式及其干扰脂肪酸代谢的研究	孙玉学	吉林大学	博士	2018	3	433	原版阅读      CNKI AI阅读
552	小檗碱调控PPM1B信号通路改善胰岛素抵抗的作用机制研究	吴阳升	浙江中医药大学	硕士	2018		45	原版阅读      CNKI AI阅读
553	治疗慢性结肠炎新药-愈肠颗粒的制剂及药效学研究	邵雪庆	中国人民解放军海军军医大学	硕士	2018		121	原版阅读      CNKI AI阅读
554	PAMAM包覆大黄酚、盐酸小檗碱复方脂质体制备及评价研究	赖斯思	广州中医药大学	硕士	2018	1	282	原版阅读      CNKI AI阅读
555	小檗碱通过PP2A信号通路缓解肺动脉高压的机制研究	罗杰	南京医科大学	硕士	2018		89	原版阅读      CNKI AI阅读
556	金葡的PJI体液适应性及小檗碱抗PJI的实验研究	谈佳琪	上海交通大学	硕士	2018		90	原版阅读      CNKI AI阅读
557	小檗碱通过抑制线粒体复合物Ⅰ改善脂代谢	俞牧雨	上海交通大学	硕士	2018	5	393	原版阅读      CNKI AI阅读
558	植物源杀菌剂苦参碱增效复配研究	宋爽	西北农林科技大学	硕士	2018	16	1020	原版阅读      CNKI AI阅读
559	黄连素治疗慢性肾小球肾炎湿热内蕴证的临床观察	祝家乐	湖南中医药大学	硕士	2018	2	199	原版阅读      CNKI AI阅读
560	野生与种植黄连总生物碱总蛋白的检测及其盐酸小檗碱的生源代谢酶初探	曾燕	湖南中医药大学	硕士	2018	1	288	原版阅读      CNKI AI阅读
561	小檗碱对人卵巢癌细胞PD-L1和PD-1 mRNA的表达的作用	孟囿园	成都中医药大学	硕士	2018	11	330	原版阅读      CNKI AI阅读
562	小檗碱对人卵巢癌细胞SKOV-3、A2780 TDO、AhR mRNA表达影响的研究	马丽莎	成都中医药大学	硕士	2018	1	129	原版阅读      CNKI AI阅读
563	盐酸小檗碱对白色念珠菌生物膜表型和关键基因表达的影响研究	易玉玲	成都中医药大学	硕士	2018	2	404	原版阅读      CNKI AI阅读
564	盐酸小檗碱增强美沙拉嗪在治疗溃疡性结肠炎中的作用机制研究	李洪梅	广西医科大学	硕士	2018	3	239	原版阅读      CNKI AI阅读
565	表柔比星和小檗碱对涎腺腺样囊性癌ACC2细胞系增殖，凋亡，自噬的影响	周文博	吉林大学	硕士	2018	3	120	原版阅读      CNKI AI阅读
566	基于吸收的盐酸小檗胺、盐酸小檗碱协同机制研究	周珍	成都中医药大学	硕士	2018	7	234	原版阅读      CNKI AI阅读
567	黄连解毒汤与小檗碱在治疗2型糖尿病大鼠过程中对肾脏的影响及差异	申倩玉	天津医科大学	硕士	2018	2	227	原版阅读      CNKI AI阅读
568	小檗碱对晚期糖基化终末产物（AGEs）诱导的小鼠小胶质细胞活化的干预作用	万瑾舒	北京协和医学院	硕士	2018	3	343	原版阅读      CNKI AI阅读
569	黄藤中黄藤素和药根碱的大鼠体内药代动力学研究	郑京玉	吉林农业大学	硕士	2018	4	411	原版阅读      CNKI AI阅读
570	利拉鲁肽对高糖条件下HepG2细胞胆固醇流出的作用及小檗碱对高脂饮食ApoE-/-小鼠脂质代谢的影响	马春艳	北京协和医学院	硕士	2018	2	323	原版阅读      CNKI AI阅读
571	差异蛋白质组研究延胡索活性单体的抗血小板聚集作用机制	谭程宁	重庆大学	硕士	2018	9	229	原版阅读      CNKI AI阅读
572	基于SBA-15型介孔分子筛的中药单体有效成分药物传递系统的研究	刘勋	内蒙古医科大学	硕士	2018	1	256	原版阅读      CNKI AI阅读
573	盐酸小檗碱、阿莫西林、兰索拉唑、铋剂四联疗法根除幽门螺杆菌283例临床研究	梁丽娟	中国人民解放军空军军医大学	硕士	2018	2	272	原版阅读      CNKI AI阅读
574	小檗碱抑制小肠葡萄糖吸收降低糖尿病餐后高血糖及其机制	张敏	中国人民解放军空军军医大学	硕士	2018	4	390	原版阅读      CNKI AI阅读
575	小檗碱9位贝特类衍生物的设计合成研究	韩谢	武汉工程大学	硕士	2018	3	304	原版阅读      CNKI AI阅读
576	复方奥硝唑小檗碱口腔膜的制备及其抗SD大鼠牙周炎作用研究	赖筱姮	福建医科大学	硕士	2018		311	原版阅读      CNKI AI阅读
577	BCNP的制备及质量初步评价	袁誉铭	重庆医科大学	硕士	2018	1	110	原版阅读      CNKI AI阅读
578	小檗碱干预高糖环境下HCCLM3细胞的抗肿瘤机制研究	刘倩	南昌大学	硕士	2018		144	原版阅读      CNKI AI阅读
579	黄连对朱砂肾毒性配伍减毒的物质基础及机制研究	周颖	锦州医科大学	硕士	2018	4	361	原版阅读      CNKI AI阅读
580	小檗碱有机酸盐降糖安全性及作用机制研究	李静婉	浙江农林大学	硕士	2018		260	原版阅读      CNKI AI阅读
581	8-辛基小檗碱对急性肝损伤的保护作用及其机制研究	向红梅	西南大学	硕士	2018	3	174	原版阅读      CNKI AI阅读
582	MicroRNA在人结直肠癌不同部位的表达差异分析及中药单体干预	刘红	广州中医药大学	博士	2018	3	348	原版阅读      CNKI AI阅读
583	加味四妙颗粒制备工艺和质量标准研究	谢凡	成都中医药大学	硕士	2018	7	458	原版阅读      CNKI AI阅读
584	藏药小檗皮提取物纯化工艺与质量控制及其肠吸收研究	郝露	成都中医药大学	硕士	2018	2	344	原版阅读      CNKI AI阅读
585	小檗碱抗肿瘤活性筛选及作用机制研究	张创	郑州大学	硕士	2018	5	273	原版阅读      CNKI AI阅读
586	黄连碱对内毒素发热大鼠解热、抗炎作用的PK-PD模型研究	王丽	成都中医药大学	硕士	2018	10	815	原版阅读      CNKI AI阅读
587	醇式黄连碱的合成与抗炎、抗胃溃疡作用研究	陈汉斌	广州中医药大学	硕士	2018	13	428	原版阅读      CNKI AI阅读
588	小檗碱抗金黄色葡萄球菌的机制研究	王礼	兰州大学	硕士	2018	16	853	原版阅读      CNKI AI阅读
589	小檗碱通过SIRT1改善脂肪组织胰岛素抵抗的机制研究	单云	南京中医药大学	硕士	2018	3	425	原版阅读      CNKI AI阅读
590	参柏康洗液的制备工艺及质量标准研究	郭恬颖	山西中医药大学	硕士	2018	3	445	原版阅读      CNKI AI阅读
591	类中药汤剂纳米粒制备与促小檗碱肠吸收作用机制研究	袁秀妍	安徽中医药大学	硕士	2018		149	原版阅读      CNKI AI阅读
592	黄柏及黄柏炭标准饮片的基础研究	苏慧	安徽中医药大学	硕士	2018	2	337	原版阅读      CNKI AI阅读
593	8-十六烷基小檗碱抗肺癌作用及其机制研究	肖玉波	西南大学	博士	2018	1	360	原版阅读      CNKI AI阅读
594	黄连吴茱萸等比配伍对高脂模型大鼠胆固醇代谢相关基因及肠道菌群的影响	周昕	成都中医药大学	博士	2018	24	1126	原版阅读      CNKI AI阅读
595	盐酸小檗碱对ARDS肺组织炎症反应和suPAR表达水平的影响	武晓灵	武汉大学	博士	2018	2	186	原版阅读      CNKI AI阅读
596	海南地不容抗炎活性成分研究	刘欣	哈尔滨商业大学	硕士	2018		416	原版阅读      CNKI AI阅读
597	盐酸小檗碱对非酒精性脂肪性肝病大鼠免疫屏障影响的研究	崔素娴	河北医科大学	硕士	2018	4	168	原版阅读      CNKI AI阅读
598	小檗碱对糖尿病大鼠小肠病变的治疗及预防作用研究	祗明花	河北医科大学	硕士	2018	1	161	原版阅读      CNKI AI阅读
599	以多胺为靶点探讨小檗碱对结肠癌肠粘膜通透性的影响	吴燕燕	广东药科大学	硕士	2018	2	248	原版阅读      CNKI AI阅读
600	盐酸小檗碱对吗啡及可卡因成瘾的干预作用及相关机制研究	冯邃远	河北医科大学	硕士	2018	1	191	原版阅读      CNKI AI阅读
	中文题名	作者	学位授予单位	数据库	学位授予年度	被引	下载	操作
601	小檗碱对血管平滑肌细胞钙化的影响及其机制初探	张旭慧	河北医科大学	硕士	2018	4	141	原版阅读      CNKI AI阅读
602	中药烫伤制剂的制备研究	侯爽	长春中医药大学	硕士	2018		239	原版阅读      CNKI AI阅读
603	小檗碱抗幽门螺杆菌持留菌机制的研究	任弟娟	兰州大学	硕士	2018	25	656	原版阅读      CNKI AI阅读
604	中药黄连有效成分—小檗碱对高脂喂养ApoE -/-小鼠主动脉粥样硬化的影响	玄欣彤	南京中医药大学	硕士	2018	9	421	原版阅读      CNKI AI阅读
605	盐酸小檗碱促进脂肪转化对多囊卵巢综合征模型小鼠的影响	卢堃	兰州大学	硕士	2018	4	353	原版阅读      CNKI AI阅读
606	TGFβ1R-PI3K/AKT信号通路介导高糖诱导系膜细胞来源外泌体对足细胞的损伤及小檗碱的作用	王盈盈	安徽医科大学	硕士	2018	2	727	原版阅读      CNKI AI阅读
607	玻璃尖端电喷雾离子化质谱分析与中药黄连中小檗碱分布的MALDI-MS成像	黄煜宇	上海应用技术大学	硕士	2018	1	421	原版阅读      CNKI AI阅读
608	小檗碱对热盛证代谢综合征合并肾损害患者内质网应激IRE1-XBP1通路的影响	陶清华	福建中医药大学	硕士	2017	1	140	原版阅读      CNKI AI阅读
609	丹参提取物及小檗碱改善多囊卵巢综合征子宫内膜病变的机制研究	刘逸超	黑龙江中医药大学	博士	2017	13	877	原版阅读      CNKI AI阅读
610	复方四黄外洗液提取工艺优化和质量标准研究	袁一鸣	广州中医药大学	硕士	2017	3	516	原版阅读      CNKI AI阅读
611	小檗碱与光叶花椒碱的集合式全合成及构效关系研究	江训金	厦门大学	硕士	2017	1	142	原版阅读      CNKI AI阅读
612	小檗碱对肠易激综合征大鼠肠道菌群及免疫的影响	詹胜刚	暨南大学	硕士	2017	10	576	原版阅读      CNKI AI阅读
613	基于MAPK通路探讨盐酸小檗碱对大鼠主动脉内皮细胞的凋亡作用	梁宝今	右江民族医学院	硕士	2017	1	142	原版阅读      CNKI AI阅读
614	小檗碱在低温下体温调节作用及对UCP1基因表达的影响	卢希	清华大学	博士	2017		576	原版阅读      CNKI AI阅读
615	小檗碱对同型半胱氨酸损伤内皮细胞保护机制研究	刘亚旭	北京协和医学院	博士	2017	2	355	原版阅读      CNKI AI阅读
616	糖皮质激素和小檗碱对低密度脂蛋白代谢及PCSK9作用的探讨	张明光	北京协和医学院	博士	2017	11	384	原版阅读      CNKI AI阅读
617	小檗碱拮抗胰高血糖素机制初探及9-小檗碱衍生物筛选	张明睿	辽宁师范大学	硕士	2017		66	原版阅读      CNKI AI阅读
618	小檗碱及其衍生物的除草活性和构效关系的研究	黄伦	华南农业大学	硕士	2017	4	197	原版阅读      CNKI AI阅读
619	小檗碱对铜绿微囊藻和蛋白核小球藻抑藻效应的差异及其机理研究	刘璐	天津农学院	硕士	2017	2	149	原版阅读      CNKI AI阅读
620	吸附胶束分散固相萃取—高效液相色谱法测定中药制剂和人体尿液中的生物碱	徐丹	河北大学	硕士	2017	3	243	原版阅读      CNKI AI阅读
621	芒果苷小檗碱盐在HepG2细胞中调节糖脂代谢的作用研究	王灿	北京协和医学院	硕士	2017	2	525	原版阅读      CNKI AI阅读
622	核酸适配体荧光传感技术在环境分析中的应用研究	刘伟	山西大学	硕士	2017	3	467	原版阅读      CNKI AI阅读
623	三种生物碱与G-四链体相互作用的光谱分析法研究	樊鸽	山西大学	硕士	2017	2	324	原版阅读      CNKI AI阅读
624	不同治法方药对流感病毒感染小鼠免疫细胞RLH信号通路的影响	张梦媛	暨南大学	硕士	2017	3	202	原版阅读      CNKI AI阅读
625	中药黄连治疗慢性萎缩性胃炎的研究	周瑾	吉林大学	硕士	2017	8	545	原版阅读      CNKI AI阅读
626	盐酸小檗碱调节铁代谢的研究	苗洋	中国中医科学院	硕士	2017	1	248	原版阅读      CNKI AI阅读
627	小檗碱对实验性腹泻型肠易激综合征大鼠内脏高敏感性及肠道动力机制的研究	岑泳欣	暨南大学	硕士	2017		441	原版阅读      CNKI AI阅读
628	香连微乳剂的制备工艺与质量标准研究	林杰	湖北中医药大学	硕士	2017		511	原版阅读      CNKI AI阅读
629	小檗碱下调Nrf2活性抑制高糖诱导的甲状腺乳头状癌K1细胞增殖的研究	倪静	湖北中医药大学	硕士	2017	1	161	原版阅读      CNKI AI阅读
630	磁性混合胶束固相萃取在药品中的研究和应用	杜涓丽	山西师范大学	硕士	2017	1	125	原版阅读      CNKI AI阅读
631	小檗碱农药复配研究及探针合成	尹一鸣	北京化工大学	硕士	2017	2	294	原版阅读      CNKI AI阅读
632	泪小管断裂修复术预后影响因素及小檗碱对兔泪小管断裂后抗瘢痕化的研究	白芳	中国人民解放军医学院	博士	2017	2	137	原版阅读      CNKI AI阅读
633	P2X4和TRPV1受体介导的小檗碱抗视网膜光损伤的作用研究	赵亚飞	中国中医科学院	硕士	2017		142	原版阅读      CNKI AI阅读
634	基于葫芦[7]脲与某些药物分子间相互作用的荧光探针法研究	石林	山西师范大学	硕士	2017		169	原版阅读      CNKI AI阅读
635	黄连生物碱及其衍生物抗动脉粥样硬化作用和机制研究	冯敏	西南大学	博士	2017	8	766	原版阅读      CNKI AI阅读
636	盐酸小檗碱对人乳腺癌MCF-7细胞裸鼠移植瘤的作用研究	曾智豪	南方医科大学	硕士	2017	6	487	原版阅读      CNKI AI阅读
637	小檗碱对巨噬细胞中ATP诱导的炎症小体活化的影响及其机制研究	李陈广	暨南大学	硕士	2017	11	644	原版阅读      CNKI AI阅读
638	加味葛根芩连汤对湿热泄泻仔猪肠道和体外肠上皮细胞损伤的调控机理	刘晓曦	中国农业大学	博士	2017	6	408	原版阅读      CNKI AI阅读
639	以线粒体为靶点的小檗碱药理活性研究	严孝金	清华大学	博士	2017	12	1205	原版阅读      CNKI AI阅读
640	基于天然免疫Toll样受体信号通路探讨洁泽1号抗HSV-2作用机制	黄聪	华中科技大学	博士	2018	3	344	原版阅读      CNKI AI阅读
641	复方葛根降糖颗粒的药学研究	刘伯宇	浙江中医药大学	硕士	2017		89	原版阅读      CNKI AI阅读
642	小檗碱改善炎症所致胰岛素抵抗的分子机制研究	年雪	南京医科大学	硕士	2017		37	原版阅读      CNKI AI阅读
643	小檗碱衍生物的合成、抗氧化活性及降糖作用研究	周汨	湖南中医药大学	硕士	2017	1	204	原版阅读      CNKI AI阅读
644	基于ROS研究小檗碱干预流感病毒感染的巨噬细胞NLRP3炎性体活化的机制	任睿芳	北京中医药大学	硕士	2017	2	200	原版阅读      CNKI AI阅读
645	薄层色谱与表面增强拉曼光谱联用及其在中草药活性成分的追踪、预测和发现中的应用	顾晓玲	南京医科大学	硕士	2017	1	162	原版阅读      CNKI AI阅读
646	基于组效关系的壮药岩黄连抑制HSC-T6细胞增殖活性成分的辨识研究	陆世银	广西医科大学	硕士	2017	4	256	原版阅读      CNKI AI阅读
647	盐酸小檗碱对LPS诱导的炎性反应的抗炎作用研究	丁娜娜	安徽农业大学	硕士	2017	7	327	原版阅读      CNKI AI阅读
648	益气复脉颗粒的制备工艺及质量标准研究	王敏	北京中医药大学	硕士	2017	3	546	原版阅读      CNKI AI阅读
649	装载小檗碱的羧甲基β-环糊精修饰的蒙脱石超分子网络的抗菌活性	王施韦	重庆医科大学	硕士	2017	3	277	原版阅读      CNKI AI阅读
650	黄连、萸黄连标准饮片制备技术规范及其主要成分抗肿瘤活性研究	李蒙	湖北中医药大学	硕士	2017	7	839	原版阅读      CNKI AI阅读
	中文题名	作者	学位授予单位	数据库	学位授予年度	被引	下载	操作
651	EAE小鼠星形胶质细胞自噬水平研究及小檗碱对其自噬水平的影响	曾思玉	川北医学院	硕士	2017		147	原版阅读      CNKI AI阅读
652	碳纳米材料和银纳米簇的合成和应用	刘豪敏	湖南科技大学	硕士	2017	1	232	原版阅读      CNKI AI阅读
653	盐酸小檗碱的抑菌抗炎作用机理研究	刘彦辰	辽宁中医药大学	硕士	2017	36	1420	原版阅读      CNKI AI阅读
654	小檗碱与二甲双胍对精神分裂症伴发代谢综合征的疗效与安全性对照研究	李建功	天津医科大学	硕士	2017	4	250	原版阅读      CNKI AI阅读
655	小檗碱治疗多囊卵巢综合征的Meta分析	蒋李妍	南华大学	硕士	2017		321	原版阅读      CNKI AI阅读
656	基于降糖活性的黄连体内配伍规律初步研究	杨智睿	成都中医药大学	硕士	2017	8	232	原版阅读      CNKI AI阅读
657	小檗碱对人卵巢癌细胞IDO、AhR mRNA表达及IDO活性影响的研究	赵云平	成都中医药大学	硕士	2017	2	112	原版阅读      CNKI AI阅读
658	黄白颗粒的药学研究	王艳琦	吉林大学	硕士	2017		199	原版阅读      CNKI AI阅读
659	小檗碱改善脂多糖诱导的肠粘膜屏障损伤及其可能机制的实验研究	邹小慧	华中科技大学	硕士	2017	4	366	原版阅读      CNKI AI阅读
660	基于棒状银纳米为基底的SERS研究及应用	张彩红	西南大学	硕士	2017	3	376	原版阅读      CNKI AI阅读
661	小檗碱衍生物的设计、合成及其抗菌和抗肿瘤活性研究	王静	华东师范大学	博士	2017	2	561	原版阅读      CNKI AI阅读
662	TGF-β1诱导肠上皮表型转变相关表观遗传机制及中药单体干预	黄超	广州中医药大学	博士	2017	3	669	原版阅读      CNKI AI阅读
663	基于胆固醇吸收研究黄连吴茱萸降脂的配伍机制	魏宏	成都中医药大学	硕士	2017		180	原版阅读      CNKI AI阅读
664	盐酸小檗碱—甲氧苄啶复方缓释微球的制备及性质	孙宏晟	重庆大学	硕士	2017	4	406	原版阅读      CNKI AI阅读
665	藏药四味姜黄胶囊制备工艺及质量标准研究	周邦华	成都中医药大学	硕士	2017	5	297	原版阅读      CNKI AI阅读
666	小檗碱通过Sirt1改善3T3-L1脂肪细胞糖代谢的机制研究	梁舒	南京中医药大学	硕士	2017	5	622	原版阅读      CNKI AI阅读
667	黄柏碱抗ROS介导的氧化应激相关机制研究	李玲	西南大学	硕士	2017	21	523	原版阅读      CNKI AI阅读
668	新型微萃取方法的建立及其在黄连生物碱类化合物分析中的应用	王瑾	山西医科大学	硕士	2017		189	原版阅读      CNKI AI阅读
669	小檗碱对三转基因阿尔茨海默症小鼠的保护作用机制研究	梁宇彬	暨南大学	硕士	2017	4	316	原版阅读      CNKI AI阅读
670	益气解毒活络中药组分配伍对人肾小球系膜细胞损伤的保护作用研究	辛彩虹	辽宁中医药大学	博士	2017	4	295	原版阅读      CNKI AI阅读
671	小檗碱抑制EGFR/STAT3通路增加胃癌EGFR抑制剂敏感性的机制研究	王俊雄	首都医科大学	博士	2017	5	645	原版阅读      CNKI AI阅读
672	三才连梅颗粒毒性研究与临床疗效评价	郭强	成都中医药大学	博士	2017	4	287	原版阅读      CNKI AI阅读
673	疡必愈止痛胶囊制备工艺与质量标准的研究	陈叶童	湖南中医药大学	硕士	2017		52	原版阅读      CNKI AI阅读
674	小檗碱对糖尿病肾病大鼠的肾脏保护作用以及对大鼠肾脏AGEs-RAGE信号通路的影响	邱原野	安徽医科大学	硕士	2017	5	626	原版阅读      CNKI AI阅读
675	MATE1和BCRP转运体对于小檗碱在体内分布和排泄的影响	晓玲	中国科学院大学(中国科学院上海药物研究所)	硕士	2017		331	原版阅读      CNKI AI阅读
676	小檗碱对阿霉素所致心肌细胞损伤的保护作用研究	张倩	河北医科大学	硕士	2017	1	283	原版阅读      CNKI AI阅读
677	盐酸小檗碱对糖尿病大鼠胸主动脉TLR4及MCP-1表达影响的实验研究	刘瑞雪	河北医科大学	硕士	2017		128	原版阅读      CNKI AI阅读
678	小檗碱对糖尿病大鼠血管神经功能损伤的作用	刘帅	河北医科大学	硕士	2017	1	122	原版阅读      CNKI AI阅读
679	盐酸小檗碱对非酒精性脂肪性肝病大鼠肠道菌群影响的研究	齐双翡	河北医科大学	硕士	2017	9	542	原版阅读      CNKI AI阅读
680	小檗碱对脑梗死患者颈动脉粥样硬化斑块稳定性及血清基质金属蛋白酶-9、氧化低密度脂蛋白的影响	柴美静	承德医学院	硕士	2017	1	72	原版阅读      CNKI AI阅读
681	小檗碱对急性缺血型脑卒中的抗炎、抗颈部动脉粥样硬化的斑块的效应	李迎	承德医学院	硕士	2017	2	122	原版阅读      CNKI AI阅读
682	复方仙鹤草肠炎片的制备工艺及质量标准研究	董艳涛	辽宁中医药大学	硕士	2017		267	原版阅读      CNKI AI阅读
683	四味黄连洗剂制备工艺及质量标准研究	汪琛媛	安徽中医药大学	硕士	2017	3	668	原版阅读      CNKI AI阅读
684	盐酸小檗碱对食管癌细胞生物学功能的作用及其机制研究	姜淑娴	新乡医学院	硕士	2017	2	93	原版阅读      CNKI AI阅读
685	光谱分析在药物质量控制中的应用	阿依姑再丽·斯马依（Ayguzal·Ismayil）	新疆医科大学	硕士	2017		256	原版阅读      CNKI AI阅读
686	血尿安片药品质量标准研究	邓珏力	云南中医学院	硕士	2017	2	296	原版阅读      CNKI AI阅读
687	喜树碱、乌檀属、原小檗碱类生物碱及含八元环二倍半萜的全合成研究	李科	华东师范大学	博士	2017		606	原版阅读      CNKI AI阅读
688	四黄止痛喷雾剂的制备工艺及质量标准研究	李辉标	广州中医药大学	硕士	2016		439	原版阅读      CNKI AI阅读
689	四氢原小檗碱先导化合物左旋紫堇达明和左旋小檗红碱的临床前药代动力学研究	刘帅	中国人民解放军军事医学科学院	硕士	2016	1	317	原版阅读      CNKI AI阅读
690	四氢原小檗碱先导化合物l-SLR抗精神分裂症的药效学和机制研究	高赟赟	中国人民解放军军事医学科学院	硕士	2016		214	原版阅读      CNKI AI阅读
691	小檗碱对热应激体温的调节及其HSP70-TNFα表达的作用	姜敬非	清华大学	博士	2016	7	510	原版阅读      CNKI AI阅读
692	脑缺血再灌注损伤中小檗碱调节PPAR-γ表达的研究	庞雨浓	清华大学	博士	2016	3	360	原版阅读      CNKI AI阅读
693	烤烟种植专用植物复配剂百部、蛇床子、黄柏等组合的研究	陈远谷	贵州大学	硕士	2016	1	99	原版阅读      CNKI AI阅读
694	结核菌中药抗菌增效剂的筛选及黄连总生物碱对PhoPR双组份系统基因转录水平的影响	姜园园	吉林农业大学	硕士	2016	3	250	原版阅读      CNKI AI阅读
695	小檗碱抑制植物根生长的机理研究	吴娇	华南农业大学	硕士	2016	11	400	原版阅读      CNKI AI阅读
696	盐酸小檗碱磷脂复合物壳聚糖微球的研究	史真	河南大学	硕士	2016	8	640	原版阅读      CNKI AI阅读
697	盐酸小檗碱对猪胸膜肺炎放线杆菌作用机制的研究	李正文	四川农业大学	硕士	2016	5	290	原版阅读      CNKI AI阅读
698	荆芥炭对黄连及白头翁汤主要成分药代动力学影响的研究	何燕飞	安徽农业大学	硕士	2016	1	304	原版阅读      CNKI AI阅读
699	基于ZnS量子点的光学传感平台设计研究及应用	李欢欢	山西大学	硕士	2016		128	原版阅读      CNKI AI阅读
700	艾舒阴洗剂的制备工艺与质量标准研究	蔡君龙	湖北中医药大学	硕士	2016	4	525	原版阅读      CNKI AI阅读
	中文题名	作者	学位授予单位	数据库	学位授予年度	被引	下载	操作
701	复方黄柏妇炎胶囊的制备工艺及质量标准研究	李媛媛	湖北中医药大学	硕士	2016	4	485	原版阅读      CNKI AI阅读
702	马黄涂膜剂的制备及透皮吸收研究	任佳佳	山东中医药大学	硕士	2016	9	703	原版阅读      CNKI AI阅读
703	抗骨溶解中药单体筛选及圣草酚、木犀草苷、硫酸小檗碱对破骨细胞作用机制研究	宋方茗	广西医科大学	博士	2016	3	241	原版阅读      CNKI AI阅读
704	Ⅰ、小檗碱上调肝脏低密度脂蛋白受体mRNA表达的信号通路研究 Ⅱ、小檗碱类似物Y53在糖尿病小鼠体内抗炎、抗氧化和预防糖尿病肾病的作用研究	李峥	北京协和医学院	博士	2016	6	1017	原版阅读      CNKI AI阅读
705	小檗碱通过α7烟碱样胆碱能受体相关的胆碱能抗炎通路改善2型糖尿病大鼠胰岛素抵抗的分子机制	王定坤	华中科技大学	博士	2016	2	615	原版阅读      CNKI AI阅读
706	从单核细胞免疫防御及菌株敏感性探讨抗阿萨希毛孢子菌感染的策略	丛林	第三军医大学	博士	2016	1	151	原版阅读      CNKI AI阅读
707	小檗碱对流感病毒感染巨噬细胞NLRP3炎性体的影响	陈丹军	北京中医药大学	硕士	2016	2	92	原版阅读      CNKI AI阅读
708	中药复方洁泽1号对HSV-2感染VK2/E6E7细胞模型的作用及其机制初探	乔婷婷	华中科技大学	硕士	2016	1	211	原版阅读      CNKI AI阅读
709	小檗碱改善胰岛素抵抗作用分子机制的研究	李芬	华中科技大学	硕士	2016	9	310	原版阅读      CNKI AI阅读
710	基于ESI-HRMS的G-四链体DNA相关超分子化学研究	耿建瑞	郑州大学	硕士	2016	2	85	原版阅读      CNKI AI阅读
711	关黄柏对照提取物的制备工艺及质量标准研究	石柳柳	苏州大学	硕士	2016	1	364	原版阅读      CNKI AI阅读
712	温性经筋通贴膏质量标准提高及体外透皮性能研究	刘桂联	广州中医药大学	硕士	2016	9	430	原版阅读      CNKI AI阅读
713	基于药代动力学研究黄连丸治疗2型糖尿病的配伍	贺梦云	湖南师范大学	硕士	2016	3	424	原版阅读      CNKI AI阅读
714	CAFs诱导肠上皮细胞表型改变及中药单体的干预作用	张凌杭	广州中医药大学	硕士	2016	2	214	原版阅读      CNKI AI阅读
715	黄马缓释喷膜剂的研制	高倩	重庆医科大学	硕士	2016	9	347	原版阅读      CNKI AI阅读
716	重庆道地药材黄连的炮制关键工艺及质量标准研究	陈凯	重庆医科大学	硕士	2016	3	608	原版阅读      CNKI AI阅读
717	新型细胞膜色谱的建立及黄连黄精配伍药效物质的初步研究	武晓丹	天津医科大学	硕士	2016	4	483	原版阅读      CNKI AI阅读
718	小檗碱对游离脂肪酸损伤的胰岛βTC3细胞的保护作用	张娟	第四军医大学	硕士	2016	4	174	原版阅读      CNKI AI阅读
719	雷公藤多苷联合小檗碱对糖尿病大鼠肾脏JAK/STAT通路的作用	厉莉	天津医科大学	硕士	2016	5	263	原版阅读      CNKI AI阅读
720	小檗碱合并利培酮对精神分裂症患者血清BDNF、CRP及认知功能影响研究	张静	天津医科大学	硕士	2016	3	138	原版阅读      CNKI AI阅读
721	中药复方当归六黄汤质量控制研究和XEDJ药效学研究	计雅纯	华中科技大学	硕士	2016	8	453	原版阅读      CNKI AI阅读
722	傣药雅解沙把和中药苦参的抗过敏作用研究	张光远	云南中医学院	硕士	2016	7	372	原版阅读      CNKI AI阅读
723	小檗碱对非酒精性脂肪变性肝细胞模型的作用及机制研究	刘燕妮	北京中医药大学	硕士	2016	11	1048	原版阅读      CNKI AI阅读
724	知柏地黄丸（浓缩丸）质量分析研究	谢惠英	河南中医药大学	硕士	2016	3	431	原版阅读      CNKI AI阅读
725	荧光碳量子点的合成及在药物分析中的应用研究	梁佳曼	西南大学	硕士	2016	12	723	原版阅读      CNKI AI阅读
726	黄连须及其主要生物碱对非特异性免疫及鲤鱼抗病力的影响	周霞	西南大学	硕士	2016	20	426	原版阅读      CNKI AI阅读
727	Apelin基因的表达规律及其在脂肪代谢中的调控作用	何莉	山西师范大学	硕士	2016	4	131	原版阅读      CNKI AI阅读
728	选择性识别生物重要分子的荧光探针的合成及其生物活性	董承	南方医科大学	硕士	2016	3	325	原版阅读      CNKI AI阅读
729	从Leptin-AMPK调脂通路研究黄连吴茱萸配伍降血脂作用机制	林晶晶	成都中医药大学	硕士	2016	2	213	原版阅读      CNKI AI阅读
730	粉体改性技术用于盐酸小檗碱及三黄片制剂处方苦味掩蔽研究	何婧	成都中医药大学	硕士	2016	3	532	原版阅读      CNKI AI阅读
731	小檗碱对DSS结肠炎小鼠保护作用的研究	王新	广东药科大学	硕士	2016	9	559	原版阅读      CNKI AI阅读
732	芦丁、小檗碱对代谢综合征大鼠的药效学研究	熊淑娉	广州中医药大学	硕士	2016	2	338	原版阅读      CNKI AI阅读
733	盐酸小檗碱对草鱼补体C3作用机理及药代动力学研究	彭耀宗	西南大学	硕士	2016	2	331	原版阅读      CNKI AI阅读
734	TLC-SERS法在黄连等中药鉴别中的应用研究	陈艳琼	江苏大学	硕士	2016	5	484	原版阅读      CNKI AI阅读
735	小檗碱通过SIRT1途径抑制巨噬细胞炎症反应的机制研究	徐传翀	南京中医药大学	硕士	2016	5	480	原版阅读      CNKI AI阅读
736	黄地安消胶囊的提取工艺及质量控制研究	单莉	安徽中医药大学	硕士	2016		285	原版阅读      CNKI AI阅读
737	壳聚糖微/纳米粒子对小檗碱肠吸收特性的影响研究	侯子言	安徽中医药大学	硕士	2016		303	原版阅读      CNKI AI阅读
738	乏氧诱导因子-1α抑制剂盐酸小檗碱和蜂毒肽对乏氧肿瘤细胞放射敏感性的影响及机制研究	杨曦	南京医科大学	博士	2016	5	416	原版阅读      CNKI AI阅读
739	三黄泻心汤有效成分溶出规律研究	傅丹青	浙江中医药大学	硕士	2016	1	132	原版阅读      CNKI AI阅读
740	小檗碱对糖尿病肾病大鼠肾脏的保护作用及对足细胞PI3K/Akt通路的影响	丁海华	安徽医科大学	硕士	2016	7	559	原版阅读      CNKI AI阅读
741	小檗碱通过JAK2/STAT3信号通路抑制内质网应激对大鼠心肌缺血再灌注损伤的保护作用研究	赵国龙	宁夏医科大学	硕士	2016	7	339	原版阅读      CNKI AI阅读
742	小檗碱对糖尿病大鼠胃肠神经功能损伤的作用机制研究	梁红玉	河北医科大学	硕士	2016		127	原版阅读      CNKI AI阅读
743	双花百合片多指标成分含量测定及大鼠体内药动学的研究	张寿吉	大连医科大学	硕士	2016		79	原版阅读      CNKI AI阅读
744	壳聚糖衍生物纳米粒的制备及特性研究	单璐	潍坊医学院	硕士	2016	5	421	原版阅读      CNKI AI阅读
745	盐酸小檗碱滴丸的制备及其对乳鼠心肌细胞肥大的保护作用	任欣	吉林大学	硕士	2015	1	524	原版阅读      CNKI AI阅读
746	前列安胶囊制备工艺及质量标准研究	唐安福	南京中医药大学	硕士	2015	3	299	原版阅读      CNKI AI阅读
747	溶胶—凝胶法在织物功能整理中的应用研究	孙晓竹	东华大学	博士	2015	8	692	原版阅读      CNKI AI阅读
748	中药单体小檗碱克服慢性粒细胞白血病对伊马替尼的耐药性及其机制研究	丰茂晓	暨南大学	硕士	2015	2	230	原版阅读      CNKI AI阅读
749	糖胰康颗粒的制备工艺与质量标准研究	郑振秋	山东中医药大学	硕士	2015	2	414	原版阅读      CNKI AI阅读
750	复方苦参止痢片的研制	曾以旺	山东中医药大学	硕士	2015	5	228	原版阅读      CNKI AI阅读
	中文题名	作者	学位授予单位	数据库	学位授予年度	被引	下载	操作
751	盐酸小檗碱对动脉粥样硬化大鼠血脂及磷脂转运蛋白的影响	吕医瑞	山西医科大学	硕士	2015	1	139	原版阅读      CNKI AI阅读
752	盐酸小檗碱临床前吸收药代动力学研究	方春雪	吉林大学	硕士	2015	1	380	原版阅读      CNKI AI阅读
753	光照条件对小檗碱抑藻效应的影响及其机制初探	张媛媛	天津农学院	硕士	2015		123	原版阅读      CNKI AI阅读
754	黄连水提液和小檗碱的细胞毒性及其机制研究	顾曼曼	安徽农业大学	硕士	2015	5	430	原版阅读      CNKI AI阅读
755	小檗碱对TGF-β1诱导A549细胞上皮间质转化和MRC-5细胞转分化及细胞信号通路相关蛋白的影响	任志涛	北京协和医学院	硕士	2015	4	569	原版阅读      CNKI AI阅读
756	核酸适配体/小檗碱荧光体系的构筑及分析应用	陈艳霞	山西大学	硕士	2015		186	原版阅读      CNKI AI阅读
757	超声促渗和化学促渗对黄柏透皮吸收影响研究	王尧鸣	山西大学	硕士	2015		384	原版阅读      CNKI AI阅读
758	黄连膏治疗毛囊炎及其机制探讨	付辰	湖北中医药大学	硕士	2015	4	519	原版阅读      CNKI AI阅读
759	连虎丹烧伤膏的药学研究	张锐	佳木斯大学	硕士	2015		260	原版阅读      CNKI AI阅读
760	抗新生仔猪腹泻制剂的研制及临床疗效的研究	杨帆	东北农业大学	硕士	2015	3	367	原版阅读      CNKI AI阅读
761	抗无乳链球菌中药的筛选及盐酸小檗碱抗无乳链球菌作用机理的初步研究	彭练慈	四川农业大学	硕士	2015	14	434	原版阅读      CNKI AI阅读
762	红栀骨通凝胶膏剂的研制	吴飞	广州中医药大学	硕士	2015	1	431	原版阅读      CNKI AI阅读
763	盐酸小檗碱对脂多糖所致巨噬细胞炎症的抗炎作用及其机制研究	朱喜梅	广州中医药大学	硕士	2015	26	1456	原版阅读      CNKI AI阅读
764	基于生物药剂学分类系统的葛根芩连方中小檗碱的溶解渗透属性研究	朱美玲	北京中医药大学	硕士	2015	10	861	原版阅读      CNKI AI阅读
765	基于3S技术的黄连区划研究	柳鑫	湖北中医药大学	硕士	2015	12	362	原版阅读      CNKI AI阅读
766	中药成分小檗碱抗肿瘤新生血管形成作用的研究	刘岩	湖北中医药大学	硕士	2015	4	249	原版阅读      CNKI AI阅读
767	淫羊藿苷和盐酸小檗碱通过改变肝脏Hepcidin表达调节铁平衡	张淼	中国中医科学院	硕士	2015	2	347	原版阅读      CNKI AI阅读
768	盐酸小檗碱对T2DM大鼠肠道菌群及血内毒素水平的影响	贺娅莎	山西医科大学	硕士	2015	9	579	原版阅读      CNKI AI阅读
769	左金丸对地塞米松致大鼠胃肠道损伤的保护作用研究	李晨	青岛大学	硕士	2015	8	257	原版阅读      CNKI AI阅读
770	小檗碱协同甘丙肽降低2型糖尿病鼠脂肪组织胰岛素抵抗的实验研究	张真稳	扬州大学	博士	2015	3	423	原版阅读      CNKI AI阅读
771	小檗碱通过调控巨噬细胞极化抑制FAP的机制研究	朴美玉	天津医科大学	博士	2015		141	原版阅读      CNKI AI阅读
772	小檗碱对压力超负荷诱导大鼠心肌肥厚的作用及机制研究	李明慧	南京医科大学	博士	2015	8	315	原版阅读      CNKI AI阅读
773	小檗碱干预大鼠糖尿病及葫芦巴丸干预大鼠糖尿病性功能障碍的部分机制研究	姜淑君	华中科技大学	博士	2015	2	381	原版阅读      CNKI AI阅读
774	复方白头翁颗粒的研制及其药效学研究	葛冰	中国农业大学	博士	2015	17	1420	原版阅读      CNKI AI阅读
775	中药品质整合评价方法研创——以黄连为例	熊吟	北京中医药大学	博士	2015	18	1943	原版阅读      CNKI AI阅读
776	基于凋亡与抗凋亡机制探讨降糖消渴颗粒清热燥湿组分对小鼠胰岛瘤细胞的影响	方心	北京中医药大学	博士	2015	2	437	原版阅读      CNKI AI阅读
777	“寒热错杂”动物模型的建立和“附子—黄连”药对对模型大鼠影响的研究	刘梦婷	浙江中医药大学	硕士	2015	1	212	原版阅读      CNKI AI阅读
778	肿瘤相关巨噬细胞表型转化在小檗碱防治肠道肿瘤中的作用	何娜娜	天津医科大学	硕士	2015	1	73	原版阅读      CNKI AI阅读
779	黄连花薹对高血糖大鼠肠道菌群作用的研究	王雯玲	华中科技大学	硕士	2015	15	490	原版阅读      CNKI AI阅读
780	黄连内生真菌中小檗碱的分离与鉴定	向建辉	西北农林科技大学	硕士	2015	7	389	原版阅读      CNKI AI阅读
781	乌锦颗粒剂的制备与药效毒理学研究	李胜坤	中国农业科学院	硕士	2015	8	655	原版阅读      CNKI AI阅读
782	肠道菌作用下小檗碱体内药代动力学及头花蓼活性成分代谢特征研究	何驰宇	北京协和医学院	硕士	2015	16	2420	原版阅读      CNKI AI阅读
783	三种生物碱对大鼠股动脉内膜增生的干预作用研究	尹雯	中央民族大学	硕士	2015	1	85	原版阅读      CNKI AI阅读
784	小檗碱干预CXCL12/CXCR4轴抑制结直肠癌侵袭转移的作用及其可能机制的初步探索	付健健	昆明医科大学	硕士	2015	3	216	原版阅读      CNKI AI阅读
785	喜树碱和盐酸小檗碱在离子液体中的溶解性能及应用研究	刘师师	广西大学	硕士	2015	2	237	原版阅读      CNKI AI阅读
786	中兽药丹连花子宫灌注液的质量标准研究	高媛媛	西北农林科技大学	硕士	2015	4	258	原版阅读      CNKI AI阅读
787	小檗碱对大鼠自体原位肝脏移植肠损伤的影响	刘文娜	天津医科大学	硕士	2015	1	51	原版阅读      CNKI AI阅读
788	基于核磁共振与质谱技术解析博落回果荚中生物碱的结构	卿志星	湖南中医药大学	硕士	2015	12	646	原版阅读      CNKI AI阅读
789	基于ACCE连续逆流提取器的黄柏中小檗碱高效提取工艺和综合利用研究	季可可	湖南中医药大学	硕士	2015	1	444	原版阅读      CNKI AI阅读
790	交泰丸在正常和PCPA失眠大鼠的药动学和PK-PD结合模型研究	何薇	广州中医药大学	硕士	2015	7	1020	原版阅读      CNKI AI阅读
791	小檗碱对卵巢摘除小鼠的抗抑郁作用及其机制研究	赵静	东北师范大学	硕士	2015	8	283	原版阅读      CNKI AI阅读
792	黄连生物碱及8-烷基小檗碱衍生物对嗜水气单胞菌抑菌机制的研究	薛东芳	西南大学	硕士	2015	24	600	原版阅读      CNKI AI阅读
793	小檗碱对糖尿病肾病大鼠足细胞黏附功能的影响和机制研究	陆文松	暨南大学	硕士	2015	3	146	原版阅读      CNKI AI阅读
794	干姜对黄连中五种主要生物碱药代动力学的影响	宁浩辰	哈尔滨商业大学	硕士	2015	6	386	原版阅读      CNKI AI阅读
795	葫芦脲和某些药物分子的超分子作用及其分析应用	李燕	山西师范大学	硕士	2015		174	原版阅读      CNKI AI阅读
796	黄连碱的提取分离和减肥活性及机理研究	夏爽	西南大学	硕士	2015	9	821	原版阅读      CNKI AI阅读
797	2,2-联吡啶链接的小檗碱二聚体的合成及其对金属离子和DNA的选择性荧光检测	李欢欢	南方医科大学	硕士	2015	2	202	原版阅读      CNKI AI阅读
798	青海小檗属3种植物小檗碱含量的比较研究	向前胜	青海大学	硕士	2015	8	256	原版阅读      CNKI AI阅读
799	小檗碱对巨噬细胞极化的调节作用	吴阳阳	广州中医药大学	硕士	2015	2	203	原版阅读      CNKI AI阅读
800	小檗碱通过抑制脂肪组织巨噬细胞浸润改善胰岛素抵抗的研究	郭超	南京中医药大学	硕士	2015	5	472	原版阅读      CNKI AI阅读
	中文题名	作者	学位授予单位	数据库	学位授予年度	被引	下载	操作
801	狭叶十大功劳抑菌物质分离及其对水稻细菌性条斑病的防治作用	周荣金	广西大学	硕士	2015	4	267	原版阅读      CNKI AI阅读
802	香蔹痔疮栓的药学研究	罗悦	成都中医药大学	硕士	2015	1	235	原版阅读      CNKI AI阅读
803	小檗碱对NAFLD大鼠肝组织AMPK/SIRT1/UCP2通路的调控机制	林春梅	暨南大学	硕士	2015	4	423	原版阅读      CNKI AI阅读
804	小檗碱对NAFLD大鼠肝组织Nrf2-ARE信号通路mRNA及蛋白表达的影响	张金文	暨南大学	硕士	2015	3	255	原版阅读      CNKI AI阅读
805	配伍肉桂醛对盐酸小檗碱在快速动眼睡眠剥夺大鼠血液与脑组织分布的影响	熊志明	广州中医药大学	硕士	2015	13	459	原版阅读      CNKI AI阅读
806	小檗碱与葛根素的合成以及急性毒性、相关药效学研究	张磊	广州中医药大学	硕士	2015	4	545	原版阅读      CNKI AI阅读
807	TGF β1诱导乳鼠结肠上皮组织细胞表型转变及中药干预作用	付道时	广州中医药大学	硕士	2015	1	177	原版阅读      CNKI AI阅读
808	苦柏洁阴栓的研制	孙志强	山东中医药大学	硕士	2015	2	301	原版阅读      CNKI AI阅读
809	黄连须和小檗碱对草鱼出血病的预防作用及其机理	牟绍霞	西南大学	硕士	2015	10	214	原版阅读      CNKI AI阅读
810	黄连水煎液中固体微粒及乙基纤维素纳米粒对小檗碱肠吸收特性影响的研究	焦放	安徽中医药大学	硕士	2016	4	306	原版阅读      CNKI AI阅读
811	8-烷基小檗碱的合成及减肥作用研究	王燕枝	西南大学	硕士	2015	3	273	原版阅读      CNKI AI阅读
812	痺苓袪痛颗粒的制备工艺及质量控制研究	李瑛	安徽中医药大学	硕士	2015	1	211	原版阅读      CNKI AI阅读
813	8-十六烷基小檗碱的合成和药代动力学研究	胡宇莉	西南大学	博士	2015	6	313	原版阅读      CNKI AI阅读
814	哈医祛风巴布膏的制备	古丽娜儿·叶尔森那力（Gulnar Yersennale）	新疆医科大学	硕士	2015		84	原版阅读      CNKI AI阅读
815	多波长高效液相色谱法测定清热类中药复方制剂有效成分含量的研究	郗洋	河北医科大学	硕士	2015	1	256	原版阅读      CNKI AI阅读
816	多指标分析方法在精制冠心颗粒等8种中药复方制剂质量控制方面的应用研究	姜晖	河北医科大学	硕士	2015	2	286	原版阅读      CNKI AI阅读
817	前列安颗粒提取工艺的优化及主要成分在大鼠体内药代动力学研究	梁振江	河北医科大学	硕士	2015		118	原版阅读      CNKI AI阅读
818	清热抗毒口服液制备工艺研究及其质量标准的建立	杨静	河北医科大学	硕士	2015		853	原版阅读      CNKI AI阅读
819	盐酸小檗碱对NAFLD大鼠肠黏膜屏障的保护性研究	李东浩	河北医科大学	硕士	2015	12	504	原版阅读      CNKI AI阅读
820	盐酸小檗碱对慢性脑缺血大鼠认知功能的改善作用	李志红	郑州大学	硕士	2015	12	333	原版阅读      CNKI AI阅读
821	小檗碱对糖尿病肾病大鼠肾脏保护作用及对肾小球系膜细胞前列腺素EP1受体信号通路的调控	倪伟建	安徽医科大学	硕士	2015	1	439	原版阅读      CNKI AI阅读
822	应用大鼠急性痛风性关节炎和高尿酸血症模型研究三妙丸方中牛膝“引药下行”作用	吴娟	安徽医科大学	硕士	2015	29	851	原版阅读      CNKI AI阅读
823	盐酸小檗碱对急性脑梗死患者血清尿酸及同型半胱氨酸水平的影响	刘微微	大连医科大学	硕士	2015	1	90	原版阅读      CNKI AI阅读
824	白头翁颗粒的制备及其药效学研究	张颖	吉林大学	硕士	2014	3	820	原版阅读      CNKI AI阅读
825	消积止泻颗粒的研制及质量标准研究	段文强	山东中医药大学	硕士	2014	2	507	原版阅读      CNKI AI阅读
826	小檗碱及其衍生物抗痛风作用研究	刘悦	佳木斯大学	硕士	2014	19	728	原版阅读      CNKI AI阅读
827	几种原小檗碱类生物碱与G-四链体结构相互作用的研究	郝润	北京工业大学	博士	2014	4	733	原版阅读      CNKI AI阅读
828	多成分环境对中药口服吸收影响的评价方法研究	李和伟	北京中医药大学	博士	2014	20	1593	原版阅读      CNKI AI阅读
829	表小檗碱体内外生物代谢反应研究	叶静	北京中医药大学	硕士	2014	3	336	原版阅读      CNKI AI阅读
830	小檗碱对多囊卵巢综合征女性卵巢睾酮水平以及糖代谢的影响	庄冰洁	黑龙江中医药大学	硕士	2014		60	原版阅读      CNKI AI阅读
831	小檗碱对GSK3β过表达的中国仓鼠卵巢细胞甾体激素合成能力的影响	刘丽萍	黑龙江中医药大学	硕士	2014		50	原版阅读      CNKI AI阅读
832	风痛安胶囊质量标准的研究	付俊美	哈尔滨商业大学	硕士	2014		179	原版阅读      CNKI AI阅读
833	黄连和小檗碱对三种体外培养细胞毒性的初步研究	刘腾飞	安徽农业大学	硕士	2014	6	248	原版阅读      CNKI AI阅读
834	高磺基丙氨酸神经毒性机制及中药单体小檗碱拮抗作用的研究	谭敏	广州中医药大学	硕士	2014	2	282	原版阅读      CNKI AI阅读
835	大肠癌变过程中microRNA、DNA甲基转移酶的相互调控及中药干预	吴丽云	广州中医药大学	硕士	2014	8	347	原版阅读      CNKI AI阅读
836	盐酸小檗碱在罗非鱼体内药代动力学及残留研究	秦青英	广东海洋大学	硕士	2014	8	317	原版阅读      CNKI AI阅读
837	射干等鲜药材的产地初加工工艺研究	何艳君	湖南农业大学	硕士	2014	5	466	原版阅读      CNKI AI阅读
838	硫酸小檗碱对铜绿微囊藻的活性及其作用机理	王欣	华中农业大学	硕士	2014	2	393	原版阅读      CNKI AI阅读
839	白屈菜总生物碱提取工艺和质量控制的研究	马宁	黑龙江中医药大学	硕士	2014	6	809	原版阅读      CNKI AI阅读
840	超高压提取法、一测多评法和对照提取物法在关黄柏中的应用研究	刘顺	苏州大学	硕士	2014	13	777	原版阅读      CNKI AI阅读
841	小檗碱与抗肿瘤药的增效作用研究	曹阳	福建中医药大学	硕士	2014	8	741	原版阅读      CNKI AI阅读
842	小檗碱联合多柔比星抗肿瘤作用的机制研究	宋霞	福建中医药大学	硕士	2014	5	454	原版阅读      CNKI AI阅读
843	烧伤愈合膏新剂型水凝胶的临床前研究	徐彬	湖北中医药大学	硕士	2014	3	771	原版阅读      CNKI AI阅读
844	小檗碱的肠道菌群生物转化研究	李梦	上海交通大学	硕士	2014	24	1110	原版阅读      CNKI AI阅读
845	一清系列制剂标准统一规范化研究	杨希	湖北中医药大学	硕士	2014	2	487	原版阅读      CNKI AI阅读
846	基于肠易激综合征模型的戊己丸药代动力学研究	巩仔鹏	中国中医科学院	博士	2014	5	635	原版阅读      CNKI AI阅读
847	黄连素治疗糖尿病肾病疗效和安全性的评价—荟萃分析	姚金铭	山东中医药大学	硕士	2014		385	原版阅读      CNKI AI阅读
848	盐酸小檗碱/蒙脱石复合散的研究	孙萌	山东中医药大学	硕士	2014	2	252	原版阅读      CNKI AI阅读
849	血清IL-18在大鼠IR发生发展过程中的变化及小檗碱对其影响的研究	段丹波	山西医科大学	硕士	2014		105	原版阅读      CNKI AI阅读
850	阔叶十大功劳降胆固醇活性成分及金龟子绿僵菌化学成分的研究	王乐	暨南大学	硕士	2014	1	264	原版阅读      CNKI AI阅读
	中文题名	作者	学位授予单位	数据库	学位授予年度	被引	下载	操作
851	黄连生物碱降糖作用及构效关系初探	王德珍	西南大学	硕士	2014	26	1045	原版阅读      CNKI AI阅读
852	田黄片有效成分（群）治疗脂肪肝的效应和机理研究	范辉	南方医科大学	博士	2014		398	原版阅读      CNKI AI阅读
853	小檗碱干预非酒精性脂肪性肝炎（NASH）的分子机制研究	张慧芹	北京中医药大学	博士	2014	10	2691	原版阅读      CNKI AI阅读
854	盐酸小檗碱对乳腺癌细胞的生长抑制作用及其机制研究	温纯洁	重庆医科大学	博士	2014	18	1387	原版阅读      CNKI AI阅读
855	基于治疗NAFLD的三味中药及有效成分的活性研究	匡双玉	湖南中医药大学	博士	2014	9	858	原版阅读      CNKI AI阅读
856	丙酸杆菌的耐药研究及盐酸小檗碱对耐药株的抑制机制研究	曾宪玉	湖南中医药大学	博士	2014	5	412	原版阅读      CNKI AI阅读
857	葛根芩连汤及其有效组分干预非酒精性脂肪性肝炎PPARγ的作用机制研究	王允亮	北京中医药大学	博士	2014	25	3931	原版阅读      CNKI AI阅读
858	盐酸小檗碱对小鼠细胞DNA损伤和氧化性损伤的研究	王璐	辽宁大学	硕士	2014		144	原版阅读      CNKI AI阅读
859	PGP9.5、GFAP、GDNF在NSAIDs肠病大鼠中的表达及黄连素保护机制的研究	袁媛	浙江中医药大学	硕士	2014		96	原版阅读      CNKI AI阅读
860	连芩解毒颗粒制备工艺及质量标准研究	吴萍	湖南中医药大学	硕士	2014	1	491	原版阅读      CNKI AI阅读
861	葛根素、盐酸小檗碱和芍药苷定量转运机制及线性呋喃类香豆素对其在Caco-2细胞模型中转运影响的研究	朱梦良	江西中医药大学	硕士	2014	1	224	原版阅读      CNKI AI阅读
862	雷公藤多苷联合小檗碱对糖尿病肾病大鼠肾小球内皮细胞相关因子的干预研究	王晓宇	天津医科大学	硕士	2014		158	原版阅读      CNKI AI阅读
863	雷公藤多苷联合小檗碱对糖尿病肾病大鼠肾小球基底膜相关因子的干预研究	王珊珊	天津医科大学	硕士	2014		105	原版阅读      CNKI AI阅读
864	新型复方植物杀菌消毒剂的研究	黄艳翠	天津大学	硕士	2014	11	920	原版阅读      CNKI AI阅读
865	小檗碱抗单纯疱疹病毒活性的初步研究	宋思维	南京大学	硕士	2014	8	293	原版阅读      CNKI AI阅读
866	分子靶向药物吉非替尼和埃克替尼所致腹泻作用的比较及分子机制	洪少成	南京大学	硕士	2014	9	424	原版阅读      CNKI AI阅读
867	小檗碱通过抑制NLRP3炎症小体活化改善小鼠胰岛素抵抗	周航	南京大学	硕士	2014		459	原版阅读      CNKI AI阅读
868	小檗碱对大鼠肝脏冷缺血再灌注损伤的保护作用	周园	天津医科大学	硕士	2014	3	98	原版阅读      CNKI AI阅读
869	大肠癌癌变过程中E-cadherin，PAR-3表达变化及其microRNA调控的中药干预	苏孟	广州中医药大学	硕士	2014		232	原版阅读      CNKI AI阅读
870	中西药组合对多重耐药鲍曼不动杆菌体外抑菌活性的研究	张晓玲	济南大学	硕士	2014	15	867	原版阅读      CNKI AI阅读
871	基于功能核酸的新型荧光传感器研究	许丽君	郑州大学	硕士	2014	2	245	原版阅读      CNKI AI阅读
872	石蒜碱和小檗碱对植物病原真菌抑制作用及其抑菌生理指标分析	任伟	河南农业大学	硕士	2014	35	855	原版阅读      CNKI AI阅读
873	滋肾丸活性成分的吸收特征和体内变化过程研究	刘晓卫	第二军医大学	硕士	2014	7	407	原版阅读      CNKI AI阅读
874	协同氟康唑抗耐药真菌光亲和探针的设计合成及活性研究	田淑娟	第二军医大学	硕士	2014	2	316	原版阅读      CNKI AI阅读
875	黄连须质量标准研究和黄连及其炮制品质量标准提升	孙建彬	成都中医药大学	硕士	2014	4	543	原版阅读      CNKI AI阅读
876	突出药效学的中药质量与日服用次数研究	白金霞	成都中医药大学	硕士	2014		159	原版阅读      CNKI AI阅读
877	通络糖泰颗粒药学部分研究	胡清	成都中医药大学	硕士	2014	1	108	原版阅读      CNKI AI阅读
878	小檗碱对巨噬细胞泡沫化的影响及其与ACE2-Ang-(1-7)-MAS轴相关性研究	张琴	重庆医科大学	硕士	2014	4	190	原版阅读      CNKI AI阅读
879	载白蛋白纳米粒的温敏原位凝胶给药系统的研究	娄杰	重庆医科大学	硕士	2014	2	619	原版阅读      CNKI AI阅读
880	基于水凝胶复合织物新载体的中药有效成分缓释给药系统的研究	徐和	成都中医药大学	硕士	2014	4	524	原版阅读      CNKI AI阅读
881	一测多评技术在银杏叶提取物及金鸡制剂中的应用研究	杨艳模	湖南中医药大学	硕士	2014	3	697	原版阅读      CNKI AI阅读
882	不同剂量小檗碱对酒精性心肌损伤大鼠的保护作用研究	刘慧	湖南师范大学	硕士	2014	2	143	原版阅读      CNKI AI阅读
883	盐酸小檗碱诱导人脑胶质瘤细胞U251凋亡及其与HERG钾离子通道的表达相关研究	杨昊	苏州大学	硕士	2014	2	172	原版阅读      CNKI AI阅读
884	血清FGF21与大鼠肝脏脂肪变及胰岛素抵抗程度的关系	李婷	山西医科大学	硕士	2014		342	原版阅读      CNKI AI阅读
885	小檗碱对脂多糖诱导的THP-1细胞相关炎症因子的影响	刘司漩	山西医科大学	硕士	2014	6	390	原版阅读      CNKI AI阅读
886	苍柏纳米乳在体肠吸收及药动学研究	赵文龙	河南中医学院	硕士	2014	6	598	原版阅读      CNKI AI阅读
887	大肠肿瘤发生中肠菌紊乱及小檗碱干预的研究	于亚男	上海交通大学	博士	2014	14	831	原版阅读      CNKI AI阅读
888	小檗碱烷基化衍生物的合成及其与小檗碱药理活性的比较	陈超	西南大学	硕士	2014	9	841	原版阅读      CNKI AI阅读
889	五参二连颗粒的制备工艺和质量标准研究	陈永刚	山东大学	硕士	2014	3	636	原版阅读      CNKI AI阅读
890	妇炎康凝胶的药学研究	杨锐	南京中医药大学	硕士	2014		136	原版阅读      CNKI AI阅读
891	肠康颗粒的药学研究	华俊磊	南京中医药大学	硕士	2014	1	244	原版阅读      CNKI AI阅读
892	盐酸小檗碱普通及长循环脂质体的初步研究	王兴慧	南京中医药大学	硕士	2014	2	380	原版阅读      CNKI AI阅读
893	基于系统模拟的黄连解毒汤抗脑缺血的整合PK-PD研究	王文哲	南京中医药大学	硕士	2014	1	200	原版阅读      CNKI AI阅读
894	小檗碱和人参皂苷Rb1合用对脂肪细胞炎症因子表达和炎症信号通路的影响	张红霞	南京中医药大学	硕士	2014	10	979	原版阅读      CNKI AI阅读
895	黄芩—黄连药对与肠道菌群的相互作用研究	徐君	南京中医药大学	硕士	2014	132	7534	原版阅读      CNKI AI阅读
896	舒乐洗剂质量标准及治疗VVC效应机制初步研究	王慧	南京中医药大学	硕士	2014	2	433	原版阅读      CNKI AI阅读
897	小檗碱在儿童耐药急性淋巴细胞白血病靶向治疗中的作用机制研究	刘健	华中科技大学	博士	2014	1	203	原版阅读      CNKI AI阅读
898	小檗碱通过靶向AKR1C3抑制去势抵抗性前列腺癌细胞生长的作用及机制研究	田原僮	吉林大学	博士	2014	8	898	原版阅读      CNKI AI阅读
899	多核分子双黄苷、双黄素的合成及其抗菌、抗炎活性研究	刘丽贤	广州中医药大学	硕士	2014		130	原版阅读      CNKI AI阅读
900	盐酸小檗碱抑制胆囊结石形成机制的研究	王启晗	上海交通大学	硕士	2017		131	原版阅读      CNKI AI阅读
	中文题名	作者	学位授予单位	数据库	学位授予年度	被引	下载	操作
901	口疡清微丸制备工艺及质量标准研究	黄育生	广州中医药大学	硕士	2014		310	原版阅读      CNKI AI阅读
902	胆酸偶联小檗碱衍生物A4，B4的药代动力学研究	华长龙	东北林业大学	硕士	2014	1	107	原版阅读      CNKI AI阅读
903	柴芍肠宁颗粒药学研究	刘耀	贵阳中医学院	硕士	2014		421	原版阅读      CNKI AI阅读
904	以四羟基原小檗碱为前体的新化合物合成与研究	李小龙	长春工业大学	硕士	2014	1	248	原版阅读      CNKI AI阅读
905	GLUT4和UCP2在非酒精性脂肪性肝病中的作用以及小檗碱对GLUT4和UCP2表达的影响	吴晓艳	泸州医学院	硕士	2014	1	142	原版阅读      CNKI AI阅读
906	黄柏不同规格、不同炮制品内在质量研究	吴珊珊	成都中医药大学	硕士	2014	4	620	原版阅读      CNKI AI阅读
907	四种中药制剂在大鼠体内的代谢研究	陈小双	昆明理工大学	硕士	2014	2	461	原版阅读      CNKI AI阅读
908	黄连须中生物碱含量测定及分布研究	高倩	西南大学	硕士	2014	12	1455	原版阅读      CNKI AI阅读
909	8-己基小檗碱与氟喹诺酮类药物联用抗金色葡萄球菌作用及增效机理研究	代姝	西南大学	硕士	2014	2	381	原版阅读      CNKI AI阅读
910	内脏脂肪素激活MAPKs通路参与动脉粥样硬化形成及小檗碱的干预研究	万强	南方医科大学	博士	2014	11	1127	原版阅读      CNKI AI阅读
911	三黄方的药代动力学与调脂降糖作用研究	刘庆丰	复旦大学	博士	2014	2	315	原版阅读      CNKI AI阅读
912	小檗碱、地西他滨去甲基化调控急性髓系白血病细胞的逆转耐药作用及其机制探讨	王治香	南方医科大学	博士	2014	2	778	原版阅读      CNKI AI阅读
913	灵光丹质量标准的研究	王晓龙	山西医科大学	硕士	2014		209	原版阅读      CNKI AI阅读
914	四氢小檗碱类化合物的荧光性质及其分析方法研究	穆园园	河北师范大学	硕士	2014	6	435	原版阅读      CNKI AI阅读
915	小檗碱类化合物的荧光性质及其分析方法研究	乔江鹏	河北师范大学	硕士	2014	6	644	原版阅读      CNKI AI阅读
916	小檗碱对脑缺血损伤神经元G0/G1期的影响及其机制	柴玉爽	清华大学	博士	2014	1	516	原版阅读      CNKI AI阅读
917	小檗碱缓解伊立替康对肠道免疫系统损伤的机制研究	刘丹	大连医科大学	博士	2014	18	1406	原版阅读      CNKI AI阅读
918	药材不同粉碎粒度栀子金花丸与分散片溶出度比较及其多指标成分含量测定的方法建立	陈威	承德医学院	硕士	2014		131	原版阅读      CNKI AI阅读
919	稳定表达hOCT2细胞模型的构建及OCT2在抗抑郁机制中的作用	王凯	浙江大学	硕士	2014	2	734	原版阅读      CNKI AI阅读
920	小檗碱与肝药酶的相互作用及其代谢机制研究	陈健龙	长春中医药大学	硕士	2014	3	548	原版阅读      CNKI AI阅读
921	丝织物生态加工技术及其性能研究	陈伟	苏州大学	硕士	2014	5	328	原版阅读      CNKI AI阅读
922	小檗碱对糖尿病大鼠胃肠神经系统损伤的改善作用及相关机制	郝璋森	河北医科大学	硕士	2014	5	211	原版阅读      CNKI AI阅读
923	β-环糊精及其衍生物包合阿维菌素的研究	郭宁	陕西科技大学	硕士	2014	6	561	原版阅读      CNKI AI阅读
924	多位点微透析采样技术动态监测大鼠体内的三妙丸中生物碱含量的方法学研究	欧咏	安徽医科大学	硕士	2014	15	663	原版阅读      CNKI AI阅读
925	小檗碱通过EP4-Gαs-cAMP信号通路对不同阶段糖尿病肾病大鼠肾脏的保护作用	杨洋	安徽医科大学	硕士	2014		248	原版阅读      CNKI AI阅读
926	黄柏中小檗碱与黄柏碱的提取工艺研究	陈阳峰	湖南农业大学	硕士	2013	4	1708	原版阅读      CNKI AI阅读
927	SPRC等创新药物质量控制中分析方法的研究与应用	赵美艳	复旦大学	硕士	2013		324	原版阅读      CNKI AI阅读
928	妇炎平洗剂制备工艺及质量标准研究	路营营	山东大学	硕士	2013	1	520	原版阅读      CNKI AI阅读
929	原小檗碱类生物碱与CYP450和药物转运体的相互作用研究	孙思源	浙江大学	博士	2013	10	1878	原版阅读      CNKI AI阅读
930	基于纳米纤维素和脂质体的小檗碱缓释系统	黄琳	华中科技大学	博士	2013	1	861	原版阅读      CNKI AI阅读
931	PPARs筛选模型的构建及抗糖尿病天然药物活性成分的筛选	林叶新	重庆大学	博士	2013	12	2009	原版阅读      CNKI AI阅读
932	基于亚锡还原作用的纳米粒子的合成与光谱分析应用研究	张萍萍	湖南科技大学	硕士	2013	1	67	原版阅读      CNKI AI阅读
933	黄柏中盐酸小檗碱超声波经皮渗透量实验研究	刘晓蕾	山西大学	硕士	2013	3	408	原版阅读      CNKI AI阅读
934	毛细管电泳技术在复杂药物体系与药物质量控制中的应用研究	王辉	广西民族大学	硕士	2013		140	原版阅读      CNKI AI阅读
935	黄柏、黄连体内外成分对比研究	李媛	黑龙江中医药大学	硕士	2013	16	1062	原版阅读      CNKI AI阅读
936	康妇灵片的质量标准研究	李佳	吉林大学	硕士	2013	1	336	原版阅读      CNKI AI阅读
937	氟康唑和小檗碱的真菌胞内含量及协同抗耐药机制研究	王晓飞	福建中医药大学	硕士	2013	4	463	原版阅读      CNKI AI阅读
938	小檗碱对人卵巢癌细胞的生长抑制作用及其机制研究	徐光伟	山东大学	硕士	2013	16	502	原版阅读      CNKI AI阅读
939	黄连生物碱的安全性评价及8-十六烷基小檗碱分析方法的研究	易骏	西南大学	硕士	2013	10	745	原版阅读      CNKI AI阅读
940	黄连生物碱对线粒体复合物Ⅲ蛋白表达的影响	刘旭晶	西南大学	硕士	2013	3	282	原版阅读      CNKI AI阅读
941	味连须药材的安全性评价	张德周	西南大学	硕士	2013	4	217	原版阅读      CNKI AI阅读
942	黄连生物碱对解偶联蛋白2的影响	舒何晶	西南大学	硕士	2013	1	188	原版阅读      CNKI AI阅读
943	8-烷基小檗碱衍生物降血脂活性及对肝脏LDLR表达的影响	史青	西南大学	硕士	2013	2	314	原版阅读      CNKI AI阅读
944	小檗碱提取物抑制多重耐药大肠埃希菌外排喹诺酮类药物的研究	刘三侠	西南大学	硕士	2013	33	646	原版阅读      CNKI AI阅读
945	广痛消有效成分含量测定及健康人体药代动力学研究	朱莉	北京中医药大学	博士	2013	7	1400	原版阅读      CNKI AI阅读
946	小檗碱抑制高脂诱导的大鼠代谢性内毒素血症及其机制的研究	许建慧	第二军医大学	博士	2013	25	1598	原版阅读      CNKI AI阅读
947	千金降糖方现代提取工艺研究	张科	天津医科大学	硕士	2013	1	147	原版阅读      CNKI AI阅读
948	荧光光谱成像法在中成药质量的应用研究及图像处理程序的设计	梁兰	暨南大学	硕士	2013	1	315	原版阅读      CNKI AI阅读
949	黄连产小檗碱内生真菌的分离鉴定	厉秀秀	西北农林科技大学	硕士	2013	4	459	原版阅读      CNKI AI阅读
950	三黄补凝胶对牙周骨缺损再生和BMP-2表达影响的实验研究	左燕	重庆医科大学	硕士	2013	1	207	原版阅读      CNKI AI阅读
	中文题名	作者	学位授予单位	数据库	学位授予年度	被引	下载	操作
951	小檗碱抑制HCT116细胞增殖与Wnt/β-catenin信号的关系研究	杨秋珺	重庆医科大学	硕士	2013	4	272	原版阅读      CNKI AI阅读
952	小檗碱对3T3-L1前脂肪细胞分化的调控作用及其与Insig-2基因关系的研究	杨发建	重庆医科大学	硕士	2013		261	原版阅读      CNKI AI阅读
953	小檗碱对AD大鼠认知功能的改善及其机制的研究	蔡吉章	中南大学	硕士	2013	3	326	原版阅读      CNKI AI阅读
954	盐酸小檗碱对Jurkat细胞凋亡及Survivin基因表达的影响	万奔明	中南大学	硕士	2013	5	228	原版阅读      CNKI AI阅读
955	藏药吉尔巴防治糖尿病视网膜病变药效及其机制研究	张燕	成都中医药大学	硕士	2013	6	266	原版阅读      CNKI AI阅读
956	中药复方三妙丸的物质基础和药代动力学研究	李祥	第二军医大学	硕士	2013	7	891	原版阅读      CNKI AI阅读
957	黄连及其有效组分小檗碱的生物活性研究	李小玲	湖北师范学院	硕士	2013	5	945	原版阅读      CNKI AI阅读
958	葫芦巴4-羟基异亮氨酸抑制TNF-α改善高糖诱导3T3-L1脂肪细胞胰岛素抵抗	余海	华中科技大学	硕士	2013	2	258	原版阅读      CNKI AI阅读
959	黄连煮散颗粒药学研究	徐晓秋	成都中医药大学	硕士	2013	1	334	原版阅读      CNKI AI阅读
960	复方枣仁安神胶囊的制备工艺和质量控制研究	吴亦菲	安徽中医药大学	硕士	2013	3	757	原版阅读      CNKI AI阅读
961	小檗碱对2型糖尿病大鼠胰腺组织自噬相关蛋白的影响	栾云	华中科技大学	硕士	2013	5	313	原版阅读      CNKI AI阅读
962	交泰丸活性组分配伍对NIT-1胰岛β细胞内脂肪沉积的影响	赵莉	华中科技大学	硕士	2013		170	原版阅读      CNKI AI阅读
963	小檗碱对2型糖尿病大鼠骨骼肌和脂肪组织LKB1-AMPK-TORC2信号通路的影响	许啸虎	华中科技大学	硕士	2013	2	413	原版阅读      CNKI AI阅读
964	小檗碱对高脂合并STZ诱导的糖尿病肾病大鼠前列腺素受体表达的影响	朱玲娜	安徽中医药大学	硕士	2013	1	164	原版阅读      CNKI AI阅读
965	黄檗组织培养及其生物碱含量研究	李文远	河北科技大学	硕士	2013	5	298	原版阅读      CNKI AI阅读
966	效阈浓度下复方四种单体及其配伍的细胞生物效应	张敬升	北京中医药大学	硕士	2013	5	600	原版阅读      CNKI AI阅读
967	高/等渗溶液减少中药成分流失的研究	黄义娜	西南交通大学	硕士	2013	1	191	原版阅读      CNKI AI阅读
968	小檗碱对癫痫大鼠脑P-糖蛋白表达的影响及机制探讨	刘新红	南京医科大学	硕士	2013	1	225	原版阅读      CNKI AI阅读
969	小檗碱对高脂饮食诱导的小鼠慢性肾损伤的保护作用及其相关机制的研究	赵晔	南京医科大学	硕士	2013	2	478	原版阅读      CNKI AI阅读
970	小檗碱单用或联合万古霉素对艰难梭菌的体外及体内抗菌活性研究	徐少华	复旦大学	硕士	2013	7	471	原版阅读      CNKI AI阅读
971	小檗碱和阿霉素联合使用药理作用的研究	童南南	西南大学	硕士	2013	4	570	原版阅读      CNKI AI阅读
972	某些超分子主体与药物相互作用的光谱特性及色谱行为研究	常银霞	山西师范大学	博士	2013	2	477	原版阅读      CNKI AI阅读
973	药物分子对葫芦脲空腔的竞争作用研究及分析应用	王广泉	山西师范大学	博士	2013	5	550	原版阅读      CNKI AI阅读
974	玄参和黄连的化学成分分离及其生物活性研究	田金凤	西南大学	博士	2013	73	2846	原版阅读      CNKI AI阅读
975	蒙脱土与石墨烯修饰电极及其在药物分析中的应用研究	陈雯	西南大学	硕士	2013	1	331	原版阅读      CNKI AI阅读
976	膜乳化法制备盐酸小檗碱自乳化微球的研究	李红桥	西南大学	硕士	2013	1	452	原版阅读      CNKI AI阅读
977	小檗碱对乳腺癌细胞的放射增敏作用及其机制研究	王静	山东大学	博士	2013	10	554	原版阅读      CNKI AI阅读
978	肠尔舒结肠溶胶囊的药学及初步药效学研究	汪明志	南京中医药大学	硕士	2013		149	原版阅读      CNKI AI阅读
979	双氢睾酮抑制雄激素抵抗性前列腺癌及其分子机制研究和小檗碱对膀胱癌T24细胞乙酰肝素酶作用的相关研究	阎磊	山东大学	博士	2013	7	459	原版阅读      CNKI AI阅读
980	药用辅料对岩黄连生物碱肠道吸收影响的研究	史月姣	南京中医药大学	硕士	2013	4	247	原版阅读      CNKI AI阅读
981	功能化小檗碱衍生物的合成及其DNA结合切割活性	王永民	南方医科大学	硕士	2013	2	134	原版阅读      CNKI AI阅读
982	基于异喹啉类生物碱小分子与AP-DNA相互作用的DNA识别	吴飞	浙江师范大学	硕士	2013		324	原版阅读      CNKI AI阅读
983	环化小檗碱类似物和Sansanmycin A衍生物的设计、合成及活性研究	李阳彪	北京协和医学院	博士	2013		463	原版阅读      CNKI AI阅读
984	小檗碱对高脂加链脲佐菌素诱导的糖尿病肾病大鼠肾脏的保护作用及其对G蛋白偶联受体激酶的调控	王凤玲	安徽医科大学	硕士	2013	1	306	原版阅读      CNKI AI阅读
985	四氢小檗碱衍生物的合成与抗炎活性研究	洪娟	暨南大学	硕士	2013	7	707	原版阅读      CNKI AI阅读
986	黑果小檗质量控制及近红外光谱技术在质量控制中的应用	孙颖平	新疆医科大学	硕士	2013	4	256	原版阅读      CNKI AI阅读
987	基于成分敲出/敲入的中药（黄连）药效物质辨识和质量控制模式的研究	李俊贤	昆明理工大学	硕士	2013	22	1703	原版阅读      CNKI AI阅读
988	东北地区天然黄檗种群生物碱含量差异多尺度分析	徐丽娇	东北林业大学	硕士	2013	16	240	原版阅读      CNKI AI阅读
989	小檗碱胆酸衍生物B4诱导SMMC-7721肝癌细胞凋亡机制	张黎	东北林业大学	硕士	2013		202	原版阅读      CNKI AI阅读
990	代谢综合征中医辨证及中药干预研究	万玲	中南大学	硕士	2013	6	542	原版阅读      CNKI AI阅读
991	盐酸小檗碱与阿托伐他汀钙对急性脑梗死患者外周血单核细胞比例及计数的影响	段丽婷	大连医科大学	硕士	2013	1	81	原版阅读      CNKI AI阅读
992	盐酸小檗碱与阿托伐他汀钙对急性脑梗死患者外周血嗜碱性粒细胞比例及计数的影响	吕双双	大连医科大学	硕士	2013		88	原版阅读      CNKI AI阅读
993	黄柏及饮片分级规格质量评价研究	高源	成都中医药大学	硕士	2013	8	576	原版阅读      CNKI AI阅读
994	基于1H-NMR技术对道地药材黄柏和泽泻质量控制的代谢组学研究	罗尚华	成都中医药大学	硕士	2013	20	940	原版阅读      CNKI AI阅读
995	戊己双层片的药学部分研究	张玉莉	成都中医药大学	硕士	2013	4	163	原版阅读      CNKI AI阅读
996	黄连混合生物碱转化为单体巴马汀的研究	郑金龙	长春工业大学	硕士	2013	2	203	原版阅读      CNKI AI阅读
997	丙型肝炎合并代谢综合征的治疗策略及药物机制研究	赵志云	北京协和医学院	博士	2013		396	原版阅读      CNKI AI阅读
998	蒙药复方协日嘎-4有效物质基础研究	杨婷	内蒙古医科大学	硕士	2013	10	457	原版阅读      CNKI AI阅读
999	戊己胃漂浮缓释片的研制	王群	贵阳中医学院	硕士	2013	6	412	原版阅读      CNKI AI阅读
1000	早期ACM大鼠心脏中MMPs、TIMPs表达变化及小檗碱干预作用的研究	杨慧	湖南师范大学	硕士	2013		106	原版阅读      CNKI AI阅读
	中文题名	作者	学位授予单位	数据库	学位授予年度	被引	下载	操作
1001	三种天然产物中生物碱类化合物的液质联用分析	张晗	东华大学	硕士	2013	2	1234	原版阅读      CNKI AI阅读
1002	清瘟败毒颗粒的制备及药理学研究	郭时金	吉林大学	硕士	2012	3	553	原版阅读      CNKI AI阅读
1003	黄连等药材质量评价指标与配伍组分的对应性研究	侯艺辉	北京中医药大学	硕士	2012		198	原版阅读      CNKI AI阅读
1004	鱼用健胃整肠颗粒的研制及应用研究	孙武	福建农林大学	硕士	2012		99	原版阅读      CNKI AI阅读
1005	小陷胸汤药效物质基础研究	许颖	沈阳药科大学	博士	2012	7	444	原版阅读      CNKI AI阅读
1006	评价小檗碱作为天然化合物抑制挑褐腐菌	符伟辉	北京化工大学	硕士	2012	9	260	原版阅读      CNKI AI阅读
1007	天然药物小檗碱抑制烟曲霉作用机制的研究	高磊	吉林大学	博士	2012	10	982	原版阅读      CNKI AI阅读
1008	黄柏血清药物成分及尿液代谢成分分析	冯倩晴	黑龙江中医药大学	硕士	2012	6	1392	原版阅读      CNKI AI阅读
1009	小陷胸汤颗粒剂制备工艺与质量标准研究	韩瑞伟	黑龙江中医药大学	硕士	2012	10	1982	原版阅读      CNKI AI阅读
1010	黄连阿胶颗粒制备工艺与质量标准研究	刘畅	黑龙江中医药大学	硕士	2012	6	1997	原版阅读      CNKI AI阅读
1011	盐酸小檗碱O/W型口服微乳的制备及体内外评价	陆秀玲	中南大学	硕士	2012	13	1510	原版阅读      CNKI AI阅读
1012	中药延胡索有效成分的吸收转运机制研究	刘强	福建中医药大学	硕士	2012	8	1062	原版阅读      CNKI AI阅读
1013	中药复方“加味白头翁”颗粒剂的研制及其对鸡大肠杆菌病的疗效观察	王亮	四川农业大学	硕士	2012	16	1390	原版阅读      CNKI AI阅读
1014	黄连饮片中小檗碱的提取与重金属去除工艺的研究	高锐	安徽农业大学	硕士	2012	5	590	原版阅读      CNKI AI阅读
1015	小檗碱对微囊藻抑制效应的研究	杨攀	天津农学院	硕士	2012	4	322	原版阅读      CNKI AI阅读
1016	四氢原小檗碱同类物手性药代动力学及代谢研究	张寅瑛	第二军医大学	硕士	2012	7	831	原版阅读      CNKI AI阅读
1017	泻心汤有效成分抗糖尿病肾病活性的体外研究：对肾小管上皮细胞的保护作用	王征	复旦大学	硕士	2012	8	305	原版阅读      CNKI AI阅读
1018	盐酸小檗碱磁靶向光敏脂质体的制备及性质研究	王冬青	南京师范大学	硕士	2012	1	368	原版阅读      CNKI AI阅读
1019	调脂活性组分的制备及其制剂研究	姚曦	广东药学院	硕士	2012	2	118	原版阅读      CNKI AI阅读
1020	小檗碱对高脂喂养大鼠高分子量脂联素与总脂联素的比值及脂联素受体表达的影响	吴跃跃	复旦大学	硕士	2012		213	原版阅读      CNKI AI阅读
1021	天然药物人参皂苷和小檗碱的神经保护作用及机制研究	贾立云	山东大学	硕士	2012	24	1363	原版阅读      CNKI AI阅读
1022	LPK基因在非酒精性脂肪肝中的表观遗传学研究	张玉皓	复旦大学	博士	2012	3	408	原版阅读      CNKI AI阅读
1023	小檗碱对家族性腺瘤性息肉病化学防治的实验研究	曹海龙	天津医科大学	博士	2012	4	233	原版阅读      CNKI AI阅读
1024	色谱质谱联用技术的代谢组学方法用于疾病及药物作用机制的研究	谷艳	沈阳药科大学	博士	2012		1003	原版阅读      CNKI AI阅读
1025	小檗碱治疗糠尿病的肠道作用靶点及分子机制研究	李增强	沈阳药科大学	博士	2012	3	361	原版阅读      CNKI AI阅读
1026	几种小分子对NGF诱导的PC12细胞轴突生长作用的研究	刘莉	西北农林科技大学	博士	2012	5	1152	原版阅读      CNKI AI阅读
1027	黄芩苷、苦参碱、小檗碱对NASH大鼠的治疗作用及对L-FABP的影响与机制研究	艾正琳	北京协和医学院	博士	2012	8	721	原版阅读      CNKI AI阅读
1028	小檗碱抑制Apc(Min/+)小鼠息肉生长的机制研究	张慧	天津医科大学	硕士	2012	1	171	原版阅读      CNKI AI阅读
1029	新型水溶性共轭聚合物的合成与荧光传感研究	何娟	湖南师范大学	硕士	2012	1	116	原版阅读      CNKI AI阅读
1030	黄连厚朴药对中有效成分结构修饰初探	邱志兵	广州中医药大学	硕士	2012	2	311	原版阅读      CNKI AI阅读
1031	小檗碱对胰岛素抵抗HepG2细胞AMPK信号通路及其下游糖脂代谢相关蛋白表达的影响	匡霞	华中科技大学	硕士	2012	4	817	原版阅读      CNKI AI阅读
1032	基于葛根芩连汤主要难溶性有效成分的新型自微乳给药系统吸收机理研究	陈莉	广东药学院	硕士	2012	2	419	原版阅读      CNKI AI阅读
1033	黄连丸提取物对糖尿病大鼠肠道二糖酶活性的影响及其有效成分的含量测定	陈玉霜	湖南师范大学	硕士	2012	6	434	原版阅读      CNKI AI阅读
1034	盐酸小檗碱通过SortaseA和Esp途径影响粪肠球菌生物被膜的初步探讨	卜倩倩	中南大学	硕士	2012	4	434	原版阅读      CNKI AI阅读
1035	黄连及川黄柏抗糖尿病活性部位微量化学成分的研究	董二会	北京协和医学院	硕士	2012	20	771	原版阅读      CNKI AI阅读
1036	肝康胶囊质量标准研究	李辉莹	中南大学	硕士	2012	3	1086	原版阅读      CNKI AI阅读
1037	小檗碱对动脉粥样硬化性肾损伤的保护作用及其相关的机制研究	缪刚刚	南京医科大学	硕士	2012		246	原版阅读      CNKI AI阅读
1038	小檗碱对3T3-L1脂肪细胞炎症因子、脂肪因子和脂肪酸代谢的影响	岳晶晶	天津医科大学	硕士	2012	5	1174	原版阅读      CNKI AI阅读
1039	足宁颗粒的制备及初步药理学研究	郭俊浩	华中科技大学	硕士	2012	9	278	原版阅读      CNKI AI阅读
1040	小檗碱对高糖高脂诱导的NIT-1胰岛β细胞胰岛素分泌和自噬的影响	胡亚耘	华中科技大学	硕士	2012	7	495	原版阅读      CNKI AI阅读
1041	不同载体和前体脂质体对盐酸小檗碱体外释放和大鼠体内吸收的影响	杨平	北京中医药大学	硕士	2012	6	938	原版阅读      CNKI AI阅读
1042	小檗碱与咪康唑协同抗耐药白念珠菌作用及其机制研究	傅子晋	第二军医大学	硕士	2012	13	579	原版阅读      CNKI AI阅读
1043	人大肠癌癌旁组织体外培养平台的建立及小檗碱干预的初步研究	闵飞	广州中医药大学	硕士	2012		152	原版阅读      CNKI AI阅读
1044	高脂饮食及小檗碱对非酒精性脂肪肝病幼鼠生长及胰岛素样生长因子表达的影响	张琼	北京中医药大学	硕士	2012		300	原版阅读      CNKI AI阅读
1045	小檗碱对肠易激综合征大鼠内脏高敏感的影响	唐庆林	第二军医大学	硕士	2012	4	406	原版阅读      CNKI AI阅读
1046	凯乐泡腾片的制备工艺及质量标准研究	卢小凤	广州中医药大学	硕士	2012	17	2379	原版阅读      CNKI AI阅读
1047	小檗碱衍生物的合成与药理活性研究	蔡瞻	第二军医大学	硕士	2012	6	1298	原版阅读      CNKI AI阅读
1048	荧光法测定小檗碱的新方法研究	胡莎	陕西师范大学	硕士	2012	1	376	原版阅读      CNKI AI阅读
1049	黄连总生物碱治疗溃疡性结肠炎及其结肠靶向制剂研究	胡元利	南方医科大学	硕士	2012	2	415	原版阅读      CNKI AI阅读
1050	共振光散射技术在原小檗碱类生物碱分析中的应用研究	李华春	西南大学	硕士	2012		151	原版阅读      CNKI AI阅读
	中文题名	作者	学位授予单位	数据库	学位授予年度	被引	下载	操作
1051	黄连代谢及生理特性对增强UV-B的响应研究	温泉	西南大学	硕士	2012	3	233	原版阅读      CNKI AI阅读
1052	小檗碱对膀胱癌的抑制作用及其机制研究	颜克强	山东大学	博士	2012	21	1839	原版阅读      CNKI AI阅读
1053	黄连化学成分的分离及其降糖活性研究	陈红英	西南大学	博士	2012	84	6201	原版阅读      CNKI AI阅读
1054	在体单向肠灌流与Caco-2细胞模型研究黄连解毒汤主要指标成分及其在复方配伍环境中的肠吸收机理	张燕	南京中医药大学	硕士	2012	19	2131	原版阅读      CNKI AI阅读
1055	化学结构、机体状态与复方环境对中药成分药物动力学的影响——以黄连、黄芩主要指标成分为例	何凤	南京中医药大学	硕士	2012	2	666	原版阅读      CNKI AI阅读
1056	葛根芩连混悬剂制备工艺研究	张明明	南方医科大学	硕士	2012		219	原版阅读      CNKI AI阅读
1057	基于1H-NMR代谢物组学技术的多基源中藏药品种质量评价研究	范刚	成都中医药大学	博士	2012	17	1767	原版阅读      CNKI AI阅读
1058	盐酸小檗碱治疗骨肉瘤的作用及其机制	徐西强	华中科技大学	博士	2012	8	733	原版阅读      CNKI AI阅读
1059	复方中药连萸胃滞留渗透泵控释制剂的设计与评价	方瑜	河北医科大学	博士	2012	7	1117	原版阅读      CNKI AI阅读
1060	盐酸小檗碱对急性脑梗死患者血清IgG水平的影响及临床意义	付伟艳	大连医科大学	硕士	2012	2	72	原版阅读      CNKI AI阅读
1061	盐酸小檗碱对急性脑梗死患者外周血大血小板比率的影响	赵美萍	大连医科大学	硕士	2012	4	82	原版阅读      CNKI AI阅读
1062	盐酸小檗碱与阿托伐他汀钙对急性脑梗死患者糖脂代谢影响的比较	杨成艳	大连医科大学	硕士	2012	1	121	原版阅读      CNKI AI阅读
1063	盐酸小檗碱对急性脑梗死患者血清同型半胱氨酸水平的影响	仲婷婷	大连医科大学	硕士	2012	1	103	原版阅读      CNKI AI阅读
1064	盐酸小檗碱对高脂喂养SD大鼠视黄醇结合蛋白4表达及胰岛素受体底物1磷酸化的影响	白瑞苗	南京医科大学	硕士	2012	1	161	原版阅读      CNKI AI阅读
1065	舒胃消疡胶囊的制备与评价	王通艳	苏州大学	硕士	2012		190	原版阅读      CNKI AI阅读
1066	黄柏饮片及颗粒饮片水煎液小檗碱含量和抗炎作用比较研究	王茜	成都中医药大学	硕士	2012	10	560	原版阅读      CNKI AI阅读
1067	濒危药用植物雅连化学成分分析及其与土壤因子的相关性研究	岳清洪	成都中医药大学	硕士	2012	9	502	原版阅读      CNKI AI阅读
1068	不同剂量小檗碱对大鼠缺血心肌的保护作用	丁世豪	兰州大学	硕士	2012	1	173	原版阅读      CNKI AI阅读
1069	清心安神软胶囊的研制	王姿媛	广州中医药大学	硕士	2012	2	397	原版阅读      CNKI AI阅读
1070	黄丹烧伤膏的药学研究	孔德娟	吉林大学	硕士	2012		389	原版阅读      CNKI AI阅读
1071	双柏喷膜剂药学研究	朱小凤	广州中医药大学	硕士	2012	12	893	原版阅读      CNKI AI阅读
1072	三黄泻心汤汤剂、复方浸膏、单味配方浸膏多指标成分含量、特征图谱比较研究	蒋品	贵阳中医学院	硕士	2012	2	806	原版阅读      CNKI AI阅读
1073	超大孔水凝胶的制备、改性及对盐酸小檗碱的释放性能研究	王娜娜	华侨大学	硕士	2012	1	703	原版阅读      CNKI AI阅读
1074	盐酸小檗碱对大鼠非酒精性脂肪肝的作用及机制探讨	于书雷	河北医科大学	硕士	2012	8	560	原版阅读      CNKI AI阅读
1075	结肠安肠溶片的研究	张叶明	吉林大学	硕士	2012	1	324	原版阅读      CNKI AI阅读
1076	2型糖尿病大鼠脑内Aβ与糖脂代谢指标相关性及小檗碱的干预作用	谭颖	哈尔滨商业大学	硕士	2012		247	原版阅读      CNKI AI阅读
1077	清热通淋颗粒的研究	李慧林	山东中医药大学	硕士	2011		400	原版阅读      CNKI AI阅读
1078	二仙汤抗骨质疏松药理作用及蛋白质组学研究	祝峥	沈阳药科大学	博士	2011	1	95	原版阅读      CNKI AI阅读
1079	小檗碱对前列腺癌的抑制作用及其机制研究	王玉	山东大学	博士	2011	19	1646	原版阅读      CNKI AI阅读
1080	小檗碱对人类风湿关节炎成纤维滑膜细胞周期与凋亡的影响及其机制	王秀花	山东大学	博士	2011	3	760	原版阅读      CNKI AI阅读
1081	不同方案治疗糖代谢异常的非酒精性脂肪肝疗效分析及血清FGF21变化	颜红梅	复旦大学	博士	2011	3	529	原版阅读      CNKI AI阅读
1082	序贯中药凝胶的制备及其对实验性大鼠宫颈柱状上皮异位的病理形态学影响	郑晓玲	浙江大学	硕士	2011	1	394	原版阅读      CNKI AI阅读
1083	产小檗碱内生真菌S-NU-41的代谢调节及深层液体发酵的研究	赵昕	西北大学	硕士	2011	4	177	原版阅读      CNKI AI阅读
1084	壳聚糖—小檗碱复合膜制备及性能研究	唐秋萍	北京化工大学	硕士	2011	2	467	原版阅读      CNKI AI阅读
1085	小檗碱治疗实验性糖尿病心肌病作用和机制研究	董世芬	北京中医药大学	博士	2011	8	2322	原版阅读      CNKI AI阅读
1086	滋肾丸药代动力学及其配伍机制研究	蔡飞	第二军医大学	博士	2011	9	1440	原版阅读      CNKI AI阅读
1087	主要矿质元素对生育前期黄连植株生长发育的影响	周波	华中农业大学	硕士	2011	4	281	原版阅读      CNKI AI阅读
1088	光谱分析技术在多氯联苯分析检测中的应用	张凤菊	山东大学	硕士	2011	2	469	原版阅读      CNKI AI阅读
1089	小檗碱对人食管鳞癌细胞的放射增敏作用及其机制研究	姜海燕	山东大学	硕士	2011	5	262	原版阅读      CNKI AI阅读
1090	新型功能化氧化石墨烯药物载体的合成及其性能研究	汪炜燕	南京师范大学	硕士	2011	10	1884	原版阅读      CNKI AI阅读
1091	黄连解毒汤提取精制工艺及安全性评价	魏婷	西南大学	硕士	2011	5	754	原版阅读      CNKI AI阅读
1092	盐酸小檗碱抑制内毒素血症小肠粘膜环氧化酶-2过表达及机制探讨研究	冯爱文	南京大学	博士	2011	2	319	原版阅读      CNKI AI阅读
1093	儿童急性白血病的实验及临床回顾性研究	熊昊	华中科技大学	博士	2011	2	552	原版阅读      CNKI AI阅读
1094	复方盐酸小檗碱结肠定位片的制备与体内外评价研究	邹海艳	北京中医药大学	博士	2011	6	1077	原版阅读      CNKI AI阅读
1095	小檗碱对肠黏膜屏障中上皮紧密连接作用的研究	顾立立	第二军医大学	博士	2011	22	2016	原版阅读      CNKI AI阅读
1096	交泰丸的药代动力学及其治疗2型糖尿病的代谢组学研究	黄召谊	华中科技大学	博士	2011	19	2006	原版阅读      CNKI AI阅读
1097	岩黄连中小檗碱型生物碱生物合成途径相关基因的研究及藜芦中甾体生物碱的微生物转化	陈柯羽	第二军医大学	博士	2011	11	1543	原版阅读      CNKI AI阅读
1098	黄术健胃片的制备工艺与质量标准研究	陈剑平	广州中医药大学	硕士	2011		212	原版阅读      CNKI AI阅读
1099	盐酸小檗碱抑制脂多糖刺激人颊成纤维细胞PGE2、IL-1β的分泌	王春	重庆医科大学	硕士	2011	1	79	原版阅读      CNKI AI阅读
1100	黄连、枳实药对的配伍研究	林丽丽	辽宁中医药大学	硕士	2011	3	599	原版阅读      CNKI AI阅读
	中文题名	作者	学位授予单位	数据库	学位授予年度	被引	下载	操作
1101	小檗碱对心肌肥厚及纤维化的作用及其机制研究	程阔菊	广东药学院	硕士	2011	5	723	原版阅读      CNKI AI阅读
1102	前列栓工艺及质量标准研究	贾艾玲	长春中医药大学	硕士	2011		290	原版阅读      CNKI AI阅读
1103	两种蒙药指纹图谱研究及有效成分含量的测定	曾一	辽宁师范大学	硕士	2011		170	原版阅读      CNKI AI阅读
1104	复方连萸胶囊的制备工艺及质量标准研究	李旸	华中科技大学	硕士	2011	1	276	原版阅读      CNKI AI阅读
1105	小檗碱对胰岛素抵抗HepG2细胞11β-羟基类固醇脱氢酶1mRNA表达的影响	聂鑫	华中科技大学	硕士	2011	2	264	原版阅读      CNKI AI阅读
1106	小檗碱及其衍生物对2型糖尿病大鼠外周组织PTP1B表达的影响	罗运环	华中科技大学	硕士	2011		209	原版阅读      CNKI AI阅读
1107	交泰丸及小檗碱衍生物对糖脂代谢的调节作用	刘德亮	华中科技大学	硕士	2011	7	236	原版阅读      CNKI AI阅读
1108	小檗碱对结肠炎小鼠模型的内质网应激影响的机制研究	姚安龙	南京大学	硕士	2011	16	392	原版阅读      CNKI AI阅读
1109	盐酸小檗碱对大鼠非酒精性脂肪性肝病的干预作用	李晓翠	南京医科大学	硕士	2011	1	194	原版阅读      CNKI AI阅读
1110	小檗碱对动脉粥样硬化性肾损伤的保护作用及与IKK/NFκB信号途径关系的研究	丁辉	南京医科大学	硕士	2011	1	243	原版阅读      CNKI AI阅读
1111	小檗碱抗血管紧张素Ⅳ诱导的心肌肥大与PPAR-α/NO信号通路关系研究	陈加飞	重庆医科大学	硕士	2011		168	原版阅读      CNKI AI阅读
1112	小檗碱抗Ang Ⅳ诱导的血管平滑肌细胞增殖与PPARα-NO信号通路关系研究	王全华	重庆医科大学	硕士	2011		146	原版阅读      CNKI AI阅读
1113	黄连—吴茱萸药对配伍比较研究	高崇佳	辽宁中医药大学	硕士	2011	8	688	原版阅读      CNKI AI阅读
1114	丹黄凝胶剂的药学研究	陈新民	南京中医药大学	硕士	2011	6	1412	原版阅读      CNKI AI阅读
1115	盐酸小檗碱对G6PD酶缺陷患者红细胞的影响	黎红平	南方医科大学	硕士	2011	1	386	原版阅读      CNKI AI阅读
1116	小檗碱对2型糖尿病大鼠治疗效果与机制的研究	阎文柱	辽宁中医药大学	博士	2011	11	1075	原版阅读      CNKI AI阅读
1117	血管性痴呆大鼠的炎症损伤分子机制及小檗碱的保护作用	孙京华	蚌埠医学院	硕士	2011	2	278	原版阅读      CNKI AI阅读
1118	麻夷鼻炎喷雾剂的临床前研究	李颖春	广东药学院	硕士	2011	3	534	原版阅读      CNKI AI阅读
1119	盐酸小檗碱对急性脑梗死患者血清超氧化物歧化酶及丙二醛水平的影响	刘晓琳	大连医科大学	硕士	2011	4	106	原版阅读      CNKI AI阅读
1120	盐酸小檗碱对急性脑梗死患者血清CRP及补体C3、C4水平的影响	刘敏	大连医科大学	硕士	2011		145	原版阅读      CNKI AI阅读
1121	小檗碱及8－羟基二氢小檗碱在小肠吸收机制的比较研究	张晨宇	华中科技大学	硕士	2011	2	320	原版阅读      CNKI AI阅读
1122	小檗碱对高脂—高盐—果糖餐诱致大鼠胰岛素抵抗—左室肥大的抑制作用及其机制	蔡颖	暨南大学	硕士	2011		127	原版阅读      CNKI AI阅读
1123	黄连厚朴配伍主要化学成分在Caco-2细胞模型中的吸收与转运研究	吴安国	广州中医药大学	硕士	2011	13	1730	原版阅读      CNKI AI阅读
1124	黄连—厚朴“药对”的配伍探索及指导小檗碱—厚朴酚合成的初探	牛志强	广州中医药大学	硕士	2011	3	629	原版阅读      CNKI AI阅读
1125	盐酸小檗碱对大鼠肾小管上皮细胞缺血再灌注损伤的保护作用	张日东	南京医科大学	硕士	2011	2	188	原版阅读      CNKI AI阅读
1126	黄连生品及炮制品质量标准、药代动力学和组织分布研究	刘峰	辽宁中医药大学	硕士	2011	7	996	原版阅读      CNKI AI阅读
1127	小檗碱衍生物设计、合成及生理活性研究	丁阳平	西南大学	博士	2011	7	1482	原版阅读      CNKI AI阅读
1128	9-O-小檗碱糖苷同系物的合成与降糖药理活性	陈竹	西南大学	博士	2011	10	597	原版阅读      CNKI AI阅读
1129	盐酸小檗碱与胆碱酯酶互作的物理化学研究及其抗肿瘤作用效应研究	余昌平	武汉大学	博士	2011	1	145	原版阅读      CNKI AI阅读
1130	黄连羊肝丸质量标准的研究	吴阳	辽宁医学院	硕士	2011	2	176	原版阅读      CNKI AI阅读
1131	盐酸小檗碱对大鼠急慢性心肌缺血的保护作用	白彩艳	吉林大学	硕士	2011	5	334	原版阅读      CNKI AI阅读
1132	降脂类中药复方制剂的质量控制方法与研究	何晓文	河北医科大学	硕士	2011	1	764	原版阅读      CNKI AI阅读
1133	三黄栓的体外溶出度及质量标准研究	范凌云	兰州大学	硕士	2011	6	678	原版阅读      CNKI AI阅读
1134	原小檗碱类生物碱脂肪酸盐的合成及口服吸收	田非非	华东理工大学	硕士	2011	1	400	原版阅读      CNKI AI阅读
1135	芩柏膏主要成分抑制Jurkat T细胞增殖活化的研究	吴珺	北京中医药大学	硕士	2010	9	440	原版阅读      CNKI AI阅读
1136	小檗碱的生物代谢反应及代谢产物活性的研究	李艺	北京协和医学院	博士	2010	24	2621	原版阅读      CNKI AI阅读
1137	盐酸小檗碱防治桃褐腐菌—剂型制备及耐药性研究	刘海席	北京化工大学	硕士	2010	6	322	原版阅读      CNKI AI阅读
1138	小檗碱类似物及N-（2-芳乙基）异喹啉类衍生物的设计、合成及活性研究	汪燕翔	中国协和医科大学	博士	2010	2	759	原版阅读      CNKI AI阅读
1139	菌毒清主要成份测定及其毒性和免疫调节作用的研究	于蓝	甘肃农业大学	硕士	2010	3	170	原版阅读      CNKI AI阅读
1140	葛根芩连注射剂的制备及其质量控制研究	杨乐	四川农业大学	硕士	2010	11	583	原版阅读      CNKI AI阅读
1141	小檗碱对小鼠骨髓来源的树突状细胞的促凋亡作用	焦晴晴	安徽农业大学	硕士	2010	4	250	原版阅读      CNKI AI阅读
1142	家兔高脂血症形成与Insig-2基因关系及小檗碱调控作用研究	金磊	重庆医科大学	硕士	2010		76	原版阅读      CNKI AI阅读
1143	中草药提取物复方对蛋鸡产蛋后期鸡饲喂效果研究	张利娟	河南农业大学	硕士	2010	42	927	原版阅读      CNKI AI阅读
1144	延胡索中原小檗碱型季铵碱药物代谢动力学研究	李开通	中国协和医科大学	硕士	2010	6	992	原版阅读      CNKI AI阅读
1145	功劳木的抗肿瘤作用及其机制研究	李克	河南大学	硕士	2010	2	263	原版阅读      CNKI AI阅读
1146	中药“连黄”各主要成分分离纯化及在大鼠体内药代动力学研究	高威	延边大学	硕士	2010		266	原版阅读      CNKI AI阅读
1147	小檗碱对胰岛β细胞功能的影响及其衍生物抗糖尿病活性的研究	沈宁	北京协和医学院	博士	2010	5	1114	原版阅读      CNKI AI阅读
1148	小檗碱对氧化型低密度脂蛋白诱导的内皮细胞损伤的保护作用	乔宋璇	湖北中医药大学	硕士	2010	2	125	原版阅读      CNKI AI阅读
1149	丹参酮ⅡA和小檗碱诱导大鼠肝星状细胞凋亡及对MMP-1和TIMP-1表达的影响	唐运萍	山西医科大学	硕士	2010	5	208	原版阅读      CNKI AI阅读
1150	小檗碱通过非α2肾上腺素能受体途径抑制内毒素性肠损伤	李红梅	暨南大学	硕士	2010	1	192	原版阅读      CNKI AI阅读
	中文题名	作者	学位授予单位	数据库	学位授予年度	被引	下载	操作
1151	儿童急性白血病的实验、临床及循证医学研究	张耀东	华中科技大学	博士	2010	1	725	原版阅读      CNKI AI阅读
1152	小檗碱与氟康唑协同抗耐药白念珠菌的作用机制研究	许懿	第二军医大学	博士	2010	9	618	原版阅读      CNKI AI阅读
1153	基于微透析与超快速液相色谱技术的唑类抗真菌药物经皮药代动力学研究	孙宁	第二军医大学	博士	2010	7	1098	原版阅读      CNKI AI阅读
1154	葛根芩连汤沉淀物溶出度及盐酸小檗碱、葛根素配伍肠吸收变化的研究	郭友立	南方医科大学	硕士	2010	8	489	原版阅读      CNKI AI阅读
1155	小檗碱、梓醇及其配伍对胰岛素抵抗3T3-L1脂肪细胞抵抗素表达和分泌的影响	刘明	华中科技大学	硕士	2010	3	219	原版阅读      CNKI AI阅读
1156	小檗碱对糖尿病大鼠肝脏11β-羟类固醇脱氢酶1表达的影响	阎劲松	华中科技大学	硕士	2010	1	134	原版阅读      CNKI AI阅读
1157	小檗碱对胰岛素抵抗大鼠内质网应激的影响	赵炎	华中科技大学	硕士	2010	1	223	原版阅读      CNKI AI阅读
1158	小檗碱改善内质网应激减轻胰岛素抵抗的分子机制	邬姗	华中科技大学	硕士	2010	1	249	原版阅读      CNKI AI阅读
1159	小檗碱与梓醇及其配伍对胰岛素抵抗3T3-L1脂肪细胞TNF-α、IL-1β、IL-6分泌及mRNA表达的影响	阴奇男	华中科技大学	硕士	2010	3	430	原版阅读      CNKI AI阅读
1160	黄连抑制LPS诱导的小鼠巨噬细胞MCP-1合成的机制研究	王洪杰	华中科技大学	硕士	2011	2	206	原版阅读      CNKI AI阅读
1161	洁泽1号对阴道上皮细胞与白色念珠菌粘附率及天然免疫因子TLR4和NF-κB表达的影响	向曦	华中科技大学	硕士	2011	4	210	原版阅读      CNKI AI阅读
1162	泻心汤有效组分抗糖尿病肾病的药效学研究	刘媛	复旦大学	硕士	2011	1	455	原版阅读      CNKI AI阅读
1163	盐酸小檗碱对2型糖尿病大鼠血管平滑肌细胞作用的研究	赵萌	泸州医学院	硕士	2010	2	146	原版阅读      CNKI AI阅读
1164	盐酸小檗碱对葡萄糖、氧化型低密度脂蛋白、胰岛素联合诱导人脐静脉内皮细胞损伤的干预作用	张婷	泸州医学院	硕士	2010		136	原版阅读      CNKI AI阅读
1165	小檗碱抗高糖高胰岛素诱导心肌肥大与PPARα-NO信号通路关系研究	王明丰	重庆医科大学	硕士	2010	3	214	原版阅读      CNKI AI阅读
1166	黄柏炮制原理及质量标准研究	祁东利	辽宁中医药大学	硕士	2010	21	1362	原版阅读      CNKI AI阅读
1167	动脉粥样硬化与Insig-2基因的关系及小檗碱的干预作用研究	何琦	重庆医科大学	硕士	2010		106	原版阅读      CNKI AI阅读
1168	复方牛至油口服乳剂的研制	汤法银	河南农业大学	硕士	2010	10	656	原版阅读      CNKI AI阅读
1169	黄连叶片与须根中小檗碱的提取纯化研究	刘婷	西北农林科技大学	硕士	2010	8	949	原版阅读      CNKI AI阅读
1170	复方盐酸小檗碱脂质体的制备与质量研究	王振华	北京中医药大学	硕士	2010	13	1179	原版阅读      CNKI AI阅读
1171	四种中草药有效成分的提取及抑菌试验	路强	内蒙古农业大学	硕士	2010	9	1235	原版阅读      CNKI AI阅读
1172	黄芩—黄连药对药代动力学及相互作用研究	冯瑾	第二军医大学	硕士	2010	37	1882	原版阅读      CNKI AI阅读
1173	小檗碱对大鼠体内葛根素药动学的影响	吴恒	安徽医科大学	硕士	2010	1	474	原版阅读      CNKI AI阅读
1174	人参皂苷Rb1与小檗碱对脂肪细胞炎症因子表达和分泌的作用及其分子机制的比较研究	刘佳	南京中医药大学	硕士	2010	5	564	原版阅读      CNKI AI阅读
1175	葫芦脲的荧光探针研究及其在药物分析上的应用	郭玉华	山西师范大学	硕士	2010	1	397	原版阅读      CNKI AI阅读
1176	盐酸小檗碱对高脂饮食诱导的SD大鼠非酒精性脂肪肝的疗效及机制研究	常薪霞	复旦大学	博士	2010	13	1510	原版阅读      CNKI AI阅读
1177	基于3T3-L1脂肪细胞的盐酸小檗碱结构修饰物体外改善胰岛素抵抗的活性成分筛选研究	唐光曦	成都中医药大学	硕士	2010		231	原版阅读      CNKI AI阅读
1178	几种胺类化合物的毛细管电泳—电化学发光检测方法的研究	王敏	陕西师范大学	硕士	2010	1	348	原版阅读      CNKI AI阅读
1179	芒果苷与盐酸小檗碱的药代动力学研究	胡丽娜	长春中医药大学	硕士	2010	2	789	原版阅读      CNKI AI阅读
1180	鼻衄止血凝胶的研制开发	熊峰	长春中医药大学	硕士	2010	3	569	原版阅读      CNKI AI阅读
1181	小檗碱联合阿托伐他汀对急性脑梗死二级预防初步研究	周国庆	暨南大学	硕士	2010		207	原版阅读      CNKI AI阅读
1182	盐酸小檗碱对大鼠心肌缺血再灌注损伤的保护作用	宋艳芳	吉林大学	硕士	2010	10	503	原版阅读      CNKI AI阅读
1183	香莲栓剂的研制及其质量标准的研究	郑少文	广州中医药大学	硕士	2010	6	858	原版阅读      CNKI AI阅读
1184	温中清肠胶囊制备工艺与其质量标准研究	李少华	广州中医药大学	硕士	2010		517	原版阅读      CNKI AI阅读
1185	4种中药提取物体外抗白色念珠菌的敏感性研究	王彩瑞	大连医科大学	硕士	2010	8	819	原版阅读      CNKI AI阅读
1186	小檗碱和小檗红碱13位衍生物的合成及抗菌活性研究	邵凯	长春工业大学	硕士	2010	6	679	原版阅读      CNKI AI阅读
1187	黄癸素（α-羟基-δ-癸酰乙基磺酸小檗碱）的抗肿瘤效应及其诱导细胞凋亡等作用的研究	彭华毅	福建医科大学	硕士	2010		166	原版阅读      CNKI AI阅读
1188	金鸡泡腾颗粒的研究	万华根	华东理工大学	硕士	2010	2	613	原版阅读      CNKI AI阅读
1189	小檗碱对儿童肿瘤细胞凋亡影响的实验研究	张小玲	华中科技大学	博士	2010	3	310	原版阅读      CNKI AI阅读
1190	盐酸小檗碱对体外培养人牙周膜细胞分泌白细胞介素-6的影响	张帆	兰州大学	硕士	2010		73	原版阅读      CNKI AI阅读
1191	盐酸小檗碱缓释动物注射剂的研制	张国雨	青岛科技大学	硕士	2009	4	785	原版阅读      CNKI AI阅读
1192	调节SIRT1去乙酰化酶的药物影响脂类代谢及衰老的机制研究	朱小飞	中国协和医科大学	博士	2009	5	1246	原版阅读      CNKI AI阅读
1193	黄连素对CA诱导的tau蛋白过度磷酸化的保护作用及其机制	余光	华中科技大学	硕士	2009	4	320	原版阅读      CNKI AI阅读
1194	芦荟苷与传统促渗剂对盐酸小檗碱经皮促渗的实验研究	林娇玉	山西大学	硕士	2009	2	317	原版阅读      CNKI AI阅读
1195	盐酸小檗碱包被颗粒的制备及药理学研究	高海鹏	武汉工业学院	硕士	2009	1	532	原版阅读      CNKI AI阅读
1196	鞣酸小檗碱结肠定位包衣片的制备及体外释放度考察	李雪	广东药学院	硕士	2009	3	626	原版阅读      CNKI AI阅读
1197	产小檗碱内生真菌的诱变及发酵条件的优化	高杨	西北大学	硕士	2009	4	269	原版阅读      CNKI AI阅读
1198	盐酸小檗碱生物可降解缓释体系的制备和性能研究	江宇良	厦门大学	硕士	2009		352	原版阅读      CNKI AI阅读
1199	黄连解毒汤三种生物碱在糖尿病大鼠体内的药代动力学研究	吴晓霞	中国中医科学院	硕士	2009	9	1424	原版阅读      CNKI AI阅读
1200	乌金胶囊质量标准的建立及其药效学的研究	吴英华	黑龙江大学	硕士	2009	2	307	原版阅读      CNKI AI阅读
	中文题名	作者	学位授予单位	数据库	学位授予年度	被引	下载	操作
1201	小檗碱和甲基莲心碱对人成骨肉瘤细胞的生长抑制作用及其机制研究	刘招舰	山东大学	博士	2009	6	620	原版阅读      CNKI AI阅读
1202	RUNX3对胃癌细胞凋亡相关基因及小檗碱对胃癌细胞增殖的影响	张春艳	山东大学	硕士	2009	4	124	原版阅读      CNKI AI阅读
1203	银纳米粒子与核酸分子相互作用的研究及其分析应用	周海平	山东大学	硕士	2009		432	原版阅读      CNKI AI阅读
1204	小檗碱抑制去甲肾上腺素诱导的心肌细胞凋亡的机制研究	吕秀秀	暨南大学	硕士	2009	3	258	原版阅读      CNKI AI阅读
1205	小檗碱衍生物上调低密度脂蛋白受体表达的构效关系及高生物利用度的新一代小檗碱研究	李迎红	中国协和医科大学	博士	2009	2	690	原版阅读      CNKI AI阅读
1206	小檗碱促进胰岛素分泌改善胰岛素抵抗的分子机制	王增四	华中科技大学	博士	2009	5	1090	原版阅读      CNKI AI阅读
1207	酶法辅助提取黄连生物碱的研究	宁娜	天津医科大学	硕士	2009	2	697	原版阅读      CNKI AI阅读
1208	四氢原小檗碱类化合物千金藤啶碱的合成研究	江珂	南京医科大学	硕士	2009	2	255	原版阅读      CNKI AI阅读
1209	小檗碱类化合物的合成及其生物活性的测定	赵立峰	贵州大学	硕士	2009	12	556	原版阅读      CNKI AI阅读
1210	左金方多生物碱体内网络代谢“虹势性”研究	李启泉	湖南中医药大学	硕士	2009		124	原版阅读      CNKI AI阅读
1211	鱼腥草挥发油及黄连生物碱的“网通性”研究	江欢英	湖南中医药大学	硕士	2009	1	162	原版阅读      CNKI AI阅读
1212	盐酸小檗碱树脂复合物胃粘附缓释微囊的制备与评价	陈飞	沈阳药科大学	硕士	2009	3	411	原版阅读      CNKI AI阅读
1213	小檗碱对Epstein-Barr病毒DNA复制的抑制作用	孟菁菁	中南大学	硕士	2009	3	103	原版阅读      CNKI AI阅读
1214	盐酸小檗碱改性几种粘土的制备及其抗菌性能研究	李红坤	西北师范大学	硕士	2009	5	402	原版阅读      CNKI AI阅读
1215	三黄片、一清胶囊、一清颗粒的质量控制研究	刘丹	广东药学院	硕士	2009	1	857	原版阅读      CNKI AI阅读
1216	盐酸13-己基小檗碱和盐酸13-己基巴马汀对NF-κB和p38MAPK信号通路的影响	姜辉	中国协和医科大学	硕士	2009	3	352	原版阅读      CNKI AI阅读
1217	盐酸小檗碱体内分布研究	梁瑞	北京中医药大学	硕士	2009	5	892	原版阅读      CNKI AI阅读
1218	时滞与pH敏感结合型结肠靶向制剂——复方盐酸小檗碱结肠定位薄膜包衣片的研究	马劲	北京中医药大学	硕士	2009	10	946	原版阅读      CNKI AI阅读
1219	黄连黄柏指纹图谱及成分研究	霍达	首都师范大学	硕士	2009	18	1893	原版阅读      CNKI AI阅读
1220	中药黄连结肠靶向制剂的工艺及其质量标准研究	高月娟	黑龙江中医药大学	硕士	2009	2	472	原版阅读      CNKI AI阅读
1221	盐酸小檗碱、右旋柠檬烯对人胃癌细胞株MGC-803的体外联合作用评价	王玲	山东理工大学	硕士	2009	1	218	原版阅读      CNKI AI阅读
1222	三种中药化学成分抗糖尿病心肌病变的作用初探	肖俊华	北京中医药大学	硕士	2009	8	912	原版阅读      CNKI AI阅读
1223	酶触型复方盐酸小檗碱结肠定位骨架包衣片制备及其质量标准研究	肖尧	北京中医药大学	硕士	2009	2	475	原版阅读      CNKI AI阅读
1224	萸连巴布膏的药学研究与评价	杜茂波	中国中医科学院	硕士	2009	6	747	原版阅读      CNKI AI阅读
1225	脓毒症预后预测指标的筛选及小檗碱和育亨宾合剂对它们的影响	曾红科	暨南大学	博士	2009	1	387	原版阅读      CNKI AI阅读
1226	小檗碱及其同系物的药代动力学研究和安全性评价	吴宇娟	西南大学	硕士	2009	3	635	原版阅读      CNKI AI阅读
1227	萸黄连有效部位的制备及其质量控制方法的研究	黄艳萍	南方医科大学	硕士	2009	2	136	原版阅读      CNKI AI阅读
1228	酶催化-荧光法在药物分析中的应用及研究	张苗	山东师范大学	硕士	2009		286	原版阅读      CNKI AI阅读
1229	泻心汤半仿生提取法的研究	李磊	山东中医药大学	硕士	2009	3	236	原版阅读      CNKI AI阅读
1230	小檗碱联合厚朴酚对THP-1巨噬细胞源性泡沫细胞的干预	王术玲	广州中医药大学	博士	2009	4	782	原版阅读      CNKI AI阅读
1231	复方液化颗粒的药学研究	刘丹	华中科技大学	硕士	2009	1	199	原版阅读      CNKI AI阅读
1232	小檗碱及其结构修饰物的在体肠吸收特性及对小肠糖分吸收影响的研究	董苏	华中科技大学	硕士	2009	1	390	原版阅读      CNKI AI阅读
1233	葛根芩连汤配伍毒效及主要成份谱药动学变化的研究	王磊	南方医科大学	硕士	2009	8	914	原版阅读      CNKI AI阅读
1234	黄连与吴茱萸配伍抗肿瘤相互作用的初步研究	王晓娜	大连医科大学	硕士	2009	4	592	原版阅读      CNKI AI阅读
1235	妇科白凤片工艺及质量标准研究	郭卉艳	长春中医药大学	硕士	2009		378	原版阅读      CNKI AI阅读
1236	乳链菌肽与天然提取物质复配性能及应用的研究	吕晓楠	河北工业大学	硕士	2009	7	488	原版阅读      CNKI AI阅读
1237	小檗碱治疗腹泻的分子机制研究	张永国	第四军医大学	硕士	2009	15	836	原版阅读      CNKI AI阅读
1238	大黄素、小檗碱对HepG2细胞瘦素受体mRNA表达影响的实验研究	尹春梅	山西医科大学	硕士	2009	1	347	原版阅读      CNKI AI阅读
1239	大黄素和小檗碱对胰岛素抵抗HepG2细胞的实验研究	王慧莲	山西医科大学	硕士	2009	11	467	原版阅读      CNKI AI阅读
1240	甘黄燥湿洗液质量标准的建立及主要药效学研究	吴杨	安徽医科大学	硕士	2009	2	216	原版阅读      CNKI AI阅读
1241	二妙胶囊的制备工艺、质量标准及药代动力学研究	周凌	辽宁中医药大学	硕士	2009	6	809	原版阅读      CNKI AI阅读
1242	盐酸小檗碱囊泡的制备及体内外研究	王雪超	河北医科大学	硕士	2009	8	989	原版阅读      CNKI AI阅读
1243	盐酸小檗碱联合抗真菌药物对犬小孢子菌体外抗菌活性研究	杨晓亮	河北医科大学	硕士	2009	1	495	原版阅读      CNKI AI阅读
1244	小檗碱对糖尿病大鼠离体膀胱逼尿肌收缩功能的影响及其机制	卓勇杰	河北医科大学	硕士	2009	2	198	原版阅读      CNKI AI阅读
1245	小檗碱降血糖作用的分子机理研究	张豪	中国协和医科大学	博士	2008	8	799	原版阅读      CNKI AI阅读
1246	外伤如意凝胶的制备工艺、质量标准及初步稳定性研究	王瑞芳	山东中医药大学	硕士	2008		370	原版阅读      CNKI AI阅读
1247	新型低密度脂蛋白受体上调剂：异喹啉类衍生物的合成、构效关系及降脂作用	杨鹏	中国协和医科大学	博士	2008	5	508	原版阅读      CNKI AI阅读
1248	β2-肾上腺素受体亲和色谱在黄连活性成分筛选及其相互作用研究中的应用	刘洁	西北大学	硕士	2008	5	367	原版阅读      CNKI AI阅读
1249	4种中药材抑菌活性及壳聚糖微胶囊剂型制备研究	侯东耀	北京化工大学	硕士	2008		254	原版阅读      CNKI AI阅读
1250	小檗碱聚乳酸微球的制备工艺及特性研究	刘英杰	北京化工大学	硕士	2008	1	374	原版阅读      CNKI AI阅读
	中文题名	作者	学位授予单位	数据库	学位授予年度	被引	下载	操作
1251	福氏志贺菌转录谱在抗菌药物作用机制研究中的应用	付华	中国疾病预防控制中心	博士	2008	1	223	原版阅读      CNKI AI阅读
1252	中药质量标准中中药配伍组合效应的影响——黄连解毒汤配伍组合效应研究	王岩	西南大学	硕士	2008	4	735	原版阅读      CNKI AI阅读
1253	盐酸小檗碱对肉仔鸡生长性能、胴体品质及脂质代谢的影响	李葱晓	河南农业大学	硕士	2008	14	352	原版阅读      CNKI AI阅读
1254	D-氨基葡萄糖衍生物对盐酸苯海拉明和盐酸小檗碱体外经皮促渗性能的研究	卞希慧	天津大学	硕士	2008	2	255	原版阅读      CNKI AI阅读
1255	小檗碱衍生物的制备及其神经营养活性研究	刘卫涛	西北农林科技大学	硕士	2008	8	632	原版阅读      CNKI AI阅读
1256	癸酸钠对盐酸小檗碱肠道吸收的影响	吕晓艳	吉林大学	硕士	2008	2	635	原版阅读      CNKI AI阅读
1257	黄连（Rhizaoma Coptidis）的指纹图谱研究	韩晶	西南大学	硕士	2008	12	1594	原版阅读      CNKI AI阅读
1258	小檗碱对初发2型糖尿病糖脂代谢和脂联素的影响	任毅	山西医科大学	硕士	2008	5	352	原版阅读      CNKI AI阅读
1259	黄连活性成分的光谱性质及中药中小檗碱的环糊精敏化荧光法测定	郑彦慧	河北师范大学	硕士	2008	7	671	原版阅读      CNKI AI阅读
1260	脂肪组织作为小檗碱糖尿病治疗靶组织分子机制的研究	刘栩晗	北京协和医学院	博士	2008	1	408	原版阅读      CNKI AI阅读
1261	小檗碱降糖调脂作用与PPARs/P-TEFb信号转导通路的关系	周吉银	第三军医大学	博士	2008	23	1727	原版阅读      CNKI AI阅读
1262	黄柏炮制原理研究	廉莲	辽宁中医药大学	博士	2008	17	1983	原版阅读      CNKI AI阅读
1263	无糖型泌感颗粒的制剂工艺和质量控制方法研究	徐国防	沈阳药科大学	硕士	2008		189	原版阅读      CNKI AI阅读
1264	小檗碱改善高糖高脂诱导的胰岛NIT-1细胞凋亡的分子机制	孙焕	华中科技大学	硕士	2008	1	205	原版阅读      CNKI AI阅读
1265	清金平喘颗粒制备工艺、质量标准及药效学初步研究	曲静	辽宁中医药大学	硕士	2008	2	478	原版阅读      CNKI AI阅读
1266	高效液相色谱—质谱法在中成药分析中的应用研究	许海棠	广西大学	硕士	2008	15	1418	原版阅读      CNKI AI阅读
1267	光学成像技术观察小檗碱对人高转移性肺癌PG细胞迁移能力的影响	王燕	北京中医药大学	硕士	2008	2	215	原版阅读      CNKI AI阅读
1268	小檗碱抗人高转移性肺癌细胞诱导的人脐静脉血管内皮细胞凋亡的作用研究	何萍	北京中医药大学	硕士	2008	1	206	原版阅读      CNKI AI阅读
1269	毛细管电泳在中药分析中的应用研究	龚红全	广东药学院	硕士	2008		391	原版阅读      CNKI AI阅读
1270	PPARα的激动可能与小檗碱的降脂作用有关	师凌云	重庆医科大学	硕士	2008	2	189	原版阅读      CNKI AI阅读
1271	小檗碱对高胆固醇血症的影响可能涉及肝脏Insig-2基因表达	常伟	重庆医科大学	硕士	2008		117	原版阅读      CNKI AI阅读
1272	连葛降糖片制备工艺及质量控制研究	李东辉	北京中医药大学	硕士	2008	1	444	原版阅读      CNKI AI阅读
1273	CIA大鼠炎症网络因子与易栓状态关系实验研究及中药干预	韩乔燕	扬州大学	硕士	2008		83	原版阅读      CNKI AI阅读
1274	中药分子方剂治疗脑卒中的初步研究	梁建贞	首都师范大学	硕士	2008	1	363	原版阅读      CNKI AI阅读
1275	盐酸小檗碱固体脂质纳米粒的制备	侯君	第三军医大学	硕士	2008	9	949	原版阅读      CNKI AI阅读
1276	基于DNA分子的荧光分析新方法研究	程冬梅	陕西师范大学	硕士	2008	4	548	原版阅读      CNKI AI阅读
1277	交泰丸活性组分自微乳化体系的研究	张倍恩	广州中医药大学	硕士	2008	3	387	原版阅读      CNKI AI阅读
1278	天然抗菌成分盐酸小檗碱微胶囊的制备及抗菌性研究	安健	苏州大学	硕士	2008	11	950	原版阅读      CNKI AI阅读
1279	黄连—吴茱萸药对主要成分的溶出变化和药动学研究	邓雅婷	沈阳药科大学	硕士	2008	5	1001	原版阅读      CNKI AI阅读
1280	双料喉风生物黏附口腔贴片的研制	刘娜	广东药学院	硕士	2008		406	原版阅读      CNKI AI阅读
1281	盐酸小檗碱磷脂复合物的研制	左巨波	重庆医科大学	硕士	2008	7	920	原版阅读      CNKI AI阅读
1282	8-烷基小檗碱同系物的合成与药理活性	杨勇	西南大学	博士	2008	32	603	原版阅读      CNKI AI阅读
1283	复方黄连胶囊对早期糖尿病肾病大鼠肾病变的防治作用研究	魏瑜	安徽医科大学	硕士	2008	3	240	原版阅读      CNKI AI阅读
1284	中药六类新药黄柏治糜栓的研究	秦明明	吉林大学	硕士	2008		332	原版阅读      CNKI AI阅读
1285	白头翁汤方药半仿生提取法的实验研究	仲晓宁	山东中医药大学	硕士	2008		241	原版阅读      CNKI AI阅读
1286	几种中药有效成分对脂肪细胞胰岛素增敏作用的研究	何燕铭	复旦大学	博士	2008	6	1395	原版阅读      CNKI AI阅读
1287	紫香益母胶囊药学研究	胡晓娜	贵州师范大学	硕士	2008	2	270	原版阅读      CNKI AI阅读
1288	兴奋与抑制成分组合应用对平滑肌功能的双向调节研究	徐志立	大连医科大学	博士	2008		289	原版阅读      CNKI AI阅读
1289	黄连解毒汤化学成分分析及其抗高脂血症作用的研究	金瑾	吉林大学	博士	2008	22	1735	原版阅读      CNKI AI阅读
1290	含小檗碱类中药品质生物评价与控制的初步研究	方艺霖	成都中医药大学	硕士	2008	12	785	原版阅读      CNKI AI阅读
1291	小檗碱对兔动脉粥样硬化干预作用的实验研究	朱凌波	苏州大学	硕士	2008	5	310	原版阅读      CNKI AI阅读
1292	小檗碱对初发2型糖尿病患者糖脂代谢及瘦素的影响	王蔚	山西医科大学	硕士	2008	2	217	原版阅读      CNKI AI阅读
1293	小儿消咳片质量标准与稳定性的研究	王玉杰	吉林大学	硕士	2008		266	原版阅读      CNKI AI阅读
1294	几种药物小分子与Tau蛋白多肽的相互作用研究	乔夫龙	同济大学	硕士	2008		367	原版阅读      CNKI AI阅读
1295	中药影响表皮葡萄球菌形成生物被膜关键基因的机制研究	何敏	重庆医科大学	硕士	2008	6	441	原版阅读      CNKI AI阅读
1296	中药复方葛根芩连汤中有效成分的分离及其药代动力学研究	郭菲	上海交通大学	硕士	2008	1	1507	原版阅读      CNKI AI阅读
1297	思的明胶囊的药学研究及其对吗啡依赖大鼠体内吗啡代谢的影响	黄建春	广西医科大学	硕士	2008		140	原版阅读      CNKI AI阅读
1298	2型糖尿病中国地鼠模型脂诱性肝脏胰岛素抵抗形成机制和小檗碱治疗机制的研究	李国生	中国协和医科大学	博士	2007	2	605	原版阅读      CNKI AI阅读
1299	川产道地药材黄柏HPLC指纹图谱质量标准研究	杜雪	西南交通大学	硕士	2007	2	650	原版阅读      CNKI AI阅读
1300	双黄分散片制备工艺及质量标准研究	高媛	武汉理工大学	硕士	2007	2	380	原版阅读      CNKI AI阅读
	中文题名	作者	学位授予单位	数据库	学位授予年度	被引	下载	操作
1301	几种天然中药材的光谱分析	金向军	吉林大学	博士	2007	1	1239	原版阅读      CNKI AI阅读
1302	盐酸小檗碱对小鼠金黄色葡萄球菌乳腺炎的疗效及机制研究	叶宝娜	河北农业大学	硕士	2007	9	478	原版阅读      CNKI AI阅读
1303	hPPARs系列载体构建及其高效转染表达体系的建立	章涛	重庆医科大学	博士	2007		228	原版阅读      CNKI AI阅读
1304	高维化学计量学方法的若干基础性研究以及在药物分析中的应用	夏阿林	湖南大学	博士	2007	8	656	原版阅读      CNKI AI阅读
1305	含小檗碱的中药与甘草煎煮过程中的化学变化——小檗碱与甘草酸的沉淀反应机理研究	邓江	湖南中医药大学	硕士	2007	15	883	原版阅读      CNKI AI阅读
1306	知柏地黄丸（浓缩丸）的制备工艺和质量标准研究	刘毅	天津大学	硕士	2007	7	1017	原版阅读      CNKI AI阅读
1307	黄柏采收与加工方法的优化研究	刘钊圻	四川农业大学	硕士	2007	7	720	原版阅读      CNKI AI阅读
1308	小檗碱促进獭兔生长代谢、盲肠微生物活力及免疫性能的研究	荣娜	扬州大学	硕士	2007	8	251	原版阅读      CNKI AI阅读
1309	重庆市野生黄连（Coptis chinensis Franch.）形态分化和药效成分与环境因子的关联性研究	龚传秀	西南大学	硕士	2007	5	285	原版阅读      CNKI AI阅读
1310	复方痛风安无糖颗粒剂制备工艺及质量控制研究	罗焜	湖北中医学院	硕士	2007	3	840	原版阅读      CNKI AI阅读
1311	中药小檗碱、薯蓣皂甙对滋养细胞糖代谢及胎盘激素分泌的影响	马毅	黑龙江中医药大学	博士	2007		352	原版阅读      CNKI AI阅读
1312	安宫牛黄丸生产过程质量评价方法研究	马群	北京中医药大学	博士	2007	6	1106	原版阅读      CNKI AI阅读
1313	盐酸小檗碱肠溶微囊的制备及体外评价	汪丽芬	华中科技大学	硕士	2007	4	1062	原版阅读      CNKI AI阅读
1314	小檗碱改善胰岛素抵抗大鼠糖代谢紊乱的分子机制	欧阳礼枝	华中科技大学	硕士	2007	4	383	原版阅读      CNKI AI阅读
1315	千金黄连丸方剂配伍的药代动力学研究	王晓强	华中科技大学	硕士	2007	5	405	原版阅读      CNKI AI阅读
1316	小檗碱对HepG2细胞葡萄糖激酶活性及其基因表达的影响	王春波	华中科技大学	硕士	2007	1	207	原版阅读      CNKI AI阅读
1317	小檗碱与梓醇及其配伍改善胰岛素抵抗的研究	刘芳芳	华中科技大学	硕士	2007	1	267	原版阅读      CNKI AI阅读
1318	小檗碱对HepG2细胞肝细胞核因子mRNA表达及糖代谢相关酶活性的影响	刘锋	华中科技大学	硕士	2007		344	原版阅读      CNKI AI阅读
1319	小檗碱对高糖高脂诱导的NIT-1胰岛β细胞凋亡的影响	刘文军	华中科技大学	硕士	2007		246	原版阅读      CNKI AI阅读
1320	黄连生物碱抗结肠癌作用实验及其分子机制研究	吴柯	重庆医科大学	硕士	2007	9	520	原版阅读      CNKI AI阅读
1321	小檗碱抑制肿瘤细胞Cyclin D1相关信号通路的研究	骆叶	北京中医药大学	硕士	2007	14	593	原版阅读      CNKI AI阅读
1322	小檗碱抗心肌肥厚细胞模型的作用及机制研究	解欣然	北京中医药大学	硕士	2007	5	633	原版阅读      CNKI AI阅读
1323	基于小肠特殊转运方式探讨黄连吴茱萸药对配伍机理	孙万晶	北京中医药大学	硕士	2007	7	861	原版阅读      CNKI AI阅读
1324	人参总皂苷和小檗碱对肿瘤主动性免疫逃逸机制的影响	王萍	北京中医药大学	硕士	2007		672	原版阅读      CNKI AI阅读
1325	一清分散片的研制及质量评价研究	尚军	新疆农业大学	硕士	2007	1	418	原版阅读      CNKI AI阅读
1326	小檗碱与氟康唑协同抗耐药白念珠菌作用的蛋白质组学研究	许懿	第二军医大学	硕士	2007	3	293	原版阅读      CNKI AI阅读
1327	DNA分子荧光探针的研究	郑秀荣	西北师范大学	硕士	2007	8	1106	原版阅读      CNKI AI阅读
1328	中成药中几种生物碱的HPLC分析检测研究	孙杰	首都师范大学	硕士	2007	1	781	原版阅读      CNKI AI阅读
1329	焦虑泰康饮的成型工艺和质量标准的实验研究	张强	黑龙江中医药大学	硕士	2007		80	原版阅读      CNKI AI阅读
1330	前沿色谱法和荧光法研究牛血清白蛋白和药物的相互作用	曾晓蕾	西北大学	硕士	2007	3	443	原版阅读      CNKI AI阅读
1331	黄波罗组织培养及愈伤组织中小檗碱代谢调控的研究	亓磊	东北林业大学	硕士	2007	1	196	原版阅读      CNKI AI阅读
1332	中药葛根素、小檗碱对雄性大鼠睾酮合成的影响	龚丽红	黑龙江中医药大学	硕士	2007		206	原版阅读      CNKI AI阅读
1333	栀子柏皮软胶囊的研究	赫玉霞	沈阳药科大学	硕士	2007	3	586	原版阅读      CNKI AI阅读
1334	戊已丸提取物不同配伍的药物动力学实验研究	鲍天冬	中国中医科学院	硕士	2007	5	447	原版阅读      CNKI AI阅读
1335	“痰壅胞宫”的生物学基础及其效应（4）——基于卵巢卵泡膜细胞胰岛素抵抗以及中药的干预机理	高磊	黑龙江中医药大学	硕士	2007	1	538	原版阅读      CNKI AI阅读
1336	小檗碱对几种重要消化酶部分性质的影响	冷晓莲	四川大学	硕士	2007	7	294	原版阅读      CNKI AI阅读
1337	小檗碱对3T3-L1脂肪细胞增殖、分化、凋亡及脂肪因子的影响	刘毅	复旦大学	博士	2007	6	1215	原版阅读      CNKI AI阅读
1338	小檗碱对人脂肪细胞脂联素、瘦素分泌的影响	曹建平	山西医科大学	硕士	2007	1	196	原版阅读      CNKI AI阅读
1339	小檗碱抑制兔胆固醇结石形成机理的研究	王江华	湖北中医学院	硕士	2007	1	150	原版阅读      CNKI AI阅读
1340	中药对幽门螺杆菌的体外抗菌活性研究	吴静	安徽理工大学	硕士	2007	10	1185	原版阅读      CNKI AI阅读
1341	吴茱萸碱和小檗碱对结肠癌HT29细胞的抗癌作用及机理研究	常金荣	广州中医药大学	博士	2007	10	1393	原版阅读      CNKI AI阅读
1342	盐酸小檗碱的抗肿瘤作用及对B16细胞的诱导分化	杨菁	福建医科大学	硕士	2007	13	456	原版阅读      CNKI AI阅读
1343	盐酸小檗碱对人牙周膜细胞生物学活性及大鼠牙周组织IL-1β、TNF-α表达的影响	张小恒	兰州大学	硕士	2007	3	221	原版阅读      CNKI AI阅读
1344	抵抗素与非酒精性脂肪肝及胰岛素抵抗关系研究	刘蓉	兰州大学	硕士	2007		364	原版阅读      CNKI AI阅读
1345	小檗碱对血管平滑肌细胞增殖、迁移和凋亡的影响	梁静	河北医科大学	硕士	2007	1	270	原版阅读      CNKI AI阅读
1346	中成药的多指标分析及其在质量控制中的应用	李艳荣	河北医科大学	硕士	2007	3	1121	原版阅读      CNKI AI阅读
1347	吴茱萸化学成分的研究	张起辉	沈阳药科大学	硕士	2006	12	752	原版阅读      CNKI AI阅读
1348	几种天然植物成份治疗幽门螺杆菌感染的实验研究	赵小勇	第三军医大学	硕士	2006	3	522	原版阅读      CNKI AI阅读
1349	异喹啉生物碱衍生物的制备和抗肿瘤活性的研究	徐欣怡	西南交通大学	硕士	2006	9	1089	原版阅读      CNKI AI阅读
1350	乌头碱等中药有效成分质谱行为的量子化学研究	陈兰慧	东北师范大学	博士	2006	7	1115	原版阅读      CNKI AI阅读
	中文题名	作者	学位授予单位	数据库	学位授予年度	被引	下载	操作
1351	丹参等中药治疗寻常痤疮机理的实验研究	吕全兴	山东中医药大学	硕士	2006	11	675	原版阅读      CNKI AI阅读
1352	结肠宝康微丸鉴别与含量方法的研究	尹志清	湖南中医药大学	硕士	2006		46	原版阅读      CNKI AI阅读
1353	小檗碱衍生物HB-13抗单纯疱疹病毒作用及其机制初探	吴建兵	中国协和医科大学	博士	2006	8	368	原版阅读      CNKI AI阅读
1354	小檗碱抗心肌肥厚的作用及机制研究	洪缨	北京中医药大学	博士	2006	3	590	原版阅读      CNKI AI阅读
1355	三颗针提取物对肉仔鸡生长、抗氧化功能及肉品质的影响	丁景华	河南农业大学	硕士	2006	8	395	原版阅读      CNKI AI阅读
1356	芩连片的质量标准研究	黄晓玲	沈阳药科大学	硕士	2006		610	原版阅读      CNKI AI阅读
1357	化学发光在环境及药物分析中新技术新方法的研究	邱小香	西北大学	硕士	2006	2	299	原版阅读      CNKI AI阅读
1358	中药清络方的成分分析	吴敏	北京中医药大学	硕士	2006	3	410	原版阅读      CNKI AI阅读
1359	黄柏有效成分的含量测定及其指纹图谱研究	唐艳梅	四川农业大学	硕士	2006	16	1357	原版阅读      CNKI AI阅读
1360	妇科止带片制备工艺及质量标准的研究	童学飞	湖北中医学院	硕士	2006	1	266	原版阅读      CNKI AI阅读
1361	黄连花薹成分分析和功能评价	冯敏	西南大学	硕士	2006	7	415	原版阅读      CNKI AI阅读
1362	小檗碱对兔动脉粥样硬化及其对COX-2抑制作用的研究	左彦方	暨南大学	硕士	2006		146	原版阅读      CNKI AI阅读
1363	中药益糖康胶囊在家兔体内的药代动力学研究	吕悦	辽宁中医药大学	硕士	2006	4	246	原版阅读      CNKI AI阅读
1364	小檗碱改善肉鸡盲肠微生态、生长代谢及免疫力的研究	周保华	扬州大学	硕士	2006	11	197	原版阅读      CNKI AI阅读
1365	小檗碱与氟康唑协同抗耐药白念珠菌的作用及作用机制研究	权华	第二军医大学	博士	2006	19	683	原版阅读      CNKI AI阅读
1366	黄连总碱对铝过负荷致神经元退变保护作用的研究	张静	重庆医科大学	硕士	2006	3	117	原版阅读      CNKI AI阅读
1367	葛根芩连汤配伍主要成分药代动力学研究	吴艳萍	第一军医大学	硕士	2006	8	1108	原版阅读      CNKI AI阅读
1368	基于毛细管电泳和微流控芯片的分子间作用和预富集研究	吴娟芳	清华大学	硕士	2006		383	原版阅读      CNKI AI阅读
1369	传统中草药小檗碱促L6肌肉细胞葡萄糖摄取的机理研究	程哲	中国科学院研究生院（上海生命科学研究院）	硕士	2006	2	718	原版阅读      CNKI AI阅读
1370	渐危药用植物黄檗产活性成分内生真菌的初步研究	李端	西北大学	硕士	2006	6	244	原版阅读      CNKI AI阅读
1371	小檗碱抗实验性心肌肥厚的作用及机理研究	赵海苹	北京中医药大学	硕士	2006	5	301	原版阅读      CNKI AI阅读
1372	舒胃颗粒的药学研究	蒋维	北京中医药大学	硕士	2006	3	464	原版阅读      CNKI AI阅读
1373	盐酸小檗碱结肠靶向片的研制	王霄	青岛科技大学	硕士	2006	1	278	原版阅读      CNKI AI阅读
1374	魔芋胶和羧甲基魔芋胶作为结肠定位给药系统载体材料的应用研究	张瑜	四川大学	博士	2006	9	1010	原版阅读      CNKI AI阅读
1375	古方黄连丸方剂配伍的药效学及物质基础研究	夏旋	华中科技大学	硕士	2006	9	698	原版阅读      CNKI AI阅读
1376	小檗碱对H2O2和Aβ（25-35）诱导PC12细胞损伤的作用及其机制	李彩莲	华中科技大学	硕士	2006	6	539	原版阅读      CNKI AI阅读
1377	复方黄柏颗粒药动学与药效学的研究	陆黎明	福建农林大学	硕士	2006	2	457	原版阅读      CNKI AI阅读
1378	小檗碱对兔颈动脉球囊损伤后白介素-6等炎性因子的影响	段浩	湖北中医学院	硕士	2006	1	96	原版阅读      CNKI AI阅读
1379	中成药多组分溶出度检查方法的研究与应用	田书霞	河北医科大学	硕士	2006	5	887	原版阅读      CNKI AI阅读
1380	新疆黑果小檗地上部分几种生物碱的初步研究	孙华	新疆大学	硕士	2005	9	385	原版阅读      CNKI AI阅读
1381	益气活血解毒方阻抑肿瘤转移的作用环节及分子调控机制	郝钰	北京中医药大学	博士	2005	4	642	原版阅读      CNKI AI阅读
1382	小檗碱、黄芩苷、黄芪多糖对小鼠2-细胞胚胎体外培养及移植效果的研究	傅文栋	新疆农业大学	硕士	2005	1	316	原版阅读      CNKI AI阅读
1383	稻蝗抗菌肽的初步分离及pUC118 DNA与小檗碱作用的荧光特征	赵立苹	山西大学	硕士	2005	4	233	原版阅读      CNKI AI阅读
1384	黄柏剥皮再生的解剖学及剥皮再生技术研究	乔书瑞	四川农业大学	硕士	2005	6	305	原版阅读      CNKI AI阅读
1385	基于环糊精衍生物的新型超分子化学传感器的研究	杨郁	湖南大学	博士	2005	3	1313	原版阅读      CNKI AI阅读
1386	小檗碱对人大网膜前脂肪细胞增殖与分化的影响	阴津华	山西医科大学	硕士	2005		135	原版阅读      CNKI AI阅读
1387	小檗碱抑菌特点及抑菌机制的初步研究	华国强	山东大学	硕士	2005	103	2393	原版阅读      CNKI AI阅读
1388	矫味口腔崩解片的研究	胡雪莲	重庆医科大学	硕士	2005	7	963	原版阅读      CNKI AI阅读
1389	盐酸小檗碱对实验性小鼠结肠炎的作用研究	舒德忠	重庆医科大学	硕士	2005	30	594	原版阅读      CNKI AI阅读
1390	栀子苷、黄芩苷和小檗碱对缺氧/复氧损伤时大鼠脑微血管内皮细胞粘附分子表达的影响	袁拯忠	北京中医药大学	硕士	2005	4	664	原版阅读      CNKI AI阅读
1391	共振光散射成像分析技术开发及其在生化分析中的应用	郭宏平	西南师范大学	硕士	2005	4	191	原版阅读      CNKI AI阅读
1392	酪氨酸及其代谢物/衍生物与某些生物碱的毛细管电泳及电化学研究	蒋秀燕	福州大学	硕士	2005	2	310	原版阅读      CNKI AI阅读
1393	小檗碱对小鼠淋巴细胞的药理作用及其机制的研究	杜丽蕊	暨南大学	硕士	2005	1	245	原版阅读      CNKI AI阅读
1394	中性硫酸小檗碱防治脂多糖性肝损伤的机制研究	李梅爱	暨南大学	硕士	2005		154	原版阅读      CNKI AI阅读
1395	生物碱分子印迹聚合物的制备与其性能研究	陈移姣	华中科技大学	硕士	2005	4	903	原版阅读      CNKI AI阅读
1396	前列通水丸的研制	金明玉	延边大学	硕士	2005		204	原版阅读      CNKI AI阅读
1397	小檗碱对兔颈动脉粥样硬化形成的预防作用研究	艾志兵	武汉大学	硕士	2005		132	原版阅读      CNKI AI阅读
1398	小檗碱降低血清胆固醇的作用与分子机理研究	孔维佳	中国协和医科大学	博士	2004	17	1032	原版阅读      CNKI AI阅读
1399	创愈灵涂膜剂的实验研究	陈红专	湖北中医学院	硕士	2004	1	485	原版阅读      CNKI AI阅读
1400	小鼠3T3-L1的培养、鉴定及小檗碱对其增殖分化的影响	王鸿	山西医科大学	硕士	2004	9	569	原版阅读      CNKI AI阅读
	中文题名	作者	学位授予单位	数据库	学位授予年度	被引	下载	操作
1401	复方盐酸小檗碱分散片的研制及其在家兔体内的药物代谢动力学	温悦	四川大学	硕士	2004	7	751	原版阅读      CNKI AI阅读
1402	固载表面毛细流定向组装成环技术及其在生化药物分析中的应用研究	刘颖	西南师范大学	博士	2004	5	189	原版阅读      CNKI AI阅读
1403	黄柏的质量评价研究	王瑾	沈阳药科大学	硕士	2004	12	957	原版阅读      CNKI AI阅读
1404	小檗碱对人高转移肺癌细胞系（PG）细胞增殖和转移的影响及机制研究	蒋艳	北京中医药大学	硕士	2004	5	276	原版阅读      CNKI AI阅读
1405	川黄柏的HPLC指纹图谱研究	杨宏	四川大学	硕士	2004	1	824	原版阅读      CNKI AI阅读
1406	共振光散射新技术在生化药物分析中的应用研究	庞小兵	西南师范大学	硕士	2004	6	282	原版阅读      CNKI AI阅读
1407	小檗碱抗大肠杆菌毒素致肠黏膜微血管内皮细胞损伤的初探	索占伟	中国农业大学	硕士	2004	4	284	原版阅读      CNKI AI阅读
1408	原小檗碱类生物碱作用差异的机理研究	郑洪艳	天津医科大学	硕士	2004	50	1132	原版阅读      CNKI AI阅读
1409	盐酸小檗碱的抗肿瘤作用及对HL-60细胞的诱导分化	王志红	福建医科大学	硕士	2004	4	341	原版阅读      CNKI AI阅读
1410	金、金－阳离子表面活性剂及蛋白质等纳米微粒的共振散射光谱研究及分析应用	潘宏程	广西师范大学	硕士	2004	3	399	原版阅读      CNKI AI阅读
1411	盐酸小檗碱对DSS诱导小鼠结肠炎的疗效观察及机制研究	纪桂贤	天津医科大学	硕士	2004	8	355	原版阅读      CNKI AI阅读
1412	双黄补缓释药条体外释放率的测定	张风华	河北医科大学	硕士	2004	1	174	原版阅读      CNKI AI阅读
1413	新型四氢原小檗碱—阿朴菲二聚体thalibealine及阿朴菲生物碱d-荷苞牡丹碱的全合成研究	马红敏	中国协和医科大学	博士	2003		343	原版阅读      CNKI AI阅读
1414	葛根芩连汤抗病毒有效物质基础研究	龚湛文	北京中医药大学	硕士	2003	12	1227	原版阅读      CNKI AI阅读
1415	pH依赖型万氏牛黄清心缓释微丸的研究	戚秋鹏	沈阳药科大学	硕士	2003	6	451	原版阅读      CNKI AI阅读
1416	四苯硼钠等缔合纳米微粒的光谱特性研究及分析应用	江洪流	广西师范大学	硕士	2003		135	原版阅读      CNKI AI阅读
1417	蛋白质和抗菌类药物在液/液界面吸附行为的全内反射光散射研究	奉萍	西南师范大学	博士	2003	3	311	原版阅读      CNKI AI阅读
1418	熊胆牛黄胶囊制备工艺及质量标准研究	赵碧清	湖南中医学院	硕士	2002	3	380	原版阅读      CNKI AI阅读
1419	小檗碱在人及大鼠体内代谢产物的研究	朱志勇	沈阳药科大学	硕士	2002	29	2029	原版阅读      CNKI AI阅读
1420	黄连解毒汤质量控制方法及配伍机理研究	李清	沈阳药科大学	硕士	2001	6	646	原版阅读      CNKI AI阅读
1421	清胃口含片药学部分研究	杨军宣	成都中医药大学	硕士	2001		337	原版阅读      CNKI AI阅读
1422	小檗碱对人胃癌细胞作用靶基因分离和连黛片治疗术后胃癌大肠癌的初步临床观察	郭淑杰	广州中医药大学	博士	2000	5	796	原版阅读      CNKI AI阅读

