	中文题名	作者	学位授予单位	数据库	学位授予年度	被引	下载	操作
1	基于CiteSpace和方证相应思想的中药治疗银屑病的组方规律研究	马晓宇	天津中医药大学	硕士	2024		299	原版阅读      CNKI AI阅读
2	基于“肠道菌群-代谢-炎症”探索半夏泻心汤治疗溃疡性结肠炎的作用机制	罗玉婷	中国中医科学院	博士	2024	1	5277	原版阅读      CNKI AI阅读
3	基于升阳散火汤的“火郁发之”理论及其临床应用研究	徐鹏	中国中医科学院	博士	2024	1	696	原版阅读      CNKI AI阅读
4	胡黄连苷Ⅱ对动脉粥样硬化性ApoE-/-小鼠的肝保护作用机制	刘姿杉	青岛大学	硕士	2024		118	原版阅读      CNKI AI阅读
5	肠炎宁片通过Wnt/β-catenin信号通路干预结直肠癌前病变-癌的机制研究	张凯轩	中国中医科学院	硕士	2024		279	原版阅读      CNKI AI阅读
6	仝小林院士治疗老年糖尿病的门诊数据挖掘及核心方药的临床疗效观察	张琪棋	中国中医科学院	硕士	2024		441	原版阅读      CNKI AI阅读
7	基于数据挖掘的周斌教授治疗慢性萎缩性胃炎的用药规律研究	王思雨	中国中医科学院	硕士	2024		602	原版阅读      CNKI AI阅读
8	耐水性抗菌聚乙烯醇复合纳米纤维材料制备与性能研究	产虹雨	青岛大学	硕士	2024		176	原版阅读      CNKI AI阅读
9	榆黄蘑三种病害病原菌鉴定及其植物源抑菌剂的筛选	黄梅	重庆三峡学院	硕士	2024	1	623	原版阅读      CNKI AI阅读
10	加减荆芥连翘汤治疗慢性萎缩性胃炎的临床回顾性分析	黎永鸿	南方医科大学	硕士	2024		303	原版阅读      CNKI AI阅读
11	鼻咽癌不同中医证型差异SE-lncRNA谱筛选及黄连素抗鼻咽癌分子机制研究	吴瑶	湖南中医药大学	博士	2024		73	原版阅读      CNKI AI阅读
12	黄连解毒汤调控P2RY12/PI3K/AKT自噬通路抑制动脉粥样硬化机制研究	林晋海	广州中医药大学	博士	2024		356	原版阅读      CNKI AI阅读
13	基于转录组学整合分析《普济方》治消渴丸防治T2DM的机制研究	丁雷	北京中医药大学	博士	2024		122	原版阅读      CNKI AI阅读
14	益智清心方调控小胶质细胞衰老改善AD认知功能的研究	姚久秀	山东中医药大学	博士	2024		22	原版阅读      CNKI AI阅读
15	动脉粥样硬化之热损脉络机理的证素分析与机制探讨	纪凌云	山东中医药大学	博士	2024		8	原版阅读      CNKI AI阅读
16	基于明清文献的温病下法研究	夏富龙	山东中医药大学	博士	2024		16	原版阅读      CNKI AI阅读
17	奇珍异宝药物的文献研究——以本草文献中的七种药物为研究对象	鄢梁裕	长春中医药大学	博士	2024		1493	原版阅读      CNKI AI阅读
18	蒙药地格达-4提取物防治非酒精性脂肪肝作用机制研究	吉小平	内蒙古民族大学	博士	2024		965	原版阅读      CNKI AI阅读
19	基于“通透”祛邪法对疫病治疗思想和有效方药作用机制研究	王秋月	长春中医药大学	博士	2024		422	原版阅读      CNKI AI阅读
20	枳实导滞汤治疗非酒精性脂肪肝的回顾性研究及机制探讨	李怡憬	长春中医药大学	博士	2024		1324	原版阅读      CNKI AI阅读
21	基于古今医案数据分析的胃痛病证治规律研究	周岚	黑龙江中医药大学	博士	2024		1174	原版阅读      CNKI AI阅读
22	基于机器学习优化益气活血解毒法在脓毒症介入时机的临床研究	潘郭海容	黑龙江中医药大学	博士	2024		565	原版阅读      CNKI AI阅读
23	林下种植模式下竹溪黄连规模化生产技术研究	张亚豪	华中农业大学	硕士	2024		109	原版阅读      CNKI AI阅读
24	基于斑马鱼模型评价三萜天然产物和低氘水生物活性的研究	王金如	山西大学	硕士	2024		169	原版阅读      CNKI AI阅读
25	漆树族分子系统发育与进化研究	牛利雅	山西大学	硕士	2024		94	原版阅读      CNKI AI阅读
26	防治犊牛腹泻中药复方的质量控制及药理学研究	黄莉萍	中国农业科学院	硕士	2024		184	原版阅读      CNKI AI阅读
27	黄连解毒汤抗特应性皮炎药效学研究	刘畅	辽宁中医药大学	硕士	2024		367	原版阅读      CNKI AI阅读
28	黄连素通过AMPK信号减轻HFpEF相关心房颤动的作用及机制研究	曹子钧	辽宁中医药大学	硕士	2024		86	原版阅读      CNKI AI阅读
29	基于网络药理学和数据挖掘探讨中医药治疗反流性食管炎的用药规律和作用机制	刘翔	江西中医药大学	硕士	2024		249	原版阅读      CNKI AI阅读
30	基于“古今医案云平台”挖掘何晓晖教授应用柴胡的特色经验	胡俏盈	江西中医药大学	硕士	2024		119	原版阅读      CNKI AI阅读
31	基于古今医案云平台挖掘何晓晖教授治疗胆胀的用药规律	谢思思	江西中医药大学	硕士	2024		200	原版阅读      CNKI AI阅读
32	基于中医传承辅助平台分析章念伟治疗脾肾亏虚型慢性肾衰竭的用药规律研究	谢钊志	江西中医药大学	硕士	2024		121	原版阅读      CNKI AI阅读
33	黄连素与皇竹草粉或丁酸梭菌添加对草鱼联合作用研究	王彬滨	中国农业科学院	硕士	2024		113	原版阅读      CNKI AI阅读
34	基于数据挖掘和网络药理学探究李世杰教授治疗胃癌的用药规律及其机制	张蕖	成都中医药大学	硕士	2024		102	原版阅读      CNKI AI阅读
35	基于数据挖掘和网络药理学探析陈玉主任医师治疗结直肠癌的用药规律和机制	詹露	成都中医药大学	硕士	2024		133	原版阅读      CNKI AI阅读
36	基于化学全息数字化的传统饮片与配方颗粒实际摄入量对比研究	朱佩佩	江西中医药大学	硕士	2024		57	原版阅读      CNKI AI阅读
37	中草药木材防腐抗蚁药剂的配置及方案模型优化	刘镇宇	内蒙古农业大学	硕士	2024		77	原版阅读      CNKI AI阅读
38	雷枭教授治疗肥胖的用药规律及学术思想研究	郭金莲	川北医学院	硕士	2024		36	原版阅读      CNKI AI阅读
39	黄连上清丸对ROU大鼠口腔微生物、sIgA、IgG水平及NF-kB通路影响的研究	王玺舜	湖南中医药大学	硕士	2024		88	原版阅读      CNKI AI阅读
40	基于数据挖掘分析石荣教授治疗湿热下注型混合痔内治法的用药规律	陈路瑶	福建中医药大学	硕士	2024		34	原版阅读      CNKI AI阅读
41	复方黄连液对湿热蕴结型痛风性关节炎的临床疗效观察	刘乐诗	广州中医药大学	硕士	2024		72	原版阅读      CNKI AI阅读
42	苏叶黄连汤加味联合五行音乐治疗妊娠恶阻（肝胃不和型）的临床疗效观察	陆俊榕	成都中医药大学	硕士	2024		96	原版阅读      CNKI AI阅读
43	基于R语言的《中华医典》酒疸用药规律研究	张衡	湖南中医药大学	硕士	2024		105	原版阅读      CNKI AI阅读
44	中成药益心舒“异病同治”的证据链整合研究	高诗雨	天津中医药大学	硕士	2024		66	原版阅读      CNKI AI阅读
45	基于气化理论运用半夏泻心汤加减治疗室性早搏的临床研究	苏宇情	天津中医药大学	硕士	2024		52	原版阅读      CNKI AI阅读
46	基于数据挖掘的中药治疗甲状腺功能亢进症用药规律研究	甘梦文	广州中医药大学	硕士	2024		36	原版阅读      CNKI AI阅读
47	基于数据挖掘研究程丑夫教授治疗心律失常的遣方用药规律	杨挺	湖南中医药大学	硕士	2024		40	原版阅读      CNKI AI阅读
48	中医治疗幽门螺杆菌感染的用药规律和作用机制研究	赖燕婷	广州中医药大学	硕士	2024		53	原版阅读      CNKI AI阅读
49	基于数据挖掘探讨小儿肺炎合并腹泻症状的中医证治特点及其相关因素分析	乔晋丽	天津中医药大学	硕士	2024		41	原版阅读      CNKI AI阅读
50	基于“方-症-舌-脉”的挖掘方法构建和验证	黄嬿燕	广州中医药大学	硕士	2024		15	原版阅读      CNKI AI阅读
	中文题名	作者	学位授予单位	数据库	学位授予年度	被引	下载	操作
51	复方黄连液贴膏对软组织损伤修复的机制及对肩关节镜下肩袖损伤术后临床疗效研究	刘瑞杰	广州中医药大学	硕士	2024		39	原版阅读      CNKI AI阅读
52	黄连素与牛磺胆酸钠自组装纳米粒的构建、释放及抗高尿酸血症药效评价	秦泽慧	广州中医药大学	硕士	2024		107	原版阅读      CNKI AI阅读
53	基于CXCR4通路探究伤科黄水及黄连碱治疗OA的机制研究	廖嘉新	广州中医药大学	硕士	2024		12	原版阅读      CNKI AI阅读
54	富碘黄连汤治疗上热下寒证甲状腺功能亢进症的临床研究	梁小烨	广州中医药大学	硕士	2024		25	原版阅读      CNKI AI阅读
55	岭南梁氏脾胃病流派代表医家治疗Hp感染性胃炎经验总结及用药特点研究	陈李祐	广州中医药大学	硕士	2024		19	原版阅读      CNKI AI阅读
56	香叶天竺葵和清香木的化学成分及抗氧化活性研究	李旺	云南农业大学	硕士	2024		100	原版阅读      CNKI AI阅读
57	基于数据挖掘探讨中医药治疗口腔溃疡的临床用药规律研究	熊志豪	江西中医药大学	硕士	2024		201	原版阅读      CNKI AI阅读
58	基于Meta分析及数据挖掘研究中药治疗难治性胃食管反流病疗效及叶蔚主任治疗经验	陈文豪	浙江中医药大学	硕士	2024		58	原版阅读      CNKI AI阅读
59	《新雕孙真人千金方》与《千金翼方》方剂异文研究	李家萱	北京中医药大学	硕士	2024		20	原版阅读      CNKI AI阅读
60	清热法治疗T2DM的Meta分析及赵进喜清热法治疗T2DM数据挖掘	唐莹	北京中医药大学	硕士	2024		24	原版阅读      CNKI AI阅读
61	蒌连丸调节db/db小鼠肝脏糖脂代谢紊乱的机制研究	宁洲俊	北京中医药大学	硕士	2024		27	原版阅读      CNKI AI阅读
62	李飞泽教授治疗中风后不寐阴虚血瘀证的用药规律及网络药理学研究	沈启明	浙江中医药大学	硕士	2024		39	原版阅读      CNKI AI阅读
63	Hp胃炎脾虚湿热证与黏膜病理及Th/Treg细胞关系的研究	任丽江	北京中医药大学	硕士	2024		10	原版阅读      CNKI AI阅读
64	含黄连复方治疗T2DM的注册登记研究及黄连—干姜药对的降糖机制探究	张湘苑	北京中医药大学	硕士	2024		50	原版阅读      CNKI AI阅读
65	基于“火热致中”理论探讨黄连素治疗急性缺血性脑卒中火热证的临床疗效	刘娜	华北理工大学	硕士	2024		7	原版阅读      CNKI AI阅读
66	基于文献挖掘和网络药理学探析糖尿病前期中药干预规律	汪生娜	云南中医药大学	硕士	2024		12	原版阅读      CNKI AI阅读
67	《伤寒杂病论》与《外台秘要》葛根应用规律研究	崔家祥	山东中医药大学	硕士	2024		8	原版阅读      CNKI AI阅读
68	栝楼牡蛎散治疗阴虚热盛证2型糖尿病的临床疗效观察	宋宗辉	山东中医药大学	硕士	2024		1	原版阅读      CNKI AI阅读
69	基于数据挖掘探讨中药灌肠治疗溃疡性结肠炎的用药规律	王懿	山东中医药大学	硕士	2024		5	原版阅读      CNKI AI阅读
70	优思悦+黄连温胆汤联合多维度协同管理改善痰湿型多囊卵巢综合征代谢紊乱的临床研究	贾珠	山东中医药大学	硕士	2024		3	原版阅读      CNKI AI阅读
71	吴鞠通调肝法及其用药规律的研究	王钰	山东中医药大学	硕士	2024		5	原版阅读      CNKI AI阅读
72	基于数据挖掘探究张法荣教授治疗DKD的用药规律及核心处方的网络药理学研究	王世涛	山东中医药大学	硕士	2024			原版阅读      CNKI AI阅读
73	基于网络药理学方法的胡黄连药材质量标志物分析与质量标准提升研究	刘广绪	山东中医药大学	硕士	2024		14	原版阅读      CNKI AI阅读
74	马齿苋抗高尿酸血症作用机制研究	张一鸣	吉林大学	硕士	2024		1039	原版阅读      CNKI AI阅读
75	基于肠道菌群分析探讨黄连素对多囊卵巢综合征小鼠的作用和机制研究	信鸽	长春工业大学	硕士	2024		504	原版阅读      CNKI AI阅读
76	骆驼源金黄色葡萄球菌的分离鉴定及16味中草药对其体外抑菌效果研究	马颖超	塔里木大学	硕士	2024	1	490	原版阅读      CNKI AI阅读
77	近代云南药材贸易发展初探（1840-1937）	王锐	云南师范大学	硕士	2024		248	原版阅读      CNKI AI阅读
78	苍黄清幽饮治疗儿童Hp相关性胃炎（脾胃湿热型）的临床观察及网络药理学研究	徐欣梅	黑龙江中医药大学	硕士	2024		189	原版阅读      CNKI AI阅读
79	连朴颗粒工艺及质量评价研究	王婕	长春中医药大学	硕士	2024		311	原版阅读      CNKI AI阅读
80	经典名方半夏泻心汤基准样品研究及其治疗消化道肿瘤作用机制预测分析	王野谌	长春中医药大学	硕士	2024		441	原版阅读      CNKI AI阅读
81	黄连解毒颗粒制剂及网络药理学研究	赵莹	长春中医药大学	硕士	2024		793	原版阅读      CNKI AI阅读
82	黄连素抑制耐药结肠癌细胞干性的作用机制研究	文科	湖北医药学院	硕士	2024		115	原版阅读      CNKI AI阅读
83	《医宗金鉴·外科心法要诀》外痈阳证内治方剂的配伍特点研究	程新雅	黑龙江中医药大学	硕士	2024		137	原版阅读      CNKI AI阅读
84	车前子药性、功效及临床用药思维的文献研究	常思潮	黑龙江中医药大学	硕士	2024		380	原版阅读      CNKI AI阅读
85	蒙药地格达-8味胶囊的制备工艺及质量标准研究	齐力格尔	内蒙古民族大学	硕士	2024		184	原版阅读      CNKI AI阅读
86	基于数据挖掘的全国名老中医治疗慢性萎缩性胃炎的用药规律研究	李雪阳	长春中医药大学	硕士	2024		410	原版阅读      CNKI AI阅读
87	基于态靶辨治理论探究陈锐教授治疗2型糖尿病伴血脂异常的用药规律及作用机制	温晓娟	长春中医药大学	硕士	2024		180	原版阅读      CNKI AI阅读
88	基于近70年文献医案研究不寐的关联脏腑分布及遣方用药规律	孙美玉	长春中医药大学	硕士	2024	1	234	原版阅读      CNKI AI阅读
89	基于态靶辨治理论探讨陈锐教授治疗2型糖尿病合并高尿酸血症的用药规律和作用机制研究	张鑫	长春中医药大学	硕士	2024		206	原版阅读      CNKI AI阅读
90	基于数据挖掘技术分析李光英教授治疗广泛性焦虑症的用药规律研究	李佳媛	长春中医药大学	硕士	2024		84	原版阅读      CNKI AI阅读
91	南征教授治疗消渴心病经验的数据挖掘研究	刘真如	长春中医药大学	硕士	2024		100	原版阅读      CNKI AI阅读
92	黄连温胆汤合孔圣枕中丹治疗儿童多动症（痰火内扰证）临床疗效观察	王银红	长春中医药大学	硕士	2024		215	原版阅读      CNKI AI阅读
93	加味黄连解毒汤湿热敷治疗蠕形螨相关干眼的临床研究	刘星彤	长春中医药大学	硕士	2024		131	原版阅读      CNKI AI阅读
94	基于数据挖掘技术探究全国名老中医治疗溃疡性结肠炎的用药规律	钱禹杭	长春中医药大学	硕士	2024		321	原版阅读      CNKI AI阅读
95	针药结合治疗阴虚火旺型郁证伴不寐	李丰男	长春中医药大学	硕士	2024		205	原版阅读      CNKI AI阅读
96	《千金方》外治法文献整理研究	郭翠霞	黑龙江中医药大学	硕士	2024		263	原版阅读      CNKI AI阅读
97	基于古今文献和网络药理学的寻常性痤疮中医治疗用药规律研究	陈希	黑龙江中医药大学	硕士	2024	1	416	原版阅读      CNKI AI阅读
98	孔伯华治疗脾胃病的方药特点研究	陈昌瑾	黑龙江中医药大学	硕士	2024		120	原版阅读      CNKI AI阅读
99	伤寒杂病论心悸证治规律研究	靳旭	黑龙江中医药大学	硕士	2024		177	原版阅读      CNKI AI阅读
100	基于数据挖掘探析梁国英教授治疗溃疡性结肠炎的用药规律	崔琰彬	黑龙江中医药大学	硕士	2024		113	原版阅读      CNKI AI阅读
	中文题名	作者	学位授予单位	数据库	学位授予年度	被引	下载	操作
101	基于数据挖掘与网络药理学分析中医药治疗脾胃湿热型慢性萎缩性胃炎的用药规律	赵梅	黑龙江中医药大学	硕士	2024		279	原版阅读      CNKI AI阅读
102	基于数据挖掘探讨姚美玉教授治疗月经后期的用药规律分析及网络药理学研究	田钰洁	黑龙江中医药大学	硕士	2024		185	原版阅读      CNKI AI阅读
103	基于数据挖掘的中医药治疗2型糖尿病合并失眠用药规律研究	张莹琪	黑龙江中医药大学	硕士	2024		223	原版阅读      CNKI AI阅读
104	谢晶日教授治疗溃疡性结肠炎活动期的用药规律及网络药理学分析	郭辉	黑龙江中医药大学	硕士	2024		270	原版阅读      CNKI AI阅读
105	基于数据挖掘探析刘朝霞教授治疗溃疡性结肠炎活动期的用药规律	赵博超	黑龙江中医药大学	硕士	2024		108	原版阅读      CNKI AI阅读
106	基于数据挖掘探析刘朝霞教授治疗功能性消化不良的用药规律	赵东娟	黑龙江中医药大学	硕士	2024		180	原版阅读      CNKI AI阅读
107	基于数据挖掘与网络药理学分析中医药治疗肝胃郁热型反流性食管炎的用药规律	李冰琪	黑龙江中医药大学	硕士	2024		271	原版阅读      CNKI AI阅读
108	基于数据挖掘探析刘朝霞教授治疗慢性萎缩性胃炎的用药规律	安悦	黑龙江中医药大学	硕士	2024		180	原版阅读      CNKI AI阅读
109	102例气阴两虚血瘀型慢性心衰患者的用药规律及网络药理学研究	楚子琰	黑龙江中医药大学	硕士	2024		157	原版阅读      CNKI AI阅读
110	基于数据挖掘和网络药理学分析湿热内蕴型肥胖合并高尿酸血症的用药规律及机制研究	孙明秀	黑龙江中医药大学	硕士	2024		283	原版阅读      CNKI AI阅读
111	谢晶日教授治疗溃疡性结肠炎缓解期用药规律分析及网络药理学研究	张曦丹	黑龙江中医药大学	硕士	2024		87	原版阅读      CNKI AI阅读
112	马建教授治疗肥胖型PCOS的用药规律及作用机制研究	陈琮萍	黑龙江中医药大学	硕士	2024		150	原版阅读      CNKI AI阅读
113	马建教授治疗血脂异常的临床用药规律及作用机制研究	刘丹	黑龙江中医药大学	硕士	2024		86	原版阅读      CNKI AI阅读
114	基于数据挖掘的中医药治疗原发性高血压的证候特征及用药规律研究	崔宇	黑龙江中医药大学	硕士	2024		284	原版阅读      CNKI AI阅读
115	加减黄连温胆汤治疗痰热扰心型失眠的临床观察	王耀磊	黑龙江中医药大学	硕士	2024		376	原版阅读      CNKI AI阅读
116	黄连阿胶汤加减结合耳穴揿针治疗围绝经期失眠（阴虚火旺型）的临床观察	姜玲莉	黑龙江中医药大学	硕士	2024		417	原版阅读      CNKI AI阅读
117	刺络拔罐联合黄连温胆汤加味治疗围绝经期心悸（痰火扰心型）的临床疗效观察	孙梦	黑龙江中医药大学	硕士	2024		318	原版阅读      CNKI AI阅读
118	近红外光谱数据分析中的若干集成式优化算法研究	李小玉	桂林理工大学	硕士	2024		84	原版阅读      CNKI AI阅读
119	左金丸及其有效成分吴茱萸次碱对阿司匹林诱导大鼠急性胃损伤的保护作用及机制研究	常蕾	南方医科大学	硕士	2024		251	原版阅读      CNKI AI阅读
120	基于网络药理学及分子对接技术探讨蒙药阿敏额尔敦治疗失眠症作用机制研究	高优罕	内蒙古民族大学	硕士	2024		276	原版阅读      CNKI AI阅读
121	新种环江黄连在中国的潜在分布区研究	郭兰芝	中国中医科学院	硕士	2024		137	原版阅读      CNKI AI阅读
122	萸黄连对溃疡性结肠炎药效和能量代谢影响的研究	邱传伟	南方医科大学	硕士	2024		185	原版阅读      CNKI AI阅读
123	基于多组学技术的黄连解毒汤治疗阿尔茨海默病的作用机制研究	高文雅	中国中医科学院	博士	2024	1	1665	原版阅读      CNKI AI阅读
124	黄连素通过调控巨噬细胞M1型极化治疗慢性胰腺炎及其机制研究	薛倩	大连理工大学	硕士	2024		26	原版阅读      CNKI AI阅读
125	基于iPSC的神经-肺腺癌肿瘤模型构建及药效评价	徐曙辉	大连理工大学	硕士	2024		5	原版阅读      CNKI AI阅读
126	戊己丸抗胃癌作用有效成分筛选及实验验证	王豫东	大连理工大学	硕士	2024		4	原版阅读      CNKI AI阅读
127	基于数据挖掘的国医大师周仲瑛教授辨治糖尿病的病案研究	李晓新	南京中医药大学	博士	2024		103	原版阅读      CNKI AI阅读
128	灰绿黄堇的化学成分及其抗肝癌和抗炎活性研究	冯慧婷	西藏大学	硕士	2024		206	原版阅读      CNKI AI阅读
129	基于肠道菌群探究小檗碱与黄芩苷配伍增效改善高脂血症的机制	高源	中国中医科学院	博士	2024		1204	原版阅读      CNKI AI阅读
130	中医疫毒理论研究	包瑜	中国中医科学院	博士	2024		422	原版阅读      CNKI AI阅读
131	黄连种植的文化生态研究——以石柱土家族自治县黄水镇为例	熊卉	吉首大学	硕士	2024		159	原版阅读      CNKI AI阅读
132	重庆中心城区常见园林树种抗火性评价及配置优化	董迪	重庆交通大学	硕士	2024	1	155	原版阅读      CNKI AI阅读
133	李智杰教授治疗痰浊上扰型头痛的临证经验研究	曹亚丽	湖北中医药大学	硕士	2024		17	原版阅读      CNKI AI阅读
134	中医药治疗胆汁反流性胃炎的知识图谱可视化及用药规律分析	陈奕真	湖北中医药大学	硕士	2024		34	原版阅读      CNKI AI阅读
135	基于数据挖掘探讨经方治疗溃疡性结肠炎的用药规律及作用机制研究	朱潜增	湖北中医药大学	硕士	2024		36	原版阅读      CNKI AI阅读
136	十味芪连汤联合二甲双胍治疗2型糖尿病脾虚痰湿证的临床观察	黄丹娜	湖北中医药大学	硕士	2024		11	原版阅读      CNKI AI阅读
137	黄连膏联合复方黄柏液促进肛周脓肿术后创面愈合的临床研究	胡月	湖北中医药大学	硕士	2024		28	原版阅读      CNKI AI阅读
138	加味黄连温胆汤联合西药治疗痰热内扰证失眠伴焦虑抑郁的疗效及电生理研究	蒋进珍	湖北中医药大学	硕士	2024		36	原版阅读      CNKI AI阅读
139	黄连属植物遗传多样性和生态适宜性研究	池玉洁	湖北中医药大学	硕士	2024		26	原版阅读      CNKI AI阅读
140	基于数据挖掘分析中医药治疗慢性萎缩性胃炎的辨证用药规律	李倩文	湖北中医药大学	硕士	2024		36	原版阅读      CNKI AI阅读
141	数据挖掘国家专利中药复方治疗慢性萎缩性胃炎的用药规律	冯璐璐	湖北中医药大学	硕士	2024		25	原版阅读      CNKI AI阅读
142	基于数据挖掘的近十年中药治疗溃疡性结肠炎用药规律研究	程帆	湖北中医药大学	硕士	2024		28	原版阅读      CNKI AI阅读
143	基于生信分析、分子对接技术探讨香砂六君子汤加味治疗胃食管反流病的作用机制	杨秋丽	广西中医药大学	硕士	2024		52	原版阅读      CNKI AI阅读
144	基于数据挖掘技术探讨邱明义教授治疗胃食管反流病的用药规律	何铃	湖北中医药大学	硕士	2024		12	原版阅读      CNKI AI阅读
145	基于数据挖掘从药物升降浮沉角度探究糖尿病合并失眠的中医证型及用药规律研究	林春婷	广西中医药大学	硕士	2024		17	原版阅读      CNKI AI阅读
146	加味黄连温胆汤治疗痰热瘀阻型稳定型心绞痛的临床观察	胡晓悦	湖北中医药大学	硕士	2024		22	原版阅读      CNKI AI阅读
147	基于数据挖掘探讨陈峭教授体证互辨运用柴胡化湿汤的临证经验总结	梁诗露	广西中医药大学	硕士	2024		4	原版阅读      CNKI AI阅读
148	基于数据挖掘探讨中医药治疗脾胃湿热型慢性萎缩性胃炎的用药规律研究	钟丰羽	广西中医药大学	硕士	2024		36	原版阅读      CNKI AI阅读
149	基于中医古籍的小儿汗证中医诊疗辅助决策方案研究	张玉婷	广西中医药大学	硕士	2024		22	原版阅读      CNKI AI阅读
150	基于数据挖掘的国医大师张磊治疗心系疾病的临证经验及用药规律研究	谭蜀琼	广西中医药大学	硕士	2024		14	原版阅读      CNKI AI阅读
	中文题名	作者	学位授予单位	数据库	学位授予年度	被引	下载	操作
151	基于数据挖掘的国医大师张磊运用《伤寒论》经方临证经验研究	莫小丽	广西中医药大学	硕士	2024		20	原版阅读      CNKI AI阅读
152	基于数据挖掘的国医大师张磊运用《金匮要略》经方临证经验研究	丁一	广西中医药大学	硕士	2024		18	原版阅读      CNKI AI阅读
153	基于数据挖掘探讨中医药治疗肝胃郁热型胃食管反流病的用药规律	谢佳涛	广西中医药大学	硕士	2024		20	原版阅读      CNKI AI阅读
154	基于数据挖掘探讨中医治疗糖尿病合并高尿酸血症的用药规律	王秋玲	广西中医药大学	硕士	2024		27	原版阅读      CNKI AI阅读
155	基于数据挖掘和网络药理学探讨从湿论治溃疡性结肠炎的用药规律及作用机制	商磊凌	广西中医药大学	硕士	2024		29	原版阅读      CNKI AI阅读
156	基于数据挖掘和网络药理学研究中医药治疗痰热型失眠的用药规律及机制	王嘉惠	广西中医药大学	硕士	2024		29	原版阅读      CNKI AI阅读
157	基于医案数据挖掘的经方治疗不寐的证治规律研究	陈百晓	广西中医药大学	硕士	2024		28	原版阅读      CNKI AI阅读
158	基于中医古籍构建不寐中医诊疗辅助决策方案研究	李华思	广西中医药大学	硕士	2024		28	原版阅读      CNKI AI阅读
159	熊魁梧教授经方应用规律研究	何吉甜	湖北中医药大学	硕士	2024		15	原版阅读      CNKI AI阅读
160	黄连解毒汤治疗糖尿病足溃疡的临床疗效及小檗碱促进糖尿病小鼠皮肤创面愈合的机制研究	郑力铭	湖北中医药大学	硕士	2024		98	原版阅读      CNKI AI阅读
161	基于君臣佐使结构化研究张赤志教授治疗肝病的处方决策规律	李紫明	湖北中医药大学	硕士	2024		26	原版阅读      CNKI AI阅读
162	基于数据挖掘探讨苏国阳教授治疗腹泻型肠易激综合征的用药规律	陈琛	湖北中医药大学	硕士	2024		18	原版阅读      CNKI AI阅读
163	基于数据整合研究及药物靶点虚拟探讨中医药治疗溃疡性结肠炎组方规律和作用机制	李偲嘉	广西中医药大学	硕士	2024		10	原版阅读      CNKI AI阅读
164	基于中医传承辅助平台挖掘中医药治疗肝胃郁热型胃食管反流病的用药组方规律	祖悦	广西中医药大学	硕士	2024		29	原版阅读      CNKI AI阅读
165	罗伟生教授治疗功能性腹泻的用药规律及经验总结	袁春梅	广西中医药大学	硕士	2024		12	原版阅读      CNKI AI阅读
166	胡爱民教授治疗围绝经期汗证用药规律及网络药理学分析	陈青林	湖北中医药大学	硕士	2024		20	原版阅读      CNKI AI阅读
167	基于数据挖掘分析现代中医文献中治疗肝胃郁热型胃食管反流病的用药规律	徐鑫伟	湖北中医药大学	硕士	2024		18	原版阅读      CNKI AI阅读
168	武汉地区成人反流性食管炎的中医辨证用药规律及危险因素分析	谈欣一	湖北中医药大学	硕士	2024		10	原版阅读      CNKI AI阅读
169	基于网络药理学与分子对接术探讨黄连温胆汤治疗痰热互结型高血压病合并焦虑的作用机制	杨敏	广西中医药大学	硕士	2024		106	原版阅读      CNKI AI阅读
170	肾移植术后早期腹泻危险因素分析及黄连素防治的初步探索	刘子杰	南方医科大学	硕士	2024		55	原版阅读      CNKI AI阅读
171	李赛美治疗2型糖尿病合并血脂异常的临床经验及核心处方作用机制研究	梁抒侬	广州中医药大学	博士	2024		77	原版阅读      CNKI AI阅读
172	赵进喜治疗DKD知识图谱构建及益气活血祛风方调节PMPs/mTORC1通路机制研究	张耀夫	北京中医药大学	博士	2024		87	原版阅读      CNKI AI阅读
173	黄连解毒合剂通过LncR-H19与miR-125b-5p调节Th17/Treg和皮肤屏障功能治疗银屑病的机制研究	孔祥一	云南中医药大学	博士	2024		47	原版阅读      CNKI AI阅读
174	基于方剂学理论框架和PRISMA指南的升阳益胃汤理论研究	周祖兵	成都中医药大学	博士	2024		162	原版阅读      CNKI AI阅读
175	左金丸干预脂肪酸代谢调控巨噬细胞极化治疗溃疡性结肠炎的机制研究	葛巍	江西中医药大学	博士	2024		495	原版阅读      CNKI AI阅读
176	黄连素超分子自组装体的构建与发光性质研究	徐诗源	武汉科技大学	硕士	2024		128	原版阅读      CNKI AI阅读
177	李小娟教授中医药治疗2型糖尿病伴失眠的用药规律研究	王莹	辽宁中医药大学	硕士	2024		53	原版阅读      CNKI AI阅读
178	尹远平教授治疗糖尿病周围神经病变用药规律分析及作用机制研究	王百强	辽宁中医药大学	硕士	2024		37	原版阅读      CNKI AI阅读
179	基于数据挖掘探讨理气药在胃食管反流病中应用及配伍规律研究	翟冬妍	辽宁中医药大学	硕士	2024		91	原版阅读      CNKI AI阅读
180	张艳教授治疗持续性房颤的用药规律分析和核心处方网络药理学研究	翟智慧	辽宁中医药大学	硕士	2024		56	原版阅读      CNKI AI阅读
181	张明雪教授“心胆同治”法治疗稳定型心绞痛的用药规律及网络药理学研究	段英锴	辽宁中医药大学	硕士	2024		52	原版阅读      CNKI AI阅读
182	胃脘痛的用药规律研究及消痈溃得康对消化性溃疡大鼠NLRP3/Caspase-1通路的影响	王鑫宇	辽宁中医药大学	硕士	2024		44	原版阅读      CNKI AI阅读
183	清肠降浊方治疗大肠湿热型UC的回顾性分析及网络药理学研究	王婧	辽宁中医药大学	硕士	2024		123	原版阅读      CNKI AI阅读
184	基于“辛开苦降”理论探讨黄连干姜汤对溃疡性结肠炎（寒热错杂型）的疗效及机制分析	周浩忠	江西中医药大学	硕士	2024		154	原版阅读      CNKI AI阅读
185	基于数据挖掘探讨张小萍教授治疗慢性萎缩性胃炎的用药规律	付静雯	江西中医药大学	硕士	2024		145	原版阅读      CNKI AI阅读
186	基于名老中医医案的慢性萎缩性胃炎态靶辨治研究	汪士裕	江西中医药大学	硕士	2024		66	原版阅读      CNKI AI阅读
187	基于“中气升降”理论观察下气汤联合黄连膏治疗脾虚湿蕴证湿疮的疗效	辛俏	江西中医药大学	硕士	2024		71	原版阅读      CNKI AI阅读
188	三黄散中药倒模治疗中度痤疮的临床观察及网络药理学分析研究	黄李婷	江西中医药大学	硕士	2024		125	原版阅读      CNKI AI阅读
189	基于数据挖掘方法探讨何晓晖教授辨治消化性溃疡方剂配伍规律	王朝嘉	江西中医药大学	硕士	2024		103	原版阅读      CNKI AI阅读
190	庐陵医家食养食疗研究	杨瑞霞	江西中医药大学	硕士	2024		97	原版阅读      CNKI AI阅读
191	基于数据挖掘方法探讨周茂福教授治疗汗证经验	杨德君	江西中医药大学	硕士	2024		33	原版阅读      CNKI AI阅读
192	基于网络药理学-分子对接技术探究乌梅丸“异病同治”溃疡性结肠炎和肠易激综合征作用机制	章钰川	江西中医药大学	硕士	2024		93	原版阅读      CNKI AI阅读
193	复方葛根汤减方抗乳腺癌分子作用机制研究	徐恩惠	江西中医药大学	硕士	2024		105	原版阅读      CNKI AI阅读
194	黄连提取物小檗碱增强肠干细胞功能促进放射性肠炎再生修复的作用及机制研究	屠思雨	成都中医药大学	硕士	2024		210	原版阅读      CNKI AI阅读
195	基于铁代谢途径研究黄连解毒汤干预帕金森病小鼠模型的作用机制	常文	成都中医药大学	硕士	2024		87	原版阅读      CNKI AI阅读
196	基于黄连素白光LED用发光材料的制备及性能研究	管冷	聊城大学	硕士	2024		31	原版阅读      CNKI AI阅读
197	胃黏膜萎缩的转归和胃黏膜癌变逆转的研究	亚夏尔·热扎依丁	北京协和医学院	硕士	2024		19	原版阅读      CNKI AI阅读
198	黄连素对脂多糖诱导心肌细胞焦亡的影响	武袁梦	内蒙古医科大学	硕士	2024		59	原版阅读      CNKI AI阅读
199	大黄黄连泻心汤通过干扰miR-320表达调控PI3K/AKT信号通路改善HepG2细胞胰岛素抵抗的研究	邓群	内蒙古医科大学	硕士	2024		46	原版阅读      CNKI AI阅读
200	银花抗病毒口服液的物质基础和质量控制研究	谭金桃	湖南中医药大学	硕士	2024		114	原版阅读      CNKI AI阅读
	中文题名	作者	学位授予单位	数据库	学位授予年度	被引	下载	操作
201	抗痤疮致病菌中药配方的筛选，及其制剂成型工艺与活性研究	宋卫强	川北医学院	硕士	2024		105	原版阅读      CNKI AI阅读
202	黄连乡煤矿急倾斜煤层伪斜开采裂隙演化特征及采空区瓦斯治理研究	刘黎明	中国矿业大学	硕士	2024		79	原版阅读      CNKI AI阅读
203	梅花针联合黄连喷剂治疗头皮寻常型银屑病的临床疗效研究	杨兴燕	成都中医药大学	硕士	2024		55	原版阅读      CNKI AI阅读
204	基于数据挖掘探讨王强主任治疗胃癌的用药经验及学术思想	刘艺	天津中医药大学	硕士	2024		38	原版阅读      CNKI AI阅读
205	千金黄连方药效物质基础探索及质量评价研究	陈子聿	天津中医药大学	硕士	2024		109	原版阅读      CNKI AI阅读
206	基于六经气化学说探讨王强主任治疗功能性便秘的用药规律	仲斯琪	天津中医药大学	硕士	2024		23	原版阅读      CNKI AI阅读
207	加味黄连-5味散尼如哈疗法对放射性肠炎大鼠的肠黏膜保护作用及相关蛋白的影响	潘其力木格	内蒙古医科大学	硕士	2024		36	原版阅读      CNKI AI阅读
208	黄连人参对药调节Apelin治疗非酒精性脂肪肝的机制研究	郭豫瑾	华中科技大学	硕士	2024		91	原版阅读      CNKI AI阅读
209	叶天士脾胃分治理论的用药规律研究	吕钒	江西中医药大学	硕士	2024		83	原版阅读      CNKI AI阅读
210	基于名老中医医案的失眠态靶辨治研究	袁清文	江西中医药大学	硕士	2024		70	原版阅读      CNKI AI阅读
211	滋阴法治疗阴虚型失眠的有效性评价及中药复方用药规律探析	刘鑫雨	北京中医药大学	硕士	2024		20	原版阅读      CNKI AI阅读
212	基于六经四维辨证框架的脾胃病证治分类研究	叶祯	江西中医药大学	硕士	2024		35	原版阅读      CNKI AI阅读
213	基于小胶质细胞氧化应激探讨交泰丸干预失眠的作用机制	区浩松	北京中医药大学	硕士	2024		48	原版阅读      CNKI AI阅读
214	紫芨连柏止痛方治疗肿瘤相关手足皮肤不良反应的临床研究	张梦凡	北京中医药大学	硕士	2024		39	原版阅读      CNKI AI阅读
215	基于真实世界仝小林教授临床应用大黄经验总结及安全性分析	谢伟楠	北京中医药大学	硕士	2024		34	原版阅读      CNKI AI阅读
216	王凤云教授从脾论治CAG经验挖掘与健脾理气活血法的疗效机制研究	余文熙	北京中医药大学	硕士	2024		16	原版阅读      CNKI AI阅读
217	孟河丁派丁甘仁、秦伯未和杜怀棠辨治脾胃病学术思想的对比研究	付阳茜	北京中医药大学	硕士	2024		27	原版阅读      CNKI AI阅读
218	幽门螺杆菌感染中医证治规律研究	刘扬	北京中医药大学	硕士	2024		26	原版阅读      CNKI AI阅读
219	黄连温胆汤加味治疗脾胃湿热型痤疮的疗效观察及对睡眠质量的影响	廖晨希	云南中医药大学	硕士	2024		10	原版阅读      CNKI AI阅读
220	钟氏外洗方联合盐酸黄连素油治疗亚急性湿热浸淫证肛周湿疹临床疗效研究	李兰青	云南中医药大学	硕士	2024		13	原版阅读      CNKI AI阅读
221	基于复杂网络分析方法2型糖尿病中医诊疗方案优化	李雨倩	北京中医药大学	硕士	2024		18	原版阅读      CNKI AI阅读
222	赵绍琴先生治疗脾胃病用药规律与特点研究	高玉玺	云南中医药大学	硕士	2024		16	原版阅读      CNKI AI阅读
223	《蒙医秘诀方海》记载治疗自因疮疡类疾病的文献研究	白领兄	内蒙古医科大学	硕士	2024		71	原版阅读      CNKI AI阅读
224	基于引经报使理论的《本草纲目》中24味引经药特点研究	张帅	河北大学	硕士	2024	1	646	原版阅读      CNKI AI阅读
225	拮抗细菌与植物源提取物复配防治马尾松枯梢病研究	牛安琪	中南林业科技大学	硕士	2024		229	原版阅读      CNKI AI阅读
226	基于中华医典对古代医家治疗认知障碍的组方配伍研究	杜杭帅	黑龙江中医药大学	硕士	2024		200	原版阅读      CNKI AI阅读
227	复合中草药对中华绒螯蟹生长、肝肠健康和品质的影响研究	邹芳	扬州大学	硕士	2024		276	原版阅读      CNKI AI阅读
228	加味三黄泻心汤微乳凝胶的制备及对痤疮的作用研究	梁进京	吉林农业大学	硕士	2024		332	原版阅读      CNKI AI阅读
229	基于苦味受体初步探讨黄连“苦寒伤胃”的机制	吴志钟彬	西南大学	硕士	2024		222	原版阅读      CNKI AI阅读
230	黄连CoOMT基因的克隆与功能研究	肖红玉	西南大学	硕士	2024		62	原版阅读      CNKI AI阅读
231	光质及SOMT基因编辑对黄连表小檗碱和黄连碱积累的研究	王瑞康	西南大学	硕士	2024		62	原版阅读      CNKI AI阅读
232	中药复方乌连柏制剂的研制及其对副猪嗜血杆菌病的预防作用研究	庞博	沈阳农业大学	硕士	2024		43	原版阅读      CNKI AI阅读
233	熊宗立整理医籍研究	林名垚	北京中医药大学	博士	2024		31	原版阅读      CNKI AI阅读
234	黄芩、黄连、黄柏治疗不同病、证的配伍规律研究	曲鹏达	云南中医药大学	博士	2024		124	原版阅读      CNKI AI阅读
235	NAT10通过调控CCL2影响肝内胆管癌增殖和巨噬细胞M2型极化	蔡腾	兰州大学	博士	2024		234	原版阅读      CNKI AI阅读
236	陈士铎“水火理论”相关方剂的组方过程研究	张钟艺	成都中医药大学	硕士	2024		70	原版阅读      CNKI AI阅读
237	酿酒酵母SFH1和HEM4的功能及其参与的BBR耐药机制研究	刘瑶	东华大学	硕士	2024		26	原版阅读      CNKI AI阅读
238	兼具优良口感与易吞性的黄连口服凝胶的制备、表征与评价研究	卢泰	成都中医药大学	硕士	2024		127	原版阅读      CNKI AI阅读
239	基于深度学习的中枢神经靶点中药成分筛选系统及对胆碱酯酶的应用	潘福璐	北京中医药大学	硕士	2024		38	原版阅读      CNKI AI阅读
240	葛根芩连汤加减联合常规西药治疗2型糖尿病（湿热证）临床疗效的Meta分析	景秀玲	黑龙江中医药大学	硕士	2024		169	原版阅读      CNKI AI阅读
241	基于数据挖掘的张效科教授运用桑属植物治疗2型糖尿病及并发症经验整理	崔丹梅	陕西中医药大学	硕士	2024		103	原版阅读      CNKI AI阅读
242	香连溶液抗大口黑鲈嗜水气单胞菌效果评价及其活性成分分析	刘志昊	吉林农业大学	硕士	2024		124	原版阅读      CNKI AI阅读
243	基于黄檗基因组的苄基异喹啉生物碱生物合成关键酶的筛选及功能研究	张琬然	东北林业大学	硕士	2024		208	原版阅读      CNKI AI阅读
244	四川省常见木本油料作物微型子囊菌分类与系统发育研究	李文丽	电子科技大学	博士	2024		272	原版阅读      CNKI AI阅读
245	银纳米粒的绿色合成及其抗菌性能研究	冯静	重庆理工大学	硕士	2024		247	原版阅读      CNKI AI阅读
246	基于数据挖掘探讨吴门医派学术经验继承人董宏利治疗失眠的用药规律及临床经验	糜星怡	南京中医药大学	硕士	2024		316	原版阅读      CNKI AI阅读
247	三黄温胆汤治疗超重/肥胖合并2型糖尿病痰湿热结证的临床观察	许徐秀生	南京中医药大学	硕士	2024		28	原版阅读      CNKI AI阅读
248	基于数据挖掘技术研究王旭教授治疗糖尿病周围神经病变的用药规律	HOANG THI THANH（黄氏清）	南京中医药大学	硕士	2024		15	原版阅读      CNKI AI阅读
249	鄂西森林生态质量样地种子植物区系及主要森林群落特征研究	胡毅峰	湖北大学	硕士	2024		83	原版阅读      CNKI AI阅读
250	黄连解毒汤促进脂肪产热改善肥胖的机制研究	徐平圆	南京中医药大学	博士	2024		72	原版阅读      CNKI AI阅读
	中文题名	作者	学位授予单位	数据库	学位授予年度	被引	下载	操作
251	基于苦味受体/热敏受体探讨左金丸治疗胃食管反流病的分子机制	崔国良	南京中医药大学	博士	2024		558	原版阅读      CNKI AI阅读
252	仙鹤草-黄连药对通过调控分子伴侣介导自噬抑制结直肠癌的作用机制研究	何亚萍	南京中医药大学	硕士	2024		21	原版阅读      CNKI AI阅读
253	黄连温胆汤加减治疗脾胃湿热证慢性萎缩性胃炎伴失眠的临床研究	阮晓宇	南京中医药大学	硕士	2024		34	原版阅读      CNKI AI阅读
254	仙鹤草-黄连药对防治结直肠炎癌转化的药效及机制研究	侯敏艳	南京中医药大学	硕士	2024		36	原版阅读      CNKI AI阅读
255	周仲瑛教授脏腑同治学术思想研究——从肝胃不和病机辨治胃食管反流病经验探析	周崇怡	南京中医药大学	硕士	2024		21	原版阅读      CNKI AI阅读
256	六味地黄汤合交泰汤加味治疗更年期失眠心肾不交证的临床疗效及其提取物对5-HT和BDNF水平影响的研究	TANTASATITYANON SINEE（陈星河）	南京中医药大学	博士	2024		63	原版阅读      CNKI AI阅读
257	中医郁病理论及其在消化心身疾病中的临床运用研究	李煜	南京中医药大学	博士	2024	3	1246	原版阅读      CNKI AI阅读
258	常用经方对小鼠非酒精性脂肪肝保护作用的对比研究	沈赟	南京中医药大学	硕士	2024		466	原版阅读      CNKI AI阅读
259	加味黄连温胆汤治疗重症肺炎（痰热壅肺证）患者的临床研究	王迪	南京中医药大学	硕士	2024	1	333	原版阅读      CNKI AI阅读
260	加味黄连温胆汤治疗餐后不适综合征脾胃湿热证的临床疗效观察及其对IL-6的影响	臧圣凯	南京中医药大学	硕士	2024		77	原版阅读      CNKI AI阅读
261	基于TAS2R38-MC-TRPV1信号轴探讨左金丸治疗胃食管反流病内脏高敏机制	孫建羽	南京中医药大学	博士	2024		503	原版阅读      CNKI AI阅读
262	加味白头翁汤灌肠治疗溃疡性结肠炎的临床疗效总结及其保护肠上皮屏障的机制研究	吴婷婷	南京中医药大学	博士	2024		551	原版阅读      CNKI AI阅读
263	基于数据挖掘探究金实教授以金钱草-郁金药对为基础的临床应用及用药配伍规律	任凤	南京中医药大学	硕士	2024		39	原版阅读      CNKI AI阅读
264	基于数据挖掘总结陆为民治疗腹泻型肠易激综合征的经验及核心处方的网络药理学研究	姜琳	南京中医药大学	硕士	2024		18	原版阅读      CNKI AI阅读
265	清热解毒法治疗AD的Meta分析及清热解毒中药（黄连）对秀丽线虫氧化应激的影响	龙媛媛	南京中医药大学	硕士	2024		36	原版阅读      CNKI AI阅读
266	基于中医传承辅助平台分析张钟爱教授治疗失眠用药规律	卢梦娇	南京中医药大学	硕士	2024		728	原版阅读      CNKI AI阅读
267	《古今医鉴》版本校勘及学术特色研究	朱克	辽宁中医药大学	博士	2024		67	原版阅读      CNKI AI阅读
268	徐春甫香连丸通过PI3K/Akt/mTOR轴缓解DSS诱导的结肠炎	卜庆如	安徽中医药大学	硕士	2024		113	原版阅读      CNKI AI阅读
269	黄连提取物通过gC1qR-EGFR/ERK/c-Fos轴诱导口腔上皮细胞内吞作用来缓解口咽念珠菌病	鲍孟媛	安徽中医药大学	硕士	2024		112	原版阅读      CNKI AI阅读
270	基于数据挖掘及网络药理学探讨王乐匋教授治疗肝胃不和型慢性萎缩性胃炎的临床疗效及作用机制	胡子朝	安徽中医药大学	硕士	2024		159	原版阅读      CNKI AI阅读
271	民国新安医家程六如学术思想与临证经验研究	姚祥	安徽中医药大学	硕士	2024		72	原版阅读      CNKI AI阅读
272	蒲连清幽方联合四联疗法治疗肝胃郁热型难治性幽门螺杆菌感染的临床研究	查丽丽	安徽中医药大学	硕士	2024		191	原版阅读      CNKI AI阅读
273	《幼幼新书》药物外治法文献整理研究	罗诗欣	辽宁中医药大学	硕士	2024		63	原版阅读      CNKI AI阅读
274	药线引流法预防痔切除术后肛缘水肿的临床随机对照试验及机制研究	占传宇	江西中医药大学	硕士	2024		68	原版阅读      CNKI AI阅读
275	黄连及其有效成分改善糖脂代谢异常仓鼠肠道-肠系膜功能的关联性研究	李凯鹏	河北医科大学	硕士	2024		59	原版阅读      CNKI AI阅读
276	黄连抑制糖尿病血管钙化作用及其机制	崔佳文	河北医科大学	硕士	2024		81	原版阅读      CNKI AI阅读
277	辛效毅教授中医治疗慢性胃炎经验总结	贺鑫	新疆医科大学	硕士	2024		175	原版阅读      CNKI AI阅读
278	黄连膏用于混合痔外剥内扎术后的临床观察	曹新露	承德医学院	硕士	2024		114	原版阅读      CNKI AI阅读
279	基于“火热论”探讨黄连解毒汤治疗血管性痴呆火热内盛证的临床疗效观察	崔明月	承德医学院	硕士	2024		241	原版阅读      CNKI AI阅读
280	三黄膏-海藻酸钙复合体对MRSA感染大鼠创面愈合作用及机制研究	李日成	甘肃中医药大学	硕士	2024		136	原版阅读      CNKI AI阅读
281	基于IL-23/IL-17信号通路探讨黄连提取物小檗碱对强直性脊柱炎成纤维样滑膜细胞的影响	刘跃振	甘肃中医药大学	硕士	2024	1	206	原版阅读      CNKI AI阅读
282	炉甘石的炮制与质量评价研究	洪禹昕	长春中医药大学	硕士	2024		416	原版阅读      CNKI AI阅读
283	当归六黄颗粒成型工艺、质量评价及其抗甲亢肾损伤作用机制研究	于前	长春中医药大学	硕士	2024		540	原版阅读      CNKI AI阅读
284	中药保留灌肠治疗溃疡性结肠炎指南评价及内容分析及实施情况研究	李艳明	甘肃中医药大学	硕士	2024		327	原版阅读      CNKI AI阅读
285	大黄糖络丸调控PI3K-Akt/NF-κB通路改善糖尿病大鼠大血管免疫炎症反应的实验研究	姚建莉	甘肃中医药大学	硕士	2024		162	原版阅读      CNKI AI阅读
286	润燥消风散联合复方黄连膏治疗血虚风燥型银屑病的临床观察	王余乔	甘肃中医药大学	硕士	2024		151	原版阅读      CNKI AI阅读
287	基于古今医案云平台分析从“湿毒”论治溃疡性结肠炎用药规律	周旋	广西中医药大学	硕士	2024		15	原版阅读      CNKI AI阅读
288	揿针联合加味黄连温胆汤治疗痰热内扰型失眠的临床疗效观察	张单语	大连医科大学	硕士	2024		10	原版阅读      CNKI AI阅读
289	黄连素抑制腹主动脉瘤形成的机制研究	胡珀奕	华中科技大学	硕士	2024		6	原版阅读      CNKI AI阅读
290	基于R语言探析全国名中医白长川及当代名老中医治疗失眠症用药规律	胡旭阳	大连医科大学	硕士	2024		23	原版阅读      CNKI AI阅读
291	黄连素改善服用奥氮平的慢性精神分裂症患者代谢及认知功能异常的研究	倪琴	浙江中医药大学	硕士	2024		63	原版阅读      CNKI AI阅读
292	基于复杂网络理论对名中医李赛美运用《伤寒论》“和法”的数据挖掘	陈韵雯	广州中医药大学	博士	2023		42	原版阅读      CNKI AI阅读
293	基于MCPIP1介导TRAF6去泛素化调控NF-κB信号通路探讨黄连解毒汤稳定AS斑块的研究	温俊茂	广州中医药大学	博士	2023		579	原版阅读      CNKI AI阅读
294	基于复杂网络理论对名中医李赛美运用《伤寒论》“和法”的数据挖掘	陈韵雯（CHAN Wan Man）	广州中医药大学	博士	2023		444	原版阅读      CNKI AI阅读
295	基于系统评价、网络药理学和实验验证的葛根—黄连药对治疗糖尿病心肌病作用机制研究	罗巧	成都中医药大学	博士	2023		312	原版阅读      CNKI AI阅读
296	蒌连丸干预糖尿病db/db小鼠肝脏糖异生作用机制研究	彭川	成都中医药大学	博士	2023		231	原版阅读      CNKI AI阅读
297	西昌市常见森林树种的抗火性评价	张丽	四川农业大学	硕士	2023		44	原版阅读      CNKI AI阅读
298	黄连素通过调控中性粒细胞胞外诱捕网的形成增强肺癌放疗敏感性	崔震庭	蚌埠医科大学	硕士	2023		35	原版阅读      CNKI AI阅读
299	盐酸小檗碱对高盐、高糖及高盐高糖环境线虫形态学及寿命的影响	徐婋	北京中医药大学	硕士	2023		246	原版阅读      CNKI AI阅读
300	基于数据挖掘的刘渡舟教授治疗不寐临床经验研究	姜雨乔	北京中医药大学	硕士	2023		625	原版阅读      CNKI AI阅读
	中文题名	作者	学位授予单位	数据库	学位授予年度	被引	下载	操作
301	白头翁口服液制备工艺及质量标准优化研究	韩汝硕	河北农业大学	硕士	2023		49	原版阅读      CNKI AI阅读
302	基于数据挖掘探究幽门螺旋杆相关性胃炎的中医药文献证治规律	陈署洪	辽宁中医药大学	硕士	2023	5	554	原版阅读      CNKI AI阅读
303	黄厚止泻滴丸通过PI3K/AKT/NF-κB通路对湿热型克罗恩病模型大鼠的治疗机制研究	邢国圣	南京中医药大学	博士	2023	2	1557	原版阅读      CNKI AI阅读
304	重庆石柱县黄连产业现状调查及提升对策研究	张照	重庆师范大学	硕士	2023		31	原版阅读      CNKI AI阅读
305	炎可宁片的质量评价方法研究	许学丽	山东大学	硕士	2023		300	原版阅读      CNKI AI阅读
306	基于蛋白质组学的黄连解毒汤抗脑缺血作用机制及组分配伍研究	李倩楠	北京中医药大学	硕士	2023	2	732	原版阅读      CNKI AI阅读
307	硫化钴基双金属催化剂的制备及电催化OR反应应用	崔浩然	沈阳化工大学	硕士	2023		64	原版阅读      CNKI AI阅读
308	参连复脉颗粒治疗CaMKIIδC过表达致心衰室性心律失常小鼠的机制研究	蔡芸	北京中医药大学	博士	2023		788	原版阅读      CNKI AI阅读
309	基于《黄帝内经》“少阴为枢”理论的《伤寒论》方证文献研究	王云翰	北京中医药大学	硕士	2023		427	原版阅读      CNKI AI阅读
310	脑出血后BBR抑制Sarm1过表达发挥神经保护作用及机制研究	于欣宇	遵义医科大学	硕士	2023		59	原版阅读      CNKI AI阅读
311	黄连素抑制肺炎克雷伯菌生物膜形成作用机制研究	郭梦雨	河南中医药大学	硕士	2023		187	原版阅读      CNKI AI阅读
312	吕小亮主任中医师治疗失眠经验及核心组方的网络药理学、分子对接研究	谢标	暨南大学	硕士	2023		17	原版阅读      CNKI AI阅读
313	g-C3N4基异质结催化剂可见光降解黄连素的研究	汲畅	沈阳化工大学	硕士	2023		20	原版阅读      CNKI AI阅读
314	伤寒类古籍新增方剂考辨及影响因素研究	邢铭瑞	河南中医药大学	硕士	2023		42	原版阅读      CNKI AI阅读
315	中学地理教学中传承中华优秀传统文化的策略研究	张爔	西南大学	硕士	2023	1	1174	原版阅读      CNKI AI阅读
316	黄连温胆汤对痰浊阻窍型轻度阿尔茨海默病患者的疗效研究	杨棋涵	成都医学院	硕士	2023	7	641	原版阅读      CNKI AI阅读
317	基于名中医辨证论治失眠核心处方的疗效评价研究	秦宇宁	中国中医科学院	硕士	2023	3	764	原版阅读      CNKI AI阅读
318	线性文化遗产视角下徽州古道整体性保护研究	郭洋洋	安徽工业大学	硕士	2023		5	原版阅读      CNKI AI阅读
319	《十便良方》丸剂特色研究	刘立伟	中国中医科学院	硕士	2023	2	490	原版阅读      CNKI AI阅读
320	冠突散囊菌发酵黄连不同药对化学成分变化和降糖功效初探	陈银翠	贵州师范大学	硕士	2023	4	863	原版阅读      CNKI AI阅读
321	基于名家医案的溃疡性结肠炎辅助决策系统研究	郑婉婷	中国中医科学院	硕士	2023	2	525	原版阅读      CNKI AI阅读
322	刘喜明教授基于“阳有余，阴不足”治疗难治性甲亢的临床总结	陈晓涵	中国中医科学院	硕士	2023	2	321	原版阅读      CNKI AI阅读
323	二尖梅奇酵母拮抗菌和抑菌中药筛选及抑菌机理研究	曲鸽	沈阳农业大学	硕士	2023	3	383	原版阅读      CNKI AI阅读
324	基于数据挖掘的王立忠教授治疗眩晕病学术经验研究	王冬莲	河南中医药大学	硕士	2023		65	原版阅读      CNKI AI阅读
325	王振涛教授运用对药治疗心系疾病的经验总结	田晨佳	河南中医药大学	硕士	2023		187	原版阅读      CNKI AI阅读
326	地黄组培再生突变体耐受连作障碍的机制研究	周娜	河南农业大学	硕士	2023	1	246	原版阅读      CNKI AI阅读
327	黄连温胆汤抗溃疡性结肠炎及结肠癌的药效和作用机制研究	占心佾	广州中医药大学	博士	2023		1139	原版阅读      CNKI AI阅读
328	基于P2RY12受体介导PI3K/Akt/mTOR自噬信号通路探讨栀子苷对动脉粥样硬化的机制	杨晓丹	广州中医药大学	博士	2023		547	原版阅读      CNKI AI阅读
329	超重/肥胖2型糖尿病血糖控制不良的Nomogram预测模型及清热化湿运脾方干预的真实世界研究	殷贝	广州中医药大学	博士	2023	1	758	原版阅读      CNKI AI阅读
330	基于数据挖掘及药效学研究达明饮Ⅱ号方治疗糖尿病黄斑水肿的作用机制	蔡丹丹	黑龙江中医药大学	博士	2023	1	500	原版阅读      CNKI AI阅读
331	基于“上下交损，当治其中”理论探讨解毒益智方调控肠道微生态干预认知障碍的作用机制	张鹏起	长春中医药大学	博士	2023	2	674	原版阅读      CNKI AI阅读
332	基于《黄帝内经》五运六气理论的清代瘟疫发病特点及防治方药规律研究	郭谦	长春中医药大学	博士	2023	1	984	原版阅读      CNKI AI阅读
333	胡镜清研究员基于热结血脉理论治疗冠心病心绞痛用药规律及其作用机制研究	崔雨婷	长春中医药大学	博士	2023	2	593	原版阅读      CNKI AI阅读
334	仝小林教授治疗糖脂代谢紊乱用药规律分析及核心方药作用机制探讨	魏佳华	长春中医药大学	博士	2023	7	1043	原版阅读      CNKI AI阅读
335	刘彦晶教授治疗NAFLD的用药规律分析及枳实导滞汤治疗本病的机制探究	毕超然	长春中医药大学	博士	2023	4	464	原版阅读      CNKI AI阅读
336	古今医家辨治糖尿病用药规律的知识发现和社会共享路径研究	徐赛	山东中医药大学	博士	2023	3	796	原版阅读      CNKI AI阅读
337	张三锡治脾胃病的临证经验与学术思想研究	徐宁宁	江西中医药大学	博士	2023	4	647	原版阅读      CNKI AI阅读
338	基于脂肪组织M1型巨噬细胞外泌体介导的细胞间通讯探讨大黄黄连泻心汤改善肥胖型T2DM小鼠肝脏胰岛素抵抗的分子机制	任渊	成都中医药大学	博士	2023	3	1386	原版阅读      CNKI AI阅读
339	星形胶质细胞衰老释放mtDNA靶向小胶质细胞和神经元促认知功能障碍的机制研究	张文友	吉林大学	博士	2023	4	4053	原版阅读      CNKI AI阅读
340	基于DSP技术探讨肠化生-胃癌的核心基因表达及黄连素干预机制研究	李静静	中国中医科学院	博士	2023	2	569	原版阅读      CNKI AI阅读
341	寒热方药对寒热证候荷肺瘤小鼠免疫功能的调节作用	张海凤	福建中医药大学	硕士	2023		23	原版阅读      CNKI AI阅读
342	黄连阿胶汤加减联合左氧氟沙星片治疗肾阴虚型慢性肾盂肾炎的临床观察	张陶司慧	华北理工大学	硕士	2023		88	原版阅读      CNKI AI阅读
343	缪希雍临证经验及制方特点研究	陈倩清	天津中医药大学	硕士	2023	1	217	原版阅读      CNKI AI阅读
344	黄连中的多糖与小檗碱联用对慢性溃疡性结肠炎小鼠的治疗作用及机制研究	王雪梅	天津中医药大学	硕士	2023	1	791	原版阅读      CNKI AI阅读
345	三清降糖方对高糖诱导糖尿病果蝇糖脂代谢的影响及机制研究	薄彦萍	华北理工大学	硕士	2023		305	原版阅读      CNKI AI阅读
346	茵陈公英汤对Ⅱ型糖尿病及肝脏并发症的保护作用及其机制研究	刘丹丹	华北理工大学	硕士	2023		170	原版阅读      CNKI AI阅读
347	黄连解毒汤促进火毒蕴结型肛周脓肿术后创面愈合的临床观察及基于网络药理学的机制研究	刘青清	成都中医药大学	硕士	2023	2	332	原版阅读      CNKI AI阅读
348	基于数据挖掘探讨连芪改善肠道菌群治疗糖尿病认知功能障碍的作用研究	冯妮然	天津中医药大学	硕士	2023	1	253	原版阅读      CNKI AI阅读
349	从肠道微生物-SCFAs-脑轴角度探讨黄连主要成分盐酸小檗碱治疗抑郁症的作用机制研究	何媛媛	天津中医药大学	硕士	2023	1	431	原版阅读      CNKI AI阅读
350	慢性心力衰竭的中医证型分布及用药规律研究	尚新月	天津中医药大学	硕士	2023	1	499	原版阅读      CNKI AI阅读
	中文题名	作者	学位授予单位	数据库	学位授予年度	被引	下载	操作
351	基于数据挖掘的国医大师张伯礼教授治疗心悸病用药经验研究	孙照东	天津中医药大学	硕士	2023	2	368	原版阅读      CNKI AI阅读
352	刘香春主任医师中医辨治2型糖尿病学术思想及用药规律的研究	李元阁	青海大学	硕士	2023		135	原版阅读      CNKI AI阅读
353	致病性马红球菌抗体ELISA方法的建立及中草药抗菌效果的研究	马思远	新疆农业大学	硕士	2023		123	原版阅读      CNKI AI阅读
354	中医药治疗难治性胃食管反流病的文献计量学研究及用药规律挖掘	蔡龙辉	广州中医药大学	硕士	2023		200	原版阅读      CNKI AI阅读
355	《中医方剂大辞典》治疗疳证用药规律及导师经验总结	龙星宇	广州中医药大学	硕士	2023		91	原版阅读      CNKI AI阅读
356	基于数据挖掘和网络药理学探讨中医治疗溃疡性结肠炎的用药规律及作用机制	古嘉琪	广州中医药大学	硕士	2023		306	原版阅读      CNKI AI阅读
357	基于代谢组学探讨加味干姜黄芩黄连人参汤保护胰岛β细胞的作用及机制	孙梦雪	广州中医药大学	硕士	2023	1	218	原版阅读      CNKI AI阅读
358	基于属性偏序原理对黄连阿胶汤的临床应用探究	邹尧康	广州中医药大学	硕士	2023		65	原版阅读      CNKI AI阅读
359	黄连解毒汤对脓毒症大鼠急性肺损伤及巨噬细胞极化的影响研究	王柯	北京中医药大学	硕士	2023		295	原版阅读      CNKI AI阅读
360	基于数据挖掘和网络药理学的南北地区国医大师治疗肝癌用药对比	麦培佩	广州中医药大学	硕士	2023		148	原版阅读      CNKI AI阅读
361	基于偏序理论和网络药理学的中药治疗慢性萎缩性胃炎用药规律及作用机制的研究	王星儒	广州中医药大学	硕士	2023		84	原版阅读      CNKI AI阅读
362	基于数据挖掘探讨现代岭南医家脾胃病证腹痛辨治用药规律	王喜东	广州中医药大学	硕士	2023		169	原版阅读      CNKI AI阅读
363	基于数据挖掘及网络药理学探讨清热药治疗冠心病的用药规律	袁诗华	广州中医药大学	硕士	2023		186	原版阅读      CNKI AI阅读
364	基于数据挖掘对盗汗中医证型及用药规律的分析	劳咏琳	广州中医药大学	硕士	2023		190	原版阅读      CNKI AI阅读
365	黄连解毒汤对多器官功能障碍综合征早期肾损伤防治作用的研究	植晓彤	广州中医药大学	硕士	2023		69	原版阅读      CNKI AI阅读
366	基于数据挖掘探讨岭南医家治疗围绝经期女性失眠的用药规律	黄佳佳	广州中医药大学	硕士	2023		261	原版阅读      CNKI AI阅读
367	基于数据挖掘和网络药理学探索中医药治疗脾胃湿热型Hp相关性胃炎的用药规律	黄梦芬	广州中医药大学	硕士	2023		268	原版阅读      CNKI AI阅读
368	调脾安肠方调节肠道菌群结构防治伊立替康迟发性腹泻的机制研究	孙小梅	北京中医药大学	硕士	2023		221	原版阅读      CNKI AI阅读
369	基于数据挖掘的古方治疗吐酸病的用药规律研究	苏灿钰	北京中医药大学	硕士	2023		293	原版阅读      CNKI AI阅读
370	黄连木叶片呈色机理及叶片超微结构研究	许志钊	山西农业大学	硕士	2023		156	原版阅读      CNKI AI阅读
371	基于数据挖掘的国医大师张磊辨治失眠组方用药规律研究	赵敏	河南中医药大学	硕士	2023		108	原版阅读      CNKI AI阅读
372	基于数据挖掘的温病四大家治疗泄泻组方用药规律研究	李益东	河南中医药大学	硕士	2023		104	原版阅读      CNKI AI阅读
373	毛德西教授治疗不寐的用药规律及经验总结	孟宁宁	河南中医药大学	硕士	2023		95	原版阅读      CNKI AI阅读
374	《痘症精言》记载药物的中蒙医比较研究	玲玲	内蒙古民族大学	硕士	2023		249	原版阅读      CNKI AI阅读
375	地格达-8味散质量标准及抗胆汁淤积性肝炎药理作用研究	侯亚星	内蒙古民族大学	硕士	2023	1	364	原版阅读      CNKI AI阅读
376	基于中医传承辅助平台的叶天士与吴鞠通湿热病证辨治特色研究	陆阁玲	黑龙江中医药大学	硕士	2023	2	741	原版阅读      CNKI AI阅读
377	马建教授中医治疗2型糖尿病的用药规律及临证经验的研究	王慧丽	黑龙江中医药大学	硕士	2023	2	350	原版阅读      CNKI AI阅读
378	盐酸小檗碱抗APEC感染鸡巨噬细胞的作用研究	石海涛	吉林大学	硕士	2023	1	450	原版阅读      CNKI AI阅读
379	苍附瘦身汤对痰湿阻滞型单纯性肥胖儿童血清脂联素及糖脂代谢的影响	栾振芳	黑龙江中医药大学	硕士	2023		416	原版阅读      CNKI AI阅读
380	宋元、明清时期小儿疳积型疳证的用药及治法探讨	苟彦鹏	福建中医药大学	硕士	2023		313	原版阅读      CNKI AI阅读
381	黄连-4汤提取物对H9c2心肌细胞缺氧/复氧损伤的保护作用研究	达林台	内蒙古民族大学	硕士	2023	2	359	原版阅读      CNKI AI阅读
382	基于数据挖掘的围绝经期失眠的中医证治规律研究	封述芸	黑龙江中医药大学	硕士	2023	6	793	原版阅读      CNKI AI阅读
383	基于肠道菌群探讨连陈汤治疗肥胖T2DM（痰湿内阻型）的临床疗效	张天昊	黑龙江中医药大学	硕士	2023	1	486	原版阅读      CNKI AI阅读
384	2型糖尿病合并高尿酸血症的中医证候及用药规律分析	岳媛	黑龙江中医药大学	硕士	2023	3	583	原版阅读      CNKI AI阅读
385	中药治疗湿热型溃疡性结肠炎的数据挖掘及网络药理学研究	尹立华	黑龙江中医药大学	硕士	2023	2	676	原版阅读      CNKI AI阅读
386	连陈汤治疗肥胖T2DM患者的疗效观察及对NF-κB p65、TNF-α的影响	李佳睿	黑龙江中医药大学	硕士	2023	2	393	原版阅读      CNKI AI阅读
387	2型糖尿病合并肥胖痰瘀互结证的用药规律及网络药理学研究	兰冬雪	黑龙江中医药大学	硕士	2023	1	518	原版阅读      CNKI AI阅读
388	调平清胃饮治疗反流性食管炎（肝胃郁热证）的临床观察和网络药理学研究	郎月	黑龙江中医药大学	硕士	2023	1	328	原版阅读      CNKI AI阅读
389	调气平萎方治疗慢性萎缩性胃炎（肝胃郁热证）的临床观察和网络药理学研究	郑成	黑龙江中医药大学	硕士	2023	2	416	原版阅读      CNKI AI阅读
390	2型糖尿病合并便秘的中医证型及用药规律分析	傅华	黑龙江中医药大学	硕士	2023	1	621	原版阅读      CNKI AI阅读
391	基于数据挖掘探讨李冀教授辨治慢性胃炎的用药规律及经验总结	于丰荧	黑龙江中医药大学	硕士	2023	3	430	原版阅读      CNKI AI阅读
392	清热祛湿法治疗2型糖尿病meta分析及温胆汤类方治疗2型糖尿病证治规律研究	金永鹞	黑龙江中医药大学	硕士	2023	1	240	原版阅读      CNKI AI阅读
393	黄连温胆汤及其加减方联合西药治疗2型糖尿病的Meta分析	吴芳	黑龙江中医药大学	硕士	2023		319	原版阅读      CNKI AI阅读
394	基于“玄府理论”运用新加肠愈宁汤治疗溃疡性结肠炎（大肠湿热证）的临床观察	许晓男	黑龙江中医药大学	硕士	2023	1	417	原版阅读      CNKI AI阅读
395	加味黄连温胆汤治疗MS患者的临床疗效观察及对P波指数的影响	王晓楠	黑龙江中医药大学	硕士	2023		179	原版阅读      CNKI AI阅读
396	马建教授中医治疗单纯性肥胖的用药规律分析及经验总结	雷书博	黑龙江中医药大学	硕士	2023	1	699	原版阅读      CNKI AI阅读
397	马建教授中医治疗糖尿病肾病的用药规律及临证经验的研究	范芸嘉	黑龙江中医药大学	硕士	2023	1	424	原版阅读      CNKI AI阅读
398	马建教授中医治疗糖尿病周围神经病变的用药规律及临证经验的研究	隋鑫	黑龙江中医药大学	硕士	2023	3	347	原版阅读      CNKI AI阅读
399	中药塌渍法联合萆薢渗湿汤加减方治疗下肢丹毒（湿热毒蕴证）的临床观察	李金雪	黑龙江中医药大学	硕士	2023	3	471	原版阅读      CNKI AI阅读
400	泻肝和营汤治疗湿热瘀阻型2型糖尿病合并非酒精性脂肪性肝病的临床观察	甘宇	黑龙江中医药大学	硕士	2023		172	原版阅读      CNKI AI阅读
	中文题名	作者	学位授予单位	数据库	学位授予年度	被引	下载	操作
401	基于数据挖掘分析明清医案治疗不寐的证治用药规律研究	李静静	黑龙江中医药大学	硕士	2023		462	原版阅读      CNKI AI阅读
402	上下两济汤加减治疗不寐（心肾不交证）的临床疗效观察	王晋美	黑龙江中医药大学	硕士	2023	2	391	原版阅读      CNKI AI阅读
403	当归六黄汤加减治疗不寐（阴虚火旺证）患者的临床疗效观察	石青春	黑龙江中医药大学	硕士	2023	2	516	原版阅读      CNKI AI阅读
404	灵龟八法开穴针药结合治疗围绝经期失眠（心肾不交型）的临床观察	张蕙羽	黑龙江中医药大学	硕士	2023		400	原版阅读      CNKI AI阅读
405	针刺联合自拟化痰清心饮治疗痰热扰心型原发性失眠的临床疗效观察	马洪涛	黑龙江中医药大学	硕士	2023	1	304	原版阅读      CNKI AI阅读
406	健脾降脂散治疗高脂血症（痰浊遏阻型）的临床疗效观察	周爽	黑龙江中医药大学	硕士	2023	1	391	原版阅读      CNKI AI阅读
407	基于数据挖掘的躁狂发作中医证候分布及用药规律研究	赵洁	黑龙江中医药大学	硕士	2023		287	原版阅读      CNKI AI阅读
408	基于数据挖掘研究中医药治疗溃疡性结肠炎活动期的组方规律及用药特点	蓝舒雯	福建中医药大学	硕士	2023	3	385	原版阅读      CNKI AI阅读
409	伏梁古文献研究	侯婧	黑龙江中医药大学	硕士	2023	3	399	原版阅读      CNKI AI阅读
410	34味中药对牛源金黄色葡萄球菌耐药性和生物被膜的影响	郭上朝	河北科技师范学院	硕士	2023	4	1177	原版阅读      CNKI AI阅读
411	三株乳酸杆菌的分离鉴定及其发酵中药体外抑制PEDV增殖的研究	闫微	河南农业大学	硕士	2023	1	754	原版阅读      CNKI AI阅读
412	加味黄连阿胶汤治疗慢性肾衰竭合并焦虑状态的临床观察	竭晨	黑龙江中医药大学	硕士	2023	1	203	原版阅读      CNKI AI阅读
413	《保婴撮要》治疗惊风方剂的组方配伍特点研究	史兴阳	黑龙江中医药大学	硕士	2023	1	256	原版阅读      CNKI AI阅读
414	王旭高治疗肝郁气滞方剂配伍特点研究	祁天立	黑龙江中医药大学	硕士	2023	2	297	原版阅读      CNKI AI阅读
415	《证治准绳》治疗泄泻组方配伍特点研究	贾如冬	黑龙江中医药大学	硕士	2023		228	原版阅读      CNKI AI阅读
416	黄连解毒汤加味治疗湿热下注型晚期子宫内膜癌的临床疗效观察与网络药理学分析	蒋秉伯	黑龙江中医药大学	硕士	2023		237	原版阅读      CNKI AI阅读
417	基于数据挖掘和网络药理学的糖尿病伴焦虑状态用药规律及机制分析	吕蓉	黑龙江中医药大学	硕士	2023	1	509	原版阅读      CNKI AI阅读
418	闽台名医临证处方用药配伍特色研究——许仕纳主任临证处方配伍特色研究	张晓雅	福建中医药大学	硕士	2023		117	原版阅读      CNKI AI阅读
419	《伤寒论》辛苦药味同用应用研究	刁钰	辽宁中医药大学	硕士	2023	2	304	原版阅读      CNKI AI阅读
420	源于经典名方三黄膏的有效组分及治疗大鼠实验性痔疮的研究	于倩	长春中医药大学	硕士	2023	3	668	原版阅读      CNKI AI阅读
421	基于数据挖掘的黄柳向教授治疗慢性腹泻的临证经验研究	杨璧英	湖南中医药大学	硕士	2023	2	169	原版阅读      CNKI AI阅读
422	基于数据挖掘研究程丑夫教授治疗高血压病的遣方用药规律	高秋月	湖南中医药大学	硕士	2023	1	166	原版阅读      CNKI AI阅读
423	清痰宁神方治疗失眠痰热内扰证的临床观察	欧珂	湖南中医药大学	硕士	2023	1	253	原版阅读      CNKI AI阅读
424	加味黄连解毒汤治疗脓毒症相关急性肾损伤毒热内盛证的临床观察	蔡鹏	湖南中医药大学	硕士	2023	1	228	原版阅读      CNKI AI阅读
425	黄连除湿汤保留灌肠治疗湿热下注型肛窦炎的临床研究	宋赫峰	湖南中医药大学	硕士	2023	2	176	原版阅读      CNKI AI阅读
426	《伤寒杂病论》五脏虚证辨治研究	王志远	湖南中医药大学	硕士	2023	3	438	原版阅读      CNKI AI阅读
427	消化性溃疡的中医证型与组方用药规律分析及基于NLRP3/Caspase-1通路探讨消痈溃得康对GES-1细胞焦亡的作用机制	刘国政	辽宁中医药大学	硕士	2023	1	422	原版阅读      CNKI AI阅读
428	针药结合治疗阴虚火旺型心脏神经官能症临床疗效探究	杨洋	辽宁中医药大学	硕士	2023		241	原版阅读      CNKI AI阅读
429	基于文献研究以柴胡桂枝干姜汤治疗2型糖尿病配伍用药规律	甘媞嗒	辽宁中医药大学	硕士	2023	1	293	原版阅读      CNKI AI阅读
430	明清温疫学派学术思想及治疫特色的研究	赵月	长春中医药大学	硕士	2023	1	443	原版阅读      CNKI AI阅读
431	朴春丽教授治疗肥胖2型糖尿病的临床用药经验总结	崔贤美	长春中医药大学	硕士	2023		226	原版阅读      CNKI AI阅读
432	基于数据挖掘技术当代名中医治疗胃痛病的用药规律研究	邓瑞雪	长春中医药大学	硕士	2023		376	原版阅读      CNKI AI阅读
433	基于数据挖掘的郝毅教授治疗慢性浅表性胃炎的用药规律及经验总结	宫宇航	长春中医药大学	硕士	2023		209	原版阅读      CNKI AI阅读
434	基于数据挖掘分析刘彦晶教授治疗慢性胃炎的用药规律	郝一童	长春中医药大学	硕士	2023		196	原版阅读      CNKI AI阅读
435	基于数据挖掘技术清代医家治疗呕吐用药规律研究	李雪凤	长春中医药大学	硕士	2023		180	原版阅读      CNKI AI阅读
436	基于数据挖掘的刘铁军教授运用芩连组方治疗痞满的用药规律研究	罗晚霞	长春中医药大学	硕士	2023	1	93	原版阅读      CNKI AI阅读
437	基于态靶辨治理论探究陈锐教授治疗糖尿病肾脏疾病的用药经验总结	齐昊天	长春中医药大学	硕士	2023		281	原版阅读      CNKI AI阅读
438	基于数据挖掘的邓悦教授治疗心脏神经官能症的用药规律研究及经验总结	王佳	长春中医药大学	硕士	2023		177	原版阅读      CNKI AI阅读
439	基于数据挖掘的当代名老中医治疗反流性食管炎用药规律研究	奚旺	长春中医药大学	硕士	2023	1	558	原版阅读      CNKI AI阅读
440	半夏泻心汤合黄连温胆汤加减治疗室性早搏（痰火扰心证）的临床观察	薛振明	长春中医药大学	硕士	2023	4	235	原版阅读      CNKI AI阅读
441	黄连温胆汤加减治疗室性早搏（痰火扰心型）的临床研究	杨然	长春中医药大学	硕士	2023	6	227	原版阅读      CNKI AI阅读
442	刘铁军教授辨治吐酸数据挖掘及核心方的网络药理学研究	叶桐	长春中医药大学	硕士	2023		234	原版阅读      CNKI AI阅读
443	基于“分消走泄”理论治疗2型糖尿病（湿热困脾证）的临床研究	翟宇红	长春中医药大学	硕士	2023		268	原版阅读      CNKI AI阅读
444	黄连解毒汤熏眼联合睑板腺按摩术前干预对白内障术后眼表影响的临床观察	刘善雪	长春中医药大学	硕士	2023	2	186	原版阅读      CNKI AI阅读
445	黄连素通过调控肠道菌群对猫结肠损伤的保护作用	李雪莹	东北农业大学	硕士	2023	2	277	原版阅读      CNKI AI阅读
446	当归地竹汤联合盐酸黄连素油治疗血虚风燥证面部激素依赖性皮炎临床研究	李芳	云南中医药大学	硕士	2023	1	268	原版阅读      CNKI AI阅读
447	半夏泻心汤加减联合四联治疗脾胃湿热型Hp相关性CAG的临床研究	刘紫薇	山东中医药大学	硕士	2023	2	324	原版阅读      CNKI AI阅读
448	基于相似度计算的中医失眠类方计算模型构建及应用	张卫国	山东中医药大学	硕士	2023	1	146	原版阅读      CNKI AI阅读
449	《圣济总录》汤液外用疗法研究	季强	山东中医药大学	硕士	2023		178	原版阅读      CNKI AI阅读
450	黄连肉桂不同配比改善慢性心衰大鼠心功能的机制研究	卿媛媛	湖南中医药大学	硕士	2023	1	229	原版阅读      CNKI AI阅读
	中文题名	作者	学位授予单位	数据库	学位授予年度	被引	下载	操作
451	非糜烂性反流病证治规律的回顾性研究	张耘硕	山东中医药大学	硕士	2023		114	原版阅读      CNKI AI阅读
452	黄连素对PCOS患者半乳糖凝集素-3及炎症因子的影响与IVF助孕结局关系的研究	徐露	山东中医药大学	硕士	2023		84	原版阅读      CNKI AI阅读
453	基于数据挖掘技术探讨徐云生教授治疗2型糖尿病周围神经病变临证经验	王晓月	山东中医药大学	硕士	2023	2	176	原版阅读      CNKI AI阅读
454	按“六经病欲解时”分时辨治慢性失眠的临床研究	王辉	山东中医药大学	硕士	2023		262	原版阅读      CNKI AI阅读
455	基于数据挖掘的徐云生教授辨治2型糖尿病合并冠心病临证经验研究	纪培元	山东中医药大学	硕士	2023		120	原版阅读      CNKI AI阅读
456	王孟英脾胃病用药规律及学术特色研究	孙中耀	山东中医药大学	硕士	2023	2	256	原版阅读      CNKI AI阅读
457	《圣济总录·泄痢门》研究	王瑞雄	山东中医药大学	硕士	2023	1	338	原版阅读      CNKI AI阅读
458	国医大师张志远运用大剂量中药临证经验探究	段展辉	山东中医药大学	硕士	2023	2	577	原版阅读      CNKI AI阅读
459	基于数据挖掘的功能性腹泻的证治规律研究	冯启国	山东中医药大学	硕士	2023	3	280	原版阅读      CNKI AI阅读
460	中消的证治规律研究	张红雷	山东中医药大学	硕士	2023		267	原版阅读      CNKI AI阅读
461	上消的证治规律研究	于媚琳	山东中医药大学	硕士	2023	1	210	原版阅读      CNKI AI阅读
462	基于数据挖掘的溃疡性结肠炎证治规律研究	史经昊	山东中医药大学	硕士	2023	2	304	原版阅读      CNKI AI阅读
463	基于数据挖掘的中医口疮证治规律研究	高家铭	山东中医药大学	硕士	2023		279	原版阅读      CNKI AI阅读
464	王孟英阴虚痰湿证辨治特色研究	袭(龙天)(龙天)	山东中医药大学	硕士	2023		269	原版阅读      CNKI AI阅读
465	理气化痰祛瘀法治疗高脂血症（痰瘀互结型）合并焦虑状态的临床观察	冯亚男	山东中医药大学	硕士	2023	1	223	原版阅读      CNKI AI阅读
466	基于数据挖掘的魏凤琴治疗泄泻经验研究	雷婷	山东中医药大学	硕士	2023	2	163	原版阅读      CNKI AI阅读
467	基于数据挖掘技术探讨徐云生教授治疗2型糖尿病肾病用药经验	张璐璐	山东中医药大学	硕士	2023		179	原版阅读      CNKI AI阅读
468	穴位贴敷联合苏叶黄连汤对行IVF肝胃不和证妊娠恶阻患者血清胃泌素和胃动素水平的影响	董慧赢	山东中医药大学	硕士	2023	1	186	原版阅读      CNKI AI阅读
469	加减黄连温胆汤联合多奈哌齐治疗轻度认知障碍痰热内扰证的临床观察	毕淑月	山东中医药大学	硕士	2023	2	215	原版阅读      CNKI AI阅读
470	黄连温胆汤联合穴位贴敷治疗痰热扰心型卒中后失眠的临床研究	王柯尔	山东中医药大学	硕士	2023	1	463	原版阅读      CNKI AI阅读
471	基于数据挖掘技术比较糖尿病视网膜病变与糖尿病肾病用药规律之异同	任秀清	山东中医药大学	硕士	2023		157	原版阅读      CNKI AI阅读
472	基于数据挖掘和网络药理学探讨宋立公老师治疗失眠的用药规律及作用机制	杨骞	山东中医药大学	硕士	2023		348	原版阅读      CNKI AI阅读
473	基于数据挖掘的王科先教授治疗慢性胆囊炎的用药规律研究	王晓程	山东中医药大学	硕士	2023	1	93	原版阅读      CNKI AI阅读
474	基于数据挖掘的韦维教授治疗慢性胃炎的用药规律研究	林心琪	广西中医药大学	硕士	2023		333	原版阅读      CNKI AI阅读
475	面向中医药临床试验残余效应处理的中药复方时效关系建模方法研究	王祉珺	北京中医药大学	硕士	2023		101	原版阅读      CNKI AI阅读
476	黄连素-丹参酮ⅡA对动脉粥样硬化ApoE-/-小鼠脂质代谢的影响	黄弘博	北京中医药大学	硕士	2023		488	原版阅读      CNKI AI阅读
477	藏黄堇质量标准研究	黄唤	江西中医药大学	硕士	2023		744	原版阅读      CNKI AI阅读
478	枳实的随方“消食导滞”物质基础研究	刘永富	江西中医药大学	硕士	2023	2	439	原版阅读      CNKI AI阅读
479	常见快速型心律失常患者中医证候分布规律及用药特点的研究	纪翔	北京中医药大学	硕士	2023		304	原版阅读      CNKI AI阅读
480	倪诚教授辨体辨病治疗慢性湿疹的理论传承与数据挖掘研究	段斐洋	北京中医药大学	硕士	2023	1	266	原版阅读      CNKI AI阅读
481	基于数据挖掘技术的李平教授辨治心房颤动经验研究	李贝金	北京中医药大学	硕士	2023	3	132	原版阅读      CNKI AI阅读
482	基于数据挖掘的赵进喜辨治少阳体质2型糖尿病经验总结	刘江腾	北京中医药大学	硕士	2023		169	原版阅读      CNKI AI阅读
483	2型糖尿病肾病Ⅲ期患者中医诊治特征及预后因素的回顾性分析	李月圆	北京中医药大学	硕士	2023		259	原版阅读      CNKI AI阅读
484	基于中医古籍数据挖掘的中风病临床辅助决策方案制定与研究	任巧生	北京中医药大学	硕士	2023		600	原版阅读      CNKI AI阅读
485	中药治疗痰火扰心型室性早搏的用药规律和作用机制研究	张雨晴	北京中医药大学	硕士	2023	1	136	原版阅读      CNKI AI阅读
486	基于数据挖掘的赵进喜分期辨证治疗糖尿病肾脏病用药规律研究	赵予	北京中医药大学	硕士	2023		464	原版阅读      CNKI AI阅读
487	基于六经“开阖枢”理论的《伤寒论》厥阴病本证的文献研究	鲁瑶	北京中医药大学	硕士	2023	1	445	原版阅读      CNKI AI阅读
488	《伤寒论》“半表半里”证研究	赵阳	北京中医药大学	硕士	2023	1	429	原版阅读      CNKI AI阅读
489	清热利湿活血法治疗大肠湿热证溃疡性结肠炎疗效的Meta分析	唐海怡	江西中医药大学	硕士	2023		229	原版阅读      CNKI AI阅读
490	饲料中添加黄连素对大口黑鲈血糖的调控及其机制的研究	杨惠慈	天津农学院	硕士	2023	1	262	原版阅读      CNKI AI阅读
491	黄连散的研制及其对黏菌素致小鼠肾损伤的保护作用	黄玲	广西大学	硕士	2023		152	原版阅读      CNKI AI阅读
492	黄连-吴茱萸药对抗脓毒症的配伍效应与物质基础研究	王旭华	陕西中医药大学	硕士	2023	2	589	原版阅读      CNKI AI阅读
493	基于网络药理学探讨张小萍教授运用黄连温胆汤治疗复发性口腔溃疡的作用机制	李晓峰	江西中医药大学	硕士	2023	4	625	原版阅读      CNKI AI阅读
494	基于多元融合方法挖掘何晓晖教授治疗反流性食管炎的经验特色	毛安琪	江西中医药大学	硕士	2023	2	195	原版阅读      CNKI AI阅读
495	黄连温胆汤加减方治疗慢性肾脏病3期湿热证临床疗效观察	郭昊	江西中医药大学	硕士	2023	1	238	原版阅读      CNKI AI阅读
496	藏药塞北紫堇抗肝损伤活性成分及质量标准研究	闵彤彤	江西中医药大学	硕士	2023	2	248	原版阅读      CNKI AI阅读
497	自拟化痰安神方治疗痰热内扰型失眠的临床研究	孟春慧	山西省中医药研究院	硕士	2023	1	170	原版阅读      CNKI AI阅读
498	白头翁散对蛋鸡产蛋后期生产性能、免疫功能及肠道菌群的影响	田硕	华中农业大学	硕士	2023	4	479	原版阅读      CNKI AI阅读
499	利用发根农杆菌获得柑橘黄龙病阳性材料并筛选黄龙病病原抑制剂	廖小兰	华中农业大学	硕士	2023	3	635	原版阅读      CNKI AI阅读
500	黄连解毒汤治疗溃疡性结肠炎物质基础筛选及作用机制研究	史艳	甘肃农业大学	硕士	2023		425	原版阅读      CNKI AI阅读
	中文题名	作者	学位授予单位	数据库	学位授予年度	被引	下载	操作
501	小檗碱转化菌株分离、功能酶分析及其应用工艺研究	史文倩	河北农业大学	硕士	2023		236	原版阅读      CNKI AI阅读
502	基于文献的循证研究及专家共识法对经方干预HIV感染的诊疗方案研究	胡之纲	河南中医药大学	博士	2023		76	原版阅读      CNKI AI阅读
503	郑启仲教授辨治小儿脾胃疾病用药配伍规律的数据挖掘研究	丁瑾	河南中医药大学	硕士	2023		81	原版阅读      CNKI AI阅读
504	基于网络药理学与PI3K/Akt通路探讨小陷胸汤醇提物对食管鳞癌细胞的干预机制	白杨	河南中医药大学	硕士	2023		95	原版阅读      CNKI AI阅读
505	孙天福主任医师辨治湿热证用药规律研究	陈亚南	河南中医药大学	硕士	2023		29	原版阅读      CNKI AI阅读
506	基于中医传承辅助计算平台探讨郑绍周教授治疗失眠用药经验	张钦博	河南中医药大学	硕士	2023		32	原版阅读      CNKI AI阅读
507	黄连温胆汤加减对痰热蕴结型2型糖尿病伴焦虑抑郁患者的临床观察	许亚琪	河南中医药大学	硕士	2023		94	原版阅读      CNKI AI阅读
508	清热祛湿法治疗大肠湿热型溃疡性结肠炎Meta分析及网络药理学研究	虎凌	河南中医药大学	硕士	2023		78	原版阅读      CNKI AI阅读
509	黄连解毒汤对脂多糖致大鼠发热的解热抗炎作用及机制研究	李星	南方医科大学	硕士	2023	2	1412	原版阅读      CNKI AI阅读
510	黄连与近缘物种的遗传资源多样性及保护利用研究	汪奕衡	中国中医科学院	博士	2023	2	701	原版阅读      CNKI AI阅读
511	基于“离子通道/PPARγ”的戊己丸治疗炎症性肠病药效机制研究	郭雨轩	中国中医科学院	硕士	2023	1	334	原版阅读      CNKI AI阅读
512	基于数据挖掘的《四时病机》温病辨治用药特点及学术思想研究	王腾飞	中国中医科学院	硕士	2023		242	原版阅读      CNKI AI阅读
513	基于网络药理学和小胶质细胞活化探讨中药复方黄连汤防治吗啡耐受的分子机制研究	韩帅	青岛大学	硕士	2023	1	199	原版阅读      CNKI AI阅读
514	中药内服治疗2型糖尿病伴失眠的meta分析及方药特点	任丽娜	湖北中医药大学	硕士	2023	1	168	原版阅读      CNKI AI阅读
515	基于甲羟戊酸途径的黄连有效成分抗非小细胞肺癌作用及机制研究	郑宇锟	湖北中医药大学	硕士	2023		198	原版阅读      CNKI AI阅读
516	黄连素缓解小鼠溃疡性结肠炎并调节肠道菌群的作用初步探究	余路易	南昌大学	硕士	2023	3	2462	原版阅读      CNKI AI阅读
517	Cu2O-黄连素纳米粒的制备及其化学动力/光动力/光热疗法协同抗菌性能研究	王涛	青岛科技大学	硕士	2023	2	968	原版阅读      CNKI AI阅读
518	基于网络药理学和分子对接技术探讨李智杰教授治疗失眠用药的初步机制	邓帆	湖北中医药大学	硕士	2023		439	原版阅读      CNKI AI阅读
519	基于数据挖掘和网络药理学的中药治疗糖尿病性胃轻瘫的用药规律和作用机制研究	史银萍	湖北中医药大学	硕士	2023	1	209	原版阅读      CNKI AI阅读
520	基于真实世界的李智杰教授从气机升降论治不寐的用药规律及临床疗效分析	陈宇	湖北中医药大学	硕士	2023	1	237	原版阅读      CNKI AI阅读
521	基于古籍文献的黄疸病专方专药理论研究	张岑炜	中国中医科学院	硕士	2023	4	694	原版阅读      CNKI AI阅读
522	基于“心与小肠相表里”探讨黄连降脂方防治动脉粥样硬化的疗效和机制研究	汪圣	湖北中医药大学	博士	2023	1	469	原版阅读      CNKI AI阅读
523	挖掘中药复方联合西药治疗腹痛病（溃疡性结肠炎）的Meta分析与用药规律	张健	湖北中医药大学	硕士	2023		147	原版阅读      CNKI AI阅读
524	基于数据挖掘及网络药理学探讨吴哲教授治疗乙肝肝硬化的用药规律	税天云	湖北中医药大学	硕士	2023		200	原版阅读      CNKI AI阅读
525	黄连解毒膏通过抑制HMGB1介导的巨噬细胞炎症交互作用改善X线诱导的放射性皮炎	王杰	西南医科大学	硕士	2023	1	322	原版阅读      CNKI AI阅读
526	基于类柯蒂氏器的构建研究听觉细胞损伤的保护机制	张峻铭	东华大学	硕士	2023		124	原版阅读      CNKI AI阅读
527	温艳东教授治疗胃食管反流病组方规律及核心处方网络药理学研究	闫加行	中国中医科学院	硕士	2023		280	原版阅读      CNKI AI阅读
528	基于数据挖掘探讨“胃不和则卧不安”理论相关性失眠的辨证用药规律	占诗林	湖北中医药大学	硕士	2023	1	192	原版阅读      CNKI AI阅读
529	葛根芩连汤加减方治疗溃疡性结肠炎的系统评价和Meta分析	傅杰	湖北中医药大学	硕士	2023		171	原版阅读      CNKI AI阅读
530	基于数据挖掘吴辉副教授治疗失眠的用药规律及高频证型核心处方的临床观察	秦瑞	湖北中医药大学	硕士	2023		170	原版阅读      CNKI AI阅读
531	黄连HMA基因家族的克隆及镉胁迫响应分析	程华春	湖北中医药大学	硕士	2023		229	原版阅读      CNKI AI阅读
532	中药治疗大肠湿热型溃疡性结肠炎的用药规律及机制研究	覃树辉	广西中医药大学	硕士	2023		280	原版阅读      CNKI AI阅读
533	叶松教授防治反流性食管炎的中医辨证用药规律及相关因素分析	段昱宇	湖北中医药大学	硕士	2023		78	原版阅读      CNKI AI阅读
534	基于真实世界吕文亮教授治疗慢性胃炎脾胃湿热证的临床观察与用药规律研究	闫海琳	湖北中医药大学	硕士	2023		222	原版阅读      CNKI AI阅读
535	明至民国时期四川道地中药材的产地分布研究	罗文攸	贵州师范大学	硕士	2023		689	原版阅读      CNKI AI阅读
536	化浊解毒法治疗慢性萎缩性胃炎癌前病变的Meta分析及网络药理学研究	吕明艳	广西中医药大学	硕士	2023		269	原版阅读      CNKI AI阅读
537	基于文献数据挖掘的胃食管反流病临床用药规律研究	梁皓	广西中医药大学	硕士	2023	1	314	原版阅读      CNKI AI阅读
538	黄连温胆汤治疗痰热扰心型失眠的Meta分析及机制研究	周明雪	广西中医药大学	硕士	2023	4	499	原版阅读      CNKI AI阅读
539	基于网络药理学与miR-107探讨左金丸的抗胃癌作用及其机制	贺彬	湖北中医药大学	博士	2023		533	原版阅读      CNKI AI阅读
540	慢性睡眠剥夺对学习记忆能力影响的临床研究及黄连解毒汤干预的机制探讨	宋昕桦	湖北中医药大学	硕士	2023	1	332	原版阅读      CNKI AI阅读
541	基于网络药理学及分子对接探讨MEBO治疗压疮的作用机制及临床总结	肖锦	广西中医药大学	硕士	2023	1	320	原版阅读      CNKI AI阅读
542	基于数据挖掘探讨毛德文教授治疗非酒精性脂肪肝的临证经验及用药规律	隆晓荣	广西中医药大学	硕士	2023	3	382	原版阅读      CNKI AI阅读
543	国医大师张磊治疗脾胃病的临证经验及用药规律研究	谢璋庆	广西中医药大学	硕士	2023	1	908	原版阅读      CNKI AI阅读
544	基于五味入五脏理论探讨五味消渴方治疗2型糖尿病机理及经验总结	曾山容	广西中医药大学	硕士	2023		246	原版阅读      CNKI AI阅读
545	徐立军教授治疗胃痞病用药规律探析	张肖营	湖北中医药大学	硕士	2023		205	原版阅读      CNKI AI阅读
546	基于数据挖掘的韦维教授治疗功能性便秘的用药规律研究	李艳芳	广西中医药大学	硕士	2023	1	164	原版阅读      CNKI AI阅读
547	消渴饮水组分复方体内药物分析及质量控制研究	童其林	华中科技大学	博士	2023		498	原版阅读      CNKI AI阅读
548	基于数据挖掘研究温病学派医案辨治眩晕用药规律	黄文佐	广西中医药大学	硕士	2023		126	原版阅读      CNKI AI阅读
549	基于Nrf2信号通路探讨黄连解毒汤治疗AD的临床及实验研究	孙亦轩	湖北中医药大学	博士	2023	1	383	原版阅读      CNKI AI阅读
550	基于数据挖掘技术的吕文亮教授治疗脾胃病证临床医案研究	武自伟	湖北中医药大学	硕士	2023		256	原版阅读      CNKI AI阅读
	中文题名	作者	学位授予单位	数据库	学位授予年度	被引	下载	操作
551	中药治疗心肾不交型失眠的有效性评价及从心肾论治失眠的中药用药规律探析	郭沬容	西南医科大学	硕士	2023	2	505	原版阅读      CNKI AI阅读
552	基于数据挖掘探讨中风后失眠的证素特点及中药用药规律	宋秋燕	西南医科大学	硕士	2023	1	727	原版阅读      CNKI AI阅读
553	黄贵华教授应用半夏的配伍组方规律研究	潘世怡	广西中医药大学	硕士	2023		269	原版阅读      CNKI AI阅读
554	基于数据挖掘辨证治疗溃疡性结肠炎的用药规律研究	施智兰	广西中医药大学	硕士	2023		164	原版阅读      CNKI AI阅读
555	基于数据挖掘探讨中医药治疗慢性萎缩性胃炎伴肠上皮化生的用药规律	农复香	广西中医药大学	硕士	2023	1	463	原版阅读      CNKI AI阅读
556	基于数据挖掘探讨中医药治疗胃食管反流病的用药规律研究	罗慧	广西中医药大学	硕士	2023		277	原版阅读      CNKI AI阅读
557	基于数据挖掘的韦维教授治疗功能性腹泻的用药规律研究	彭宗根	广西中医药大学	硕士	2023	1	92	原版阅读      CNKI AI阅读
558	黄连提取物去甲乌药碱对葡聚糖硫酸钠诱导的小鼠结肠炎的保护作用及机制研究	麻苗苗	南方医科大学	硕士	2023	1	433	原版阅读      CNKI AI阅读
559	王孟英辨治疫病学术经验研究	甘俊元	广西中医药大学	硕士	2023		262	原版阅读      CNKI AI阅读
560	黄连素上调GDF-5抑制髓核细胞外基质降解延缓椎间盘退变的作用及机制研究	郭昇	西南医科大学	硕士	2023	1	177	原版阅读      CNKI AI阅读
561	黄连化瘀方调控TMAO干预AS进程的机制研究	董莹	湖北中医药大学	硕士	2023		45	原版阅读      CNKI AI阅读
562	基于数据挖掘探讨慢性萎缩性胃炎的中医证候与用药规律	黄炳徵	河南中医药大学	硕士	2023		52	原版阅读      CNKI AI阅读
563	中医药治疗胰腺癌的方药分析研究及机制探析	李勇	辽宁中医药大学	博士	2023	6	1377	原版阅读      CNKI AI阅读
564	基于“肠道菌群-Th17细胞”探讨大黄黄连泻心汤对2型糖尿病的作用及机制	资昌艳	成都中医药大学	博士	2023	1	651	原版阅读      CNKI AI阅读
565	健脾清湿方联合雷贝拉唑治疗胃食管反流病（脾虚湿热型）的临床观察	罗晶心	天津中医药大学	硕士	2023	1	184	原版阅读      CNKI AI阅读
566	基于中药调控内源性褪黑素改善睡眠障碍的数据挖掘和靶点预测	翟振威	成都中医药大学	硕士	2023	1	412	原版阅读      CNKI AI阅读
567	胡黄连苷Ⅱ通过增强自噬功能改善Aβ诱导小鼠的记忆缺失	李兆伦	重庆医科大学	硕士	2023		87	原版阅读      CNKI AI阅读
568	基于循证医学的干眼中医诊疗证据等级分析与标准化研究	史媚榕	成都中医药大学	硕士	2023	1	299	原版阅读      CNKI AI阅读
569	基于数据挖掘分析糖尿病前期治疗的用药规律	董玉琳	成都中医药大学	硕士	2023		272	原版阅读      CNKI AI阅读
570	黄连温胆汤加味治疗脾胃湿热型疣状胃炎的临床疗效观察	刘伟	成都中医药大学	硕士	2023		45	原版阅读      CNKI AI阅读
571	升阳除湿化瘀汤干预结直肠腺瘤（脾虚湿瘀证）术后患者疗效评价及对肠道菌群的影响	王晓艳	天津中医药大学	硕士	2023	2	161	原版阅读      CNKI AI阅读
572	基于中医传承辅助平台探讨吴深涛教授治疗糖尿病合并高脂血症的用药规律及临证经验	康海蓝	天津中医药大学	硕士	2023	1	199	原版阅读      CNKI AI阅读
573	原小檗碱类生物碱和染料掺杂碳点在聚集性蛋白检测中的应用研究	李利	华中科技大学	硕士	2023		131	原版阅读      CNKI AI阅读
574	基于网络药理学探究黄连治疗牙周炎的抗炎机制及维生素C的预防作用	李薇	贵州大学	硕士	2023		208	原版阅读      CNKI AI阅读
575	补肾解毒方抗脑老化的体外研究	杨阳	北京中医药大学	硕士	2023		65	原版阅读      CNKI AI阅读
576	调脾安肠方调节TLR4/NF-κB/NLRP3信号通路的研究	王佳聪	北京中医药大学	硕士	2023		100	原版阅读      CNKI AI阅读
577	连作怀地黄根系提物抑制拟南芥根发育的机制	贺会	河南师范大学	硕士	2023		61	原版阅读      CNKI AI阅读
578	基于虚拟筛选发现抗金黄色葡萄球菌药物分子的研究	谭小庆	重庆科技学院	硕士	2023		195	原版阅读      CNKI AI阅读
579	浙江省淋球菌耐药趋势分析及替代药物敏感性评估	张嫣	南京医科大学	硕士	2023		43	原版阅读      CNKI AI阅读
580	载黄连素硫酸钙（CSH/β-TCP/BBR）颗粒抗菌性、生物安全性及骨修复功能的研究	李雪琪	南方医科大学	硕士	2023	1	223	原版阅读      CNKI AI阅读
581	黄连治疗肺结核的作用及其机制研究	何彩林	湖北民族大学	硕士	2023	1	371	原版阅读      CNKI AI阅读
582	清胃止痛微丸对大鼠乙酸型胃溃疡的治疗作用及机制研究	姜圣钰	吉林大学	硕士	2023	3	821	原版阅读      CNKI AI阅读
583	基于数据挖掘和网络药理学探讨中医药治疗原发性多汗症的用药规律及作用机制	朱世豪	辽宁中医药大学	硕士	2023	3	492	原版阅读      CNKI AI阅读
584	经典名方甘草泻心汤物质基准研究	霍然	长春中医药大学	硕士	2023	4	1846	原版阅读      CNKI AI阅读
585	基于量质传递规律的神解颗粒质量属性研究	王孟聪	长春中医药大学	硕士	2023	2	463	原版阅读      CNKI AI阅读
586	基于贝叶斯网络挖掘王行宽教授论治高血压病证、治、药规律的研究	陶俊宏	湖南中医药大学	硕士	2023	1	128	原版阅读      CNKI AI阅读
587	基于中医传承辅助平台探究王垂杰教授治疗反流性食管炎用药规律	苗丽	辽宁中医药大学	硕士	2023		164	原版阅读      CNKI AI阅读
588	基于数据挖掘探讨益糖康治疗2型糖尿病合并脂代谢紊乱用药规律及作用机制研究	毛清雯	辽宁中医药大学	硕士	2023	2	206	原版阅读      CNKI AI阅读
589	吕冠华教授病证结合治疗胃食管反流病的组方配伍规律研究	张宇航	辽宁中医药大学	硕士	2023		122	原版阅读      CNKI AI阅读
590	基于数据挖掘探讨王垂杰教授治疗胃癌前病变的用药规律研究	杨双菲	辽宁中医药大学	硕士	2023		223	原版阅读      CNKI AI阅读
591	李小娟教授治疗代谢综合征数据挖掘研究	张兆祥	辽宁中医药大学	硕士	2023	1	205	原版阅读      CNKI AI阅读
592	恶性肿瘤化疗所致口腔黏膜炎中医证型分布及用药规律研究	尹文	辽宁中医药大学	硕士	2023		360	原版阅读      CNKI AI阅读
593	4种含黄连中药复方治疗2型糖尿病的网状Meta分析及临床研究	李磊	辽宁中医药大学	硕士	2023	2	344	原版阅读      CNKI AI阅读
594	纪录片《本草中华》第二季汉英模拟口译实践报告	高尚	信阳师范学院	硕士	2023		88	原版阅读      CNKI AI阅读
595	复方黄连素片联合四联疗法治疗难治性HP（脾胃湿热证）的临床观察	周蓉	云南中医药大学	硕士	2023	2	203	原版阅读      CNKI AI阅读
596	基于数据挖掘的围绝经期综合征用药组方规律探讨及临床研究	闫鑫	浙江中医药大学	硕士	2023		300	原版阅读      CNKI AI阅读
597	沼泽草本植物-土壤反馈效应及对植物种间竞争的影响	董琦	东北师范大学	硕士	2023	1	366	原版阅读      CNKI AI阅读
598	黄连与延胡索中原小檗碱型生物碱“构-效-性”关系探究（一）	陈可点	北京中医药大学	硕士	2023		253	原版阅读      CNKI AI阅读
599	加味黄连汤对小鼠胰腺癌移植瘤抑制作用研究	史雯	北京中医药大学	硕士	2023		213	原版阅读      CNKI AI阅读
600	杨晓晖教授治疗2型糖尿病组方规律及网络药理学研究	杨玉涵	北京中医药大学	硕士	2023		179	原版阅读      CNKI AI阅读
	中文题名	作者	学位授予单位	数据库	学位授予年度	被引	下载	操作
601	清热化毒丸抗炎物质基础及质量标准提升	尹涵	吉林农业大学	硕士	2023		381	原版阅读      CNKI AI阅读
602	复方葛根汤抗结肠癌分子机制及其拆方优化研究	钱玲	江西中医药大学	硕士	2023	2	521	原版阅读      CNKI AI阅读
603	黄芩-黄连药对对认知功能障碍的作用及机制研究	张红杰	江西中医药大学	硕士	2023	2	400	原版阅读      CNKI AI阅读
604	基于《中医方剂大辞典》探讨便血历代组方用药及配伍特点	张蓉	江西中医药大学	硕士	2023	2	319	原版阅读      CNKI AI阅读
605	基于复杂网络从“脾升胃降”探究陈彤云辨治痤疮思路	张巧文	北京中医药大学	硕士	2023	1	126	原版阅读      CNKI AI阅读
606	基于真实世界仝小林教授治疗DPN临床用药及量效规律总结	陈科宇	北京中医药大学	硕士	2023		261	原版阅读      CNKI AI阅读
607	基于态靶理论探究糖尿病肾脏疾病患者临床特征及用药规律	郝瑞	北京中医药大学	硕士	2023		213	原版阅读      CNKI AI阅读
608	慢性萎缩性胃炎人群特征分析及刘震主任医师辨证用药规律研究	秦珂馨	北京中医药大学	硕士	2023		198	原版阅读      CNKI AI阅读
609	刘喜明教授治疗老年甲亢的证治研究	王瑾琨	北京中医药大学	硕士	2023		114	原版阅读      CNKI AI阅读
610	清热化痰方剂干预冠心病心绞痛痰热证的循证评价研究	郝千莹	北京中医药大学	硕士	2023		151	原版阅读      CNKI AI阅读
611	基于五种常见皮肤病的古籍数据挖掘探讨皮肤病中药外治用药规律	王雨晴	北京中医药大学	硕士	2023		622	原版阅读      CNKI AI阅读
612	黄连素治疗低HDL-C血症的临床研究	冉隆开	北京中医药大学	硕士	2023	1	117	原版阅读      CNKI AI阅读
613	基于数据挖掘技术分析胡刚主任医师诊治胃脘痛的用药规律	李博然	内蒙古医科大学	硕士	2023		72	原版阅读      CNKI AI阅读
614	基于数据挖掘技术探讨段迎喜主任医师治疗慢性胃炎用药经验的研究	薛智慧	内蒙古医科大学	硕士	2023		164	原版阅读      CNKI AI阅读
615	蒙药吉召木道日吉质量标准及药效学初步研究	李娜	内蒙古医科大学	硕士	2023		143	原版阅读      CNKI AI阅读
616	蒙药额日赫木-8对LPS诱导的肺炎模型大鼠的作用研究	安琦尔	内蒙古医科大学	硕士	2023	1	376	原版阅读      CNKI AI阅读
617	蒙药加味黄连-5味散尼如哈疗法治疗放射性肠炎的临床研究及对肠道菌群的影响	月霞	内蒙古医科大学	硕士	2023	1	250	原版阅读      CNKI AI阅读
618	蒙药加味黄连-5味散尼如哈疗法治疗放射性肠炎的临床疗效及代谢组学研究	萨仁额日登	内蒙古医科大学	硕士	2023		101	原版阅读      CNKI AI阅读
619	下利的六经辨治探析	林炜桐	江西中医药大学	硕士	2023		240	原版阅读      CNKI AI阅读
620	基于数据挖掘探析赵纪生教授治疗慢性肾脏病3-5期（非透析）患者的用药规律研究	袁慧	江西中医药大学	硕士	2023	2	153	原版阅读      CNKI AI阅读
621	黄连对生物絮团养殖凡纳滨对虾效果的影响	劳锦程	上海海洋大学	硕士	2023		197	原版阅读      CNKI AI阅读
622	茂兰喀斯特森林主要树种空间格局及环境解释	李亚倩	贵州大学	硕士	2023		262	原版阅读      CNKI AI阅读
623	胡黄连糖苷组分抗结肠炎的物质基础及分子机制研究	吴培根	贵州医科大学	硕士	2023	3	138	原版阅读      CNKI AI阅读
624	等离子体降解阿月浑子中黄曲霉毒素B1的研究	苏迎利	北京农学院	硕士	2023	1	162	原版阅读      CNKI AI阅读
625	云南黄连雌雄异熟异位形成机制研究	余济辰	云南农业大学	硕士	2023		150	原版阅读      CNKI AI阅读
626	天然防腐体系的构建、机理及应用研究	魏泽丰	上海应用技术大学	硕士	2023		384	原版阅读      CNKI AI阅读
627	靶向NR1H3的抗肿瘤活性化合物筛选模型的建立及应用研究	王一萌	西南大学	硕士	2023		244	原版阅读      CNKI AI阅读
628	乡村振兴进程中黔东南苗族生计策略转型与社区发展——以雷山麻料村为个案	杨智朝	西南大学	硕士	2023		169	原版阅读      CNKI AI阅读
629	金黄色葡萄球菌分子特征及黄连解毒汤联合苯唑西林对其抑制效果研究	张晗	河北中医药大学	硕士	2023		15	原版阅读      CNKI AI阅读
630	黄连收割装置设计及参数优化研究	陈迅	西南大学	硕士	2023		44	原版阅读      CNKI AI阅读
631	基于网络药理学及miRNA测序探究双连丹治疗黄疸的生物学机制	乔玲	成都中医药大学	博士	2023	1	362	原版阅读      CNKI AI阅读
632	黄连素对肺纤维化的治疗作用及其机制研究	刘英婕	大连理工大学	硕士	2023		7	原版阅读      CNKI AI阅读
633	中药味连“辨色论质”初步研究	李杨松	成都中医药大学	硕士	2023		228	原版阅读      CNKI AI阅读
634	黄连素通过促进间质Wnt分泌和激活Lgr5干细胞治疗炎症性肠病	罗泽成	成都中医药大学	硕士	2023	1	279	原版阅读      CNKI AI阅读
635	新型小檗碱衍生物的设计合成及其抗肿瘤活性研究	徐斌	常州大学	硕士	2023		221	原版阅读      CNKI AI阅读
636	基于数据挖掘的岳仁宋教授运用半夏泻心汤治疗2型糖尿病的经验研究	张会择	成都中医药大学	硕士	2023		248	原版阅读      CNKI AI阅读
637	黄连温胆汤加减对阵发性房颤（痰火扰心证）的心室率及p波离散度、最大P波时限的影响的临床研究	刘彦均	成都中医药大学	硕士	2023	1	128	原版阅读      CNKI AI阅读
638	黄连素通过保护肠道黏膜缓解阿霉素心肌毒性的机制研究	朱续昌	南京医科大学	硕士	2023		42	原版阅读      CNKI AI阅读
639	黄连碱含量的测定及其对禽多杀性巴氏杆菌抑菌机制的研究	张睿	长江大学	硕士	2023	7	559	原版阅读      CNKI AI阅读
640	常见中药体外抗念珠菌药物敏感性筛选及抗感染作用机制研究	余宇	北京协和医学院	硕士	2023	3	322	原版阅读      CNKI AI阅读
641	硅基纳米复合吸附材料对植物废弃物中天然色素的回收分离研究	李小满	长江大学	硕士	2023		156	原版阅读      CNKI AI阅读
642	丰都车前形态学、解剖学与组织化学特征研究	张梦迪	长江大学	硕士	2023	1	337	原版阅读      CNKI AI阅读
643	黄连素调节肠道微生物群对自发性高血压大鼠血压的影响研究	王珊珊	云南中医药大学	硕士	2023	2	395	原版阅读      CNKI AI阅读
644	黄连素促进CAR-T杀伤肿瘤作用及机制研究	时邵辉	东北林业大学	硕士	2023		242	原版阅读      CNKI AI阅读
645	基于肠道菌群的中药药性解读及小檗碱降血脂作用机制研究	杨娅楠	北京协和医学院	硕士	2023	1	864	原版阅读      CNKI AI阅读
646	当归郁李仁汤联合复方黄连素软膏治疗血热肠燥型急性肛裂的临床观察	李爽	云南中医药大学	硕士	2023		159	原版阅读      CNKI AI阅读
647	基于数据挖掘分析李生财主任治疗活动期十二指肠溃疡经验	陈丽娟	甘肃中医药大学	硕士	2023		55	原版阅读      CNKI AI阅读
648	基于数据挖掘和网络药理学探析张效科教授治疗糖尿病前期的用药规律及作用机制	牛苗苗	陕西中医药大学	硕士	2023		232	原版阅读      CNKI AI阅读
649	基于数据挖掘技术探究裴正学教授治疗胃癌用药规律研究	陈伟富	甘肃中医药大学	硕士	2023		119	原版阅读      CNKI AI阅读
650	基于数据挖掘探讨通降法治疗胃食管反流病的证治及用药规律	马之溪	河南中医药大学	硕士	2023		62	原版阅读      CNKI AI阅读
	中文题名	作者	学位授予单位	数据库	学位授予年度	被引	下载	操作
651	大黄黄连泻心汤抑制NLRP3炎症小体活性治疗急性胃溃疡的作用机制及物质基础研究	李心仪	南京中医药大学	硕士	2023		166	原版阅读      CNKI AI阅读
652	三部《名医类案》中呕吐医案用药规律研究	刘哲华	南京中医药大学	硕士	2023		250	原版阅读      CNKI AI阅读
653	基于R语言和网络药理学探究王彦刚教授治疗胃食管反流病用药规律及作用机制	陈昊昱	河北中医药大学	硕士	2023		70	原版阅读      CNKI AI阅读
654	中药方联合三联或四联疗法治疗脾胃湿热型幽门螺杆菌相关性胃炎的Meta分析	黄崇欣	河北中医药大学	硕士	2023		27	原版阅读      CNKI AI阅读
655	羌药刷格痛风颗粒的制备工艺及质量控制研究	吉部肖情	西南民族大学	硕士	2023		275	原版阅读      CNKI AI阅读
656	原位法修饰金属有机骨架材料在荧光传感上的应用研究	倪旺	湖北大学	硕士	2023		84	原版阅读      CNKI AI阅读
657	孙志广教授从“脾主思”论治IBS-D的用药规律研究	冷子妍	南京中医药大学	硕士	2024		113	原版阅读      CNKI AI阅读
658	肿瘤相关性失眠的方药证理论与实验研究	高晓宇	辽宁中医药大学	博士	2023	6	1073	原版阅读      CNKI AI阅读
659	中国刺蛾科（鳞翅目：斑蛾总科）分类学研究	吴俊	东北林业大学	博士	2023		403	原版阅读      CNKI AI阅读
660	黄连解毒汤治疗2型糖尿病的循证医学研究及基于网络药理学的作用机制研究	胡学芳	成都中医药大学	硕士	2023		435	原版阅读      CNKI AI阅读
661	中药治疗冠心病室性期前收缩用药规律的挖掘	黄鑫	成都中医药大学	硕士	2023		171	原版阅读      CNKI AI阅读
662	中医药题材纪录片的叙事研究——以《本草中国》《本草中华》前两季为例	杨智童	北京工商大学	硕士	2023		88	原版阅读      CNKI AI阅读
663	基于数据挖掘及网络药理学探讨全国名中医曹恩泽治疗糖尿病肾脏病的用药规律及作用机制	叶彪	安徽中医药大学	硕士	2023		578	原版阅读      CNKI AI阅读
664	胡国俊教授治疗慢性胃炎的数据挖掘分析	赵芬芬	安徽中医药大学	硕士	2023		332	原版阅读      CNKI AI阅读
665	基于成分、药效探讨黄连-厚朴配伍作用机理	赵东云	安徽中医药大学	硕士	2023	4	513	原版阅读      CNKI AI阅读
666	黄连解毒汤湿敷对于肛痈术后创面愈合影响的临床观察	热比艳木·亚库甫江	新疆医科大学	硕士	2023		122	原版阅读      CNKI AI阅读
667	复方黄连阿胶颗粒联合氟哌噻吨美利曲辛片治疗焦虑性失眠（阴虚火旺型）的临床疗效观察	赵乔乔	安徽中医药大学	硕士	2023	2	273	原版阅读      CNKI AI阅读
668	基于医案数据分析的小陷胸汤加减的证治特点及临床应用研究	邹丽娜	辽宁中医药大学	硕士	2023		155	原版阅读      CNKI AI阅读
669	龙紫消肿乳膏的制备工艺与质量标准研究	李春燕	云南中医药大学	硕士	2023	1	1300	原版阅读      CNKI AI阅读
670	基于数据挖掘的叶天士诊疗便秘经验研究	王发进	山东中医药大学	硕士	2023		242	原版阅读      CNKI AI阅读
671	三黄膏贴敷辅助治疗小儿急性颈部淋巴结炎痰热蕴结证的临床观察	张丹	甘肃中医药大学	硕士	2023	2	144	原版阅读      CNKI AI阅读
672	陈彤云、曲剑华治疗痤疮经验及金花清爽面霜对痤疮辅助疗效观察	谭馨宇	北京中医药大学	硕士	2023		309	原版阅读      CNKI AI阅读
673	细菌纤维素负载的黄连提取物复合材料的制备、表征与性能研究	周子阳	长春理工大学	硕士	2023		188	原版阅读      CNKI AI阅读
674	敦煌古医方温法与方剂配伍规律研究	霍敏峰	甘肃中医药大学	硕士	2023	1	307	原版阅读      CNKI AI阅读
675	基于数据挖掘和网络药理学探讨武权生教授治疗绝经综合征用药规律及临床疗效观察	窦艳猛	甘肃中医药大学	硕士	2023	1	227	原版阅读      CNKI AI阅读
676	基于数据挖掘的甘德成副主任医师治疗糖尿病肾脏病的用药规律探析	李次艳	甘肃中医药大学	硕士	2023		115	原版阅读      CNKI AI阅读
677	基于数据挖掘探讨中医药治疗溃疡性结肠炎大肠湿热证用药规律及Meta分析	杨亚蓉	宁夏医科大学	硕士	2023		210	原版阅读      CNKI AI阅读
678	黄连素协同奥沙利铂对大肠癌细胞增殖、迁移及侵袭的影响	周涛	河北医科大学	硕士	2023		123	原版阅读      CNKI AI阅读
679	敦煌遗书中关于下利的方药和理论整理与临床应用研究	王川	甘肃中医药大学	硕士	2023		200	原版阅读      CNKI AI阅读
680	基于清代温病四大家医案祛湿三法证治方药规律研究	周思彤	宁夏医科大学	硕士	2023	3	187	原版阅读      CNKI AI阅读
681	中医疏肝清热祛湿法治疗慢性糜烂性胃炎疗效的Meta分析	严蕊	宁夏医科大学	硕士	2023		78	原版阅读      CNKI AI阅读
682	基于文献与理论运用线索的辛开苦降法联合四联疗法治疗Hp相关性胃炎（寒热错杂型）的Meta分析	石璐	宁夏医科大学	硕士	2023		71	原版阅读      CNKI AI阅读
683	基于文献及数据挖掘方法探讨从肾论治围绝经期综合征的证治规律	杨佳丽	宁夏医科大学	硕士	2023		171	原版阅读      CNKI AI阅读
684	魏玮教授治疗慢性胆囊炎组方规律及核心药物网络药理学研究	曹增	北京中医药大学	硕士	2023		107	原版阅读      CNKI AI阅读
685	黄连素对腺嘌呤所致肾衰小鼠肠道紧密连接蛋白的影响	王昊	中国医科大学	硕士	2023		236	原版阅读      CNKI AI阅读
686	武安市古树名木资源空间特征及影响因素研究	沈媛婷	河北工程大学	硕士	2023	3	548	原版阅读      CNKI AI阅读
687	基于古籍循证和网络药理学的消渴病古方发现研究	李子凤	中国中医科学院	博士	2022	3	916	原版阅读      CNKI AI阅读
688	香港痤疮患者的中医体质辨识及消痤汤治疗痤疮的临床研究与网络药理学研究	辛小恩（Sun Siu Yan）	广州中医药大学	博士	2022		188	原版阅读      CNKI AI阅读
689	黄连全资源化加工及产物生物活性研究	殷党跃	西北农林科技大学	博士	2022	1	330	原版阅读      CNKI AI阅读
690	黄连木杂交育种及子代优良单株筛选	张子君	河北农业大学	硕士	2022		64	原版阅读      CNKI AI阅读
691	基于从肝论治理念治疗2型糖尿病合并非酒精性脂肪肝的系统评价及朴春丽教授的用药经验总结	韩方达	广州中医药大学	硕士	2022		82	原版阅读      CNKI AI阅读
692	β-内酰胺类抗生素增效剂筛选及其消除E.coli耐药性研究	左丽	河北工程大学	硕士	2022	1	422	原版阅读      CNKI AI阅读
693	黄连木轻基质容器育苗研究	郑佳慧	河北农业大学	硕士	2022	3	246	原版阅读      CNKI AI阅读
694	基于数据挖掘治疗慢性肾衰方临床用药规律及核心药味组合的药效作用机制探索	胡芬	福建中医药大学	硕士	2022	1	587	原版阅读      CNKI AI阅读
695	大口黑鲈蛙虹彩病毒中药筛选模型建立及有效中药的筛选	李秋语	吉林农业大学	硕士	2022	11	1057	原版阅读      CNKI AI阅读
696	高原山地岩溶水系统的流动传输模式及水文过程模拟——以贵州毕节苍蒲凹地下河为例	耿新新	中国地质大学(北京)	博士	2022		89	原版阅读      CNKI AI阅读
697	张仲景《伤寒杂病论》温阳法研究	尚鹏鑫	成都中医药大学	博士	2022	1	684	原版阅读      CNKI AI阅读
698	黄连生物碱改善糖尿病周围神经病变活性成分筛选及作用机制研究	龚小保	西南大学	博士	2022	1	781	原版阅读      CNKI AI阅读
699	miRNA-18a-5p/Samd3信号通路在小檗碱治疗川崎病冠状动脉损伤中的作用及机制研究	范雪	中国医科大学	博士	2022		656	原版阅读      CNKI AI阅读
700	黄连素通过诱导T细胞凋亡抑制小鼠同种异体心脏移植排斥反应的机制研究	马云瀚	厦门大学	博士	2022		13	原版阅读      CNKI AI阅读
	中文题名	作者	学位授予单位	数据库	学位授予年度	被引	下载	操作
701	倪诚教授辨体辨病治疗早泄的理论传承与数据挖掘研究	胡丹丹	北京中医药大学	硕士	2022		292	原版阅读      CNKI AI阅读
702	基于古今医案探讨痞满证治方剂组方配伍用药特点	刘海旭	北京中医药大学	硕士	2022	1	330	原版阅读      CNKI AI阅读
703	黄厚止泻滴丸对湿热型溃疡性结肠炎模型小鼠的药效机制研究	张震	南京中医药大学	博士	2022	1	1177	原版阅读      CNKI AI阅读
704	3-脱氧葡萄糖醛酮促进GLUT2介导的小肠葡萄糖吸收致糖调节受损的机制及半夏泻心汤的干预作用研究	顾祎雯	南京中医药大学	硕士	2022		176	原版阅读      CNKI AI阅读
705	慢性萎缩性胃炎伴低级别上皮内瘤变中医证候学特点及治疗方法回顾性分析	赵志娟	南京中医药大学	硕士	2022	1	619	原版阅读      CNKI AI阅读
706	大黄致结肠黑变病的机制研究及预警分析	黄政凯	北京中医药大学	硕士	2022	1	662	原版阅读      CNKI AI阅读
707	和胃清凉汤治疗胃癌前病变的疗效及其机制研究	孙田悦	青岛大学	硕士	2022	1	234	原版阅读      CNKI AI阅读
708	张望之眼科学术思想及临证经验研究	张惠晶	河南中医药大学	硕士	2022	1	169	原版阅读      CNKI AI阅读
709	金芪降糖片联合二甲双胍对新诊断2型糖尿病患者同型半胱氨酸，胱抑素-C的影响	房丛丛	山东中医药大学	硕士	2022		144	原版阅读      CNKI AI阅读
710	不稳定性心绞痛热毒证及益气解毒法抗动脉粥样硬化的作用机制研究	李兆钰	山东中医药大学	博士	2022	7	705	原版阅读      CNKI AI阅读
711	基于数据挖掘技术的曹志群教授辨治胃食管反流病的临床经验研究	战俊邑	山东中医药大学	硕士	2022	1	517	原版阅读      CNKI AI阅读
712	基于数据挖掘的魏凤琴教授诊疗胃痛经验研究	郭祖正	山东中医药大学	硕士	2022	2	686	原版阅读      CNKI AI阅读
713	《温病条辨》苦味药应用规律研究	刘城	山东中医药大学	硕士	2022	5	394	原版阅读      CNKI AI阅读
714	基于明清文献的芳香药防治温病研究	师小茜	山东中医药大学	博士	2022	2	710	原版阅读      CNKI AI阅读
715	基于数据挖掘的《伤寒论》火郁证治研究	韩江涛	山东中医药大学	硕士	2022		209	原版阅读      CNKI AI阅读
716	王孟英食疗药物应用规律研究	梁路明	山东中医药大学	硕士	2022	2	423	原版阅读      CNKI AI阅读
717	连苏柴苓汤治疗肝脾不和、湿毒内蕴型慢性肾脏病3-5期的临床研究	王冬秀	山东中医药大学	硕士	2022	3	333	原版阅读      CNKI AI阅读
718	黄连茯苓汤加减治疗老年糖尿病合并便秘（湿热型）的临床观察	李肖	山东中医药大学	硕士	2022	5	496	原版阅读      CNKI AI阅读
719	基于数据挖掘探讨老年骨质疏松症合并焦虑抑郁状态中医证型及组方用药规律	朱敏敏	山东中医药大学	硕士	2022	4	852	原版阅读      CNKI AI阅读
720	青连宁心胶囊的抗心律失常作用及其药代动力学研究	李彦	山东中医药大学	硕士	2022		50	原版阅读      CNKI AI阅读
721	国医大师张志远“十二汤方系统”运用特点研究	孙君艺	山东中医药大学	硕士	2022		338	原版阅读      CNKI AI阅读
722	基于三维荧光光谱的中药的荧光成分分析及寒热药性模式识别研究	战瑞雪	山东中医药大学	硕士	2022	1	422	原版阅读      CNKI AI阅读
723	基于临床科研一体化系统的糖尿病肾病的药物组方规律研究	李红	山东中医药大学	硕士	2022	1	152	原版阅读      CNKI AI阅读
724	大清河流域下游平原区生态园林植物景观空间配置研究	郭柳	北京林业大学	硕士	2022	1	136	原版阅读      CNKI AI阅读
725	泰安市干旱瘠薄山地适生树种评价	孙超凡	山东农业大学	硕士	2022	3	289	原版阅读      CNKI AI阅读
726	黄连阿胶汤加减治疗阴虚火旺型绝经综合征失眠症及对生活质量影响的临床研究	杨德玲	山东中医药大学	硕士	2022	6	506	原版阅读      CNKI AI阅读
727	清热祛湿养阴法对消渴病伴随症状疗效的系统评价及典型病例讨论	张婧	山东中医药大学	硕士	2022	1	101	原版阅读      CNKI AI阅读
728	外用中药预防放射性皮肤损伤的临床研究	吴晓月	中国中医科学院	硕士	2022	7	1253	原版阅读      CNKI AI阅读
729	基于医案挖掘仝小林院士治疗DKD核心药物并探讨其作用机制	张莉莉	中国中医科学院	博士	2022	10	1724	原版阅读      CNKI AI阅读
730	清热化湿类中药复方治疗UC的Meta分析及清热化湿调枢方抗炎机制研究	张涛	中国中医科学院	博士	2022	5	1583	原版阅读      CNKI AI阅读
731	病证结合序贯辨证治疗Graves病临床观察及相关机制探讨	庞晴	中国中医科学院	博士	2022	2	678	原版阅读      CNKI AI阅读
732	Zedoarondiol通过caveolin-1/NF-κB/黏附分子信号通路抑制炎症细胞跨内皮迁移机制研究	别玉龙	中国中医科学院	博士	2022	3	814	原版阅读      CNKI AI阅读
733	基于数据挖掘分析刘朝霞教授治疗胃食管反流病的用药规律	张诗嘉	黑龙江中医药大学	硕士	2022	5	649	原版阅读      CNKI AI阅读
734	硫/氮共掺杂TiO2纳米管阵列电活化硫酸盐降解黄连素	赵露颖	大连理工大学	硕士	2022	1	278	原版阅读      CNKI AI阅读
735	寒性成分龙胆苦苷和胡黄连苷Ⅱ网络预测及免疫效应评价研究	朱瑞萱	哈尔滨商业大学	硕士	2022	1	309	原版阅读      CNKI AI阅读
736	黄连-干姜通过影响糖尿病小鼠脑内小胶质细胞极化表型改善学习记忆能力	陈旭	哈尔滨商业大学	硕士	2022	2	728	原版阅读      CNKI AI阅读
737	黄连素对胰腺癌的治疗作用及其机制研究	刘萌萌	大连理工大学	硕士	2022	2	555	原版阅读      CNKI AI阅读
738	四株共生真菌次生代谢产物及其生物活性的研究	位盼盼	中南民族大学	硕士	2022		133	原版阅读      CNKI AI阅读
739	丝绸之路炉甘石相关药物知识的传播融合史研究	熊晓玲	中国中医科学院	硕士	2022	3	542	原版阅读      CNKI AI阅读
740	环境友好型白光LED用材料的发光性能及其应用研究	徐晟翔	聊城大学	硕士	2022	1	321	原版阅读      CNKI AI阅读
741	四株植物内生真菌的化学成分及其生物活性研究	叶可	中南民族大学	硕士	2022		141	原版阅读      CNKI AI阅读
742	基于网络药理学及分子对接探索苏合香丸及安宫牛黄丸治疗脑卒中的机制研究	莫凌丽	广西中医药大学	硕士	2022	10	3892	原版阅读      CNKI AI阅读
743	2848例2型糖尿病患者中医证治分布及时序变化特点研究	邢颖	中国中医科学院	硕士	2022	5	542	原版阅读      CNKI AI阅读
744	黄连效应成分黄连碱对尿酸性肾病的保护作用及机制研究	刘严璐	广州中医药大学	博士	2022		397	原版阅读      CNKI AI阅读
745	2型糖尿病气阴两虚证量化诊断模型的构建及其治疗方药的挖掘	吴挺超	成都中医药大学	博士	2022	2	319	原版阅读      CNKI AI阅读
746	KBN洗剂对耐药白色念珠菌阴道炎模型动物作用及机制研究	陈泽伟	广州中医药大学	博士	2022	1	347	原版阅读      CNKI AI阅读
747	《血证论》治疗血证方剂的配伍特点研究	尹柏坤	黑龙江中医药大学	博士	2022	13	948	原版阅读      CNKI AI阅读
748	痤疮方治疗寻常型痤疮肺经风热证临床疗效及作用机制探索研究	王靓怡	辽宁中医药大学	博士	2022	2	880	原版阅读      CNKI AI阅读
749	黄连解毒汤抑制NFκB介导阿尔茨海默病大鼠神经炎症的机制研究	屈艳秦	成都中医药大学	硕士	2022		170	原版阅读      CNKI AI阅读
750	当归饮子联合黄连阿胶汤治疗慢性荨麻疹（血虚风燥证）合并失眠的临床疗效观察	田幼	成都中医药大学	硕士	2022		146	原版阅读      CNKI AI阅读
	中文题名	作者	学位授予单位	数据库	学位授予年度	被引	下载	操作
751	詹华奎教授治疗糖尿病肾脏病的证治用药规律挖掘及其核心经验方的代谢组学疗效机制研究	周莎莎	成都中医药大学	硕士	2022		72	原版阅读      CNKI AI阅读
752	雅连林下种植技术研究	吴虎平	中国农业科学院	硕士	2022		68	原版阅读      CNKI AI阅读
753	土壤微生物特性对雅连品质形成的影响研究	阮音音	中国农业科学院	硕士	2022	1	76	原版阅读      CNKI AI阅读
754	两种紫堇属民族药用植物化学成分及抗肿瘤活性研究	罗家锱	广西师范大学	硕士	2022		143	原版阅读      CNKI AI阅读
755	基于NLRP3炎症小体探讨黄连素治疗LPS诱导冠脉微血管内皮损伤的机制	戴临风	广州中医药大学	硕士	2022		131	原版阅读      CNKI AI阅读
756	徐国峰主任医师治疗慢性萎缩性胃炎用药规律探析	王国锐	广州中医药大学	硕士	2022		57	原版阅读      CNKI AI阅读
757	土黄连外洗液对乳腺癌术后急性放射性皮炎的临床疗效观察	邹妮倩	广州中医药大学	硕士	2022		101	原版阅读      CNKI AI阅读
758	基于数据挖掘探析京津冀医家治疗围经期潮热诊疗特色和用药分析	杨雅琪	广州中医药大学	硕士	2022		81	原版阅读      CNKI AI阅读
759	基于属性偏序结构理论的消渴不寐医案知识发现	罗梦洁	广州中医药大学	硕士	2022	1	34	原版阅读      CNKI AI阅读
760	基于数据挖掘杜少辉教授应用附桂人参汤的临床研究	杨晖	广州中医药大学	硕士	2022		41	原版阅读      CNKI AI阅读
761	慢性胃炎中医寒热错杂证的证素研究及基于文献的用药分析	黄少宇（Wong Siu Yu）	广州中医药大学	硕士	2022		48	原版阅读      CNKI AI阅读
762	温病四大家头痛医案研究	邓卓民（Tang Cheukman）	广州中医药大学	硕士	2022		153	原版阅读      CNKI AI阅读
763	羟基磷灰石的制备及其染料吸附性能研究	朱丽娜	西安科技大学	硕士	2022		133	原版阅读      CNKI AI阅读
764	砂连和胃胶囊质量标准提升及治疗急性胃炎的作用机制研究	吴昊	北京中医药大学	硕士	2022		357	原版阅读      CNKI AI阅读
765	2型糖尿病气阴两虚证临床特征与用药规律研究	张蕊	北京中医药大学	硕士	2022	1	258	原版阅读      CNKI AI阅读
766	黄连木叶片变色期挥发性有机物变化规律分析	马子涵	山西农业大学	硕士	2022	1	109	原版阅读      CNKI AI阅读
767	黄连木秋季转色期花色素苷代谢机理研究	王祎琛	山西农业大学	硕士	2022		200	原版阅读      CNKI AI阅读
768	清热利湿法治疗肿瘤患者放射性肠炎的Meta分析及用药规律挖掘研究	马若凡	北京中医药大学	硕士	2022		228	原版阅读      CNKI AI阅读
769	基于网络药理学研究白头翁汤治疗溃疡性结肠炎的作用机制及实验验证	白珊泽	甘肃农业大学	硕士	2022	1	520	原版阅读      CNKI AI阅读
770	基于网络药理学-代谢组学探讨黄连解毒汤治疗骨关节炎的效应物质及作用机制	慈钰莹	吉林大学	硕士	2022	6	2983	原版阅读      CNKI AI阅读
771	桂林岩溶石山常绿落叶阔叶混交林优势物种生态位与种间联结研究	肖艳梅	广西师范大学	硕士	2022	6	573	原版阅读      CNKI AI阅读
772	黄连素复合物光敏抗菌薄膜的制备及保鲜研究	马天聪	北京农学院	硕士	2022		540	原版阅读      CNKI AI阅读
773	胡思源教授儿童功能性腹痛病学术思想、临证经验及用药规律研究	朱中一	天津中医药大学	硕士	2022	1	576	原版阅读      CNKI AI阅读
774	黄连-4汤对PCI术后IL-6、TNF-a及cTnT、Mb、CK-MB的影响	永明	内蒙古民族大学	硕士	2022	1	110	原版阅读      CNKI AI阅读
775	清肝散外用联合乐卡地平治疗肝阳上亢型原发性高血压的疗效研究	吴桂宝	福建中医药大学	硕士	2022	1	266	原版阅读      CNKI AI阅读
776	基于数据挖掘探讨国医大师熊继柏教授运用温胆汤的临证经验	肖楠	湖南中医药大学	硕士	2022	6	558	原版阅读      CNKI AI阅读
777	基于数据分析《伤寒论》泻心汤类方证治规律的研究	黄艳霞	福建中医药大学	硕士	2022	3	1060	原版阅读      CNKI AI阅读
778	基于网络药理学探讨黄连碱治疗结肠癌的分子靶标及初步验证	杨晶	南昌大学	硕士	2022		406	原版阅读      CNKI AI阅读
779	青钱柳、黄连降血糖活性成分研究	赵锦金	江南大学	硕士	2022	7	1193	原版阅读      CNKI AI阅读
780	《丹溪心法》治疗痰证的组方用药特点研究	贾晓凤	黑龙江中医药大学	硕士	2022	7	507	原版阅读      CNKI AI阅读
781	从肠道菌群角度探讨交泰丸治疗抑郁症的作用机制研究	王月儿	天津中医药大学	硕士	2022	8	933	原版阅读      CNKI AI阅读
782	古代文献中“火郁发之”理论及现代临床应用研究	姬越越	天津中医药大学	硕士	2022	4	743	原版阅读      CNKI AI阅读
783	基于数据挖掘研究程丑夫教授治疗动脉粥样硬化性疾病的遣方用药规律	周蒙蒙	湖南中医药大学	硕士	2022		273	原版阅读      CNKI AI阅读
784	老年糖尿病患者中医膳食方案构建研究	徐聆	湖南中医药大学	硕士	2022	7	3869	原版阅读      CNKI AI阅读
785	张小萍教授治疗慢性非萎缩性胃炎用药规律的研究	袁名钰	江西中医药大学	硕士	2022	3	221	原版阅读      CNKI AI阅读
786	胡珂教授运用半夏泻心汤合四逆散的临证经验总结	王本田	江西中医药大学	硕士	2022	1	387	原版阅读      CNKI AI阅读
787	左金抑幽汤治疗HP感染相关性胃炎（肝胃郁热证）的临床观察	吴晨	黑龙江中医药大学	硕士	2022	1	195	原版阅读      CNKI AI阅读
788	基于数据挖掘分析姚美玉教授治疗肥胖型多囊卵巢综合征的用药规律	胡晓明	黑龙江中医药大学	硕士	2022	2	585	原版阅读      CNKI AI阅读
789	基于“异病同治”理论，半夏泻心汤治疗CAG、FD、IBS的系统性汇总及Meta分析	姜宣竹	黑龙江中医药大学	硕士	2022	1	393	原版阅读      CNKI AI阅读
790	基于数据挖掘谢晶日教授从郁论治胃食管反流病学术思想和用药规律研究	陈善涛	黑龙江中医药大学	硕士	2022	1	291	原版阅读      CNKI AI阅读
791	加味交泰汤治疗心肾不交型2型糖尿病伴失眠的临床研究	姜兴伟	黑龙江中医药大学	硕士	2022	3	397	原版阅读      CNKI AI阅读
792	基于数据挖掘探究刘朝霞教授治疗IBS-D用药规律及经验总结	孟琦	黑龙江中医药大学	硕士	2022	1	172	原版阅读      CNKI AI阅读
793	谢晶日教授治疗溃疡性结肠炎缓解期的用药规律研究	王艳阁	黑龙江中医药大学	硕士	2022	1	272	原版阅读      CNKI AI阅读
794	基于数据挖掘探析刘朝霞教授辨治慢性非萎缩性胃炎的用药规律	梁光烨	黑龙江中医药大学	硕士	2022	1	387	原版阅读      CNKI AI阅读
795	连朴消幽汤治疗HP阳性十二指肠球部溃疡（脾胃湿热证）的临床观察	王莹	黑龙江中医药大学	硕士	2022	1	189	原版阅读      CNKI AI阅读
796	基于“异病同治”理论,温胆汤加减治疗CHD、MS、BRG的文献研究及Meta分析	钟祥昊	黑龙江中医药大学	硕士	2022		226	原版阅读      CNKI AI阅读
797	基于数据挖掘探析孙河教授治疗糖尿病视网膜病变的用药规律	严雯丹	黑龙江中医药大学	硕士	2022		192	原版阅读      CNKI AI阅读
798	清心泻热、除湿解毒法治疗心脾积热型白塞病的临床观察	顾博文	黑龙江中医药大学	硕士	2022	2	151	原版阅读      CNKI AI阅读
799	肛窦宁软膏治疗肛隐窝炎（湿热下注型）的临床观察	黄海月	黑龙江中医药大学	硕士	2022		82	原版阅读      CNKI AI阅读
800	薏连止泻汤治疗大肠湿热型溃疡性结肠炎的临床疗效观察	王展展	黑龙江省中医药科学院	硕士	2022	3	140	原版阅读      CNKI AI阅读
	中文题名	作者	学位授予单位	数据库	学位授予年度	被引	下载	操作
801	连朴饮加减联合四联疗法治疗幽门螺杆菌感染（脾胃湿热型）的临床疗效观察	苏禹如	天津中医药大学	硕士	2022	4	380	原版阅读      CNKI AI阅读
802	基于数据挖掘与网络药理学探讨王晞星教授防治肠道腺瘤性息肉的用药规律及作用机制	霍聪慧	山西省中医药研究院	硕士	2022	3	260	原版阅读      CNKI AI阅读
803	白光教授治疗功能性腹泻的用药规律探析及作用机制预测研究	何美君	辽宁中医药大学	硕士	2022	2	142	原版阅读      CNKI AI阅读
804	昆明裂腹鱼溃疡病致病菌鉴定与中草药筛选	张桓桥	贵州大学	硕士	2022	4	263	原版阅读      CNKI AI阅读
805	治疗猫癣中药组方的筛选及临床效果评价	刘岗	安徽农业大学	硕士	2022	3	651	原版阅读      CNKI AI阅读
806	黄芩素体外抑制APEC生物被膜作用的研究	孙影	安徽农业大学	硕士	2022	3	350	原版阅读      CNKI AI阅读
807	抗奶牛乳房炎主要病原菌的中药筛选及秦皮乙素治疗小鼠乳房炎的作用机制研究	张武豪	河南农业大学	硕士	2022	12	692	原版阅读      CNKI AI阅读
808	有机肥替减化肥对黄连生物碱含量及根际土壤微生物的影响	喻伟龙	华中农业大学	硕士	2022	9	569	原版阅读      CNKI AI阅读
809	城市建成区公共绿地植物景观总体规划研究——以舟山市为例	胡强	江西农业大学	硕士	2022	2	463	原版阅读      CNKI AI阅读
810	基于“氧化应激”机制从中药中筛选抗T2DM活性成分研究	代爽	西华大学	硕士	2022		234	原版阅读      CNKI AI阅读
811	黄连属植物系统发育及分类修订	郑琛	江西农业大学	硕士	2022	5	465	原版阅读      CNKI AI阅读
812	基于系统药理学对于三黄联用（黄连，黄芩，黄柏）治疗非小细胞肺癌相关机制研究	张玉如	石河子大学	硕士	2022	1	242	原版阅读      CNKI AI阅读
813	《伤寒论》葛根芩连汤方证研究	刘莲萱	辽宁中医药大学	硕士	2022	3	886	原版阅读      CNKI AI阅读
814	基于Python语言的《普济方》治疗消渴用药规律研究	郭明佳	辽宁中医药大学	硕士	2022	1	329	原版阅读      CNKI AI阅读
815	基于数据挖掘探讨明清医家治疗痤疮的学术思想及用药经验	苏方方	辽宁中医药大学	硕士	2022	1	383	原版阅读      CNKI AI阅读
816	基于数据挖掘中医药治疗溃疡性结肠炎的现代文献用药规律及网络药理学研究	边煜东	辽宁中医药大学	硕士	2022	3	764	原版阅读      CNKI AI阅读
817	真双子叶植物分化早期基因组结构与功能演化研究	滕佳	华北理工大学	硕士	2022	1	215	原版阅读      CNKI AI阅读
818	基于数据挖掘的真实世界治疗溃疡性结肠炎的中医用药规律研究	吴雪华	河南中医药大学	硕士	2022		244	原版阅读      CNKI AI阅读
819	肥胖型2型糖尿病的中医证治规律研究	张亚菲	河南中医药大学	硕士	2022		223	原版阅读      CNKI AI阅读
820	超声激发具蜘蛛网效应的中药抗菌成分纳米复合物治疗中耳炎	苏玥	广东药科大学	硕士	2022		83	原版阅读      CNKI AI阅读
821	基于数据挖掘技术探讨徐立然教授治疗内伤发热的用药规律	采晓阳	河南中医药大学	硕士	2022	1	190	原版阅读      CNKI AI阅读
822	糖尿病肾病患者的中医证治规律研究	王晓静	河南中医药大学	硕士	2022	1	204	原版阅读      CNKI AI阅读
823	响应地黄连作障碍lncRNA-RgAGT2启动子的功能分析	王萌萌	河南农业大学	硕士	2022		264	原版阅读      CNKI AI阅读
824	六合汤类方的应用规律研究	刘舒悦	中国中医科学院	硕士	2022		185	原版阅读      CNKI AI阅读
825	黄连解毒丸治疗实热火毒证临床生物标志物的探索与筛选	罗珂珂	中国中医科学院	硕士	2022	4	356	原版阅读      CNKI AI阅读
826	基于SMILES结构的中药寒热药性随机森林算法建模及验证	林林	中国中医科学院	硕士	2022	2	328	原版阅读      CNKI AI阅读
827	AMPKα1线粒体定位对急性肾缺血/再灌注损伤铁死亡之作用以及黄连素干预机制	周青	南昌大学	博士	2022		104	原版阅读      CNKI AI阅读
828	肠源性信号分子调控阿尔茨海默病神经炎症及黄连解毒汤干预机制研究	顾欣如	中国中医科学院	博士	2022	7	1446	原版阅读      CNKI AI阅读
829	小分子诱导PD-L1二聚的机制研究及PD-L1小分子抑制剂筛选与设计	庄严	河南中医药大学	硕士	2022		73	原版阅读      CNKI AI阅读
830	基于数据挖掘的朱丹溪治疗脾胃病组方用药规律研究	胡文盈	河南中医药大学	硕士	2022	1	461	原版阅读      CNKI AI阅读
831	辛开苦降法治疗部分呼吸系统疾病的文献与临床研究	肖晓芳	江西中医药大学	硕士	2022	4	214	原版阅读      CNKI AI阅读
832	《温病条辨》中治疗湿热类温病方剂的性味配伍规律研究	孙帅玲	中国中医科学院	博士	2022	7	1246	原版阅读      CNKI AI阅读
833	基于数据挖掘技术探讨毛德西教授治疗心悸用药规律	潘海涛	河南中医药大学	硕士	2022	1	128	原版阅读      CNKI AI阅读
834	中医药治疗溃疡性结肠炎的用药规律及网络药理学分析	赵永华	河南中医药大学	硕士	2022		278	原版阅读      CNKI AI阅读
835	李鲜教授治疗腹泻型肠易激综合征的经验总结及网络药理学研究	张开波	河南中医药大学	硕士	2022		218	原版阅读      CNKI AI阅读
836	基于数据挖掘分析李鲜教授治疗胃食管反流病的用药规律	李英宵	河南中医药大学	硕士	2022		97	原版阅读      CNKI AI阅读
837	基于中医传承辅助平台分析牛学恩教授运用腹诊诊治心下痞用药经验	李倩倩	河南中医药大学	硕士	2022	2	105	原版阅读      CNKI AI阅读
838	孙新宇教授治疗糖尿病肾脏疾病组方规律及核心药物网络药理学研究	任宗浩	河南中医药大学	硕士	2022		101	原版阅读      CNKI AI阅读
839	“九味汤”抗类风湿关节炎的成分及作用机制研究	毛晨晨	大连理工大学	硕士	2022		345	原版阅读      CNKI AI阅读
840	以茶为生：一个土家族村落的生计方式研究	朱兴旺	吉首大学	硕士	2022		375	原版阅读      CNKI AI阅读
841	基于“脾胃升降协调论”探讨半夏调中颗粒治疗非糜烂性反流病的临床疗效及机制研究	刘凡	湖北中医药大学	博士	2022	4	413	原版阅读      CNKI AI阅读
842	三种诱变剂对黄连木诱变效应研究	李娟娟	河北农业大学	硕士	2022	2	345	原版阅读      CNKI AI阅读
843	黄连阿胶汤治疗心肾不交型脑小血管病致睡眠障碍的临床研究	黄博文	湖北中医药大学	硕士	2022	6	475	原版阅读      CNKI AI阅读
844	基于医案云平台中名医治疗慢性胃炎医案用药经验分析及总结	蔡进	湖北中医药大学	硕士	2022	1	432	原版阅读      CNKI AI阅读
845	黄连生地汤治疗阴虚火旺型失眠疗效观察	陈杰	湖北中医药大学	硕士	2022	5	371	原版阅读      CNKI AI阅读
846	基于数据挖掘的龚红卫教授治疗胃癌用药规律研究	刘雯	湖北中医药大学	硕士	2022	2	245	原版阅读      CNKI AI阅读
847	基于数据挖掘探讨中医药治疗溃疡性结肠炎用药规律	徐庆	湖北中医药大学	硕士	2022	5	614	原版阅读      CNKI AI阅读
848	黄连解毒汤在AD中的抗炎机制实验研究及其联合洗心汤治疗痰浊蒙窍型AD的临床研究	刘欣	湖北中医药大学	博士	2022	13	1138	原版阅读      CNKI AI阅读
849	基于“毒损脑络”病机探讨清热解毒法治疗阿尔茨海默病的临床及基础研究	王俊力	湖北中医药大学	博士	2022	18	1391	原版阅读      CNKI AI阅读
850	基于数据挖掘的中医药治疗慢性糜烂性胃炎用药规律研究	陈靖	湖北中医药大学	硕士	2022	1	517	原版阅读      CNKI AI阅读
	中文题名	作者	学位授予单位	数据库	学位授予年度	被引	下载	操作
851	消化性溃疡的中医辨证用药规律及相关因素分析	周晗颖	湖北中医药大学	硕士	2022	5	395	原版阅读      CNKI AI阅读
852	基于数据挖掘中药治疗胃癌前状态用药规律研究	茅婉愉	湖北中医药大学	硕士	2022	2	443	原版阅读      CNKI AI阅读
853	基于数据挖掘分析中医药治疗复发性口腔溃疡的辨证用药规律	吴帮伟	湖北中医药大学	硕士	2022	5	747	原版阅读      CNKI AI阅读
854	基于数据挖掘分析中医药治疗消化性溃疡的辨证用药规律	郑汇文	湖北中医药大学	硕士	2022	2	470	原版阅读      CNKI AI阅读
855	基于数据挖掘的肖万泽教授治疗2型糖尿病的用药规律研究	张元玮	湖北中医药大学	硕士	2022	3	275	原版阅读      CNKI AI阅读
856	基于数据挖掘技术探讨孙玉信教授治疗复发性口腔溃疡的临床经验总结	胡艳峰	河南中医药大学	硕士	2022	1	148	原版阅读      CNKI AI阅读
857	石柱县文旅产品开发策略与设计实践研究——艺术设计介入乡村振兴的实践	隆鑫	重庆工商大学	硕士	2022	4	553	原版阅读      CNKI AI阅读
858	黄连-干姜药对化学成分分析及其抗胃癌药效作用研究	傅敏	湖北中医药大学	硕士	2022	6	1043	原版阅读      CNKI AI阅读
859	叶广芩小说的女性书写研究	宋姝铃	湖南大学	硕士	2022		438	原版阅读      CNKI AI阅读
860	黄连阿胶汤加味方治疗心肾不交型失眠的临床观察	张天元	河南中医药大学	硕士	2022	4	290	原版阅读      CNKI AI阅读
861	中药活性成分环烯醚萜苷三氮唑衍生物的合成及其初步生物活性评价	杨彬	河南中医药大学	硕士	2022	1	249	原版阅读      CNKI AI阅读
862	严光俊教授寒热并用辨治胃脘痛用药规律研究	周春桃	湖北中医药大学	硕士	2022	1	236	原版阅读      CNKI AI阅读
863	针刺结合黄连温胆汤加减治疗痰热内扰型失眠的临床观察	鲁周汝	湖北中医药大学	硕士	2022	4	528	原版阅读      CNKI AI阅读
864	黄连抗肺腺癌药效物质基础及其作用机制研究	张莹	湖北中医药大学	硕士	2022	4	502	原版阅读      CNKI AI阅读
865	中药与沼液对两株三七根腐病原菌的抑制效果研究	贾正燕	云南师范大学	硕士	2022	7	430	原版阅读      CNKI AI阅读
866	中成药蛤蚧定喘丸的基原物种鉴定	景晓彤	广西中医药大学	硕士	2022		8	原版阅读      CNKI AI阅读
867	基于数据挖掘技术对毛德文教授治疗乙肝肝硬化的方药规律研究	曾胜澜	广西中医药大学	硕士	2022	8	409	原版阅读      CNKI AI阅读
868	壮药陈皮主要成分橙皮素药物共晶的制备、生物利用度及其抑制胃癌细胞SGC-7901的研究	罗佳静	广西中医药大学	硕士	2022		15	原版阅读      CNKI AI阅读
869	罗伟生教授运用柴芍六君子汤的临床经验总结	李炜	广西中医药大学	硕士	2022	1	260	原版阅读      CNKI AI阅读
870	《伤寒杂病论》脾胃病证治规律研究	周坤林	广西中医药大学	硕士	2022	6	1109	原版阅读      CNKI AI阅读
871	升降相因方剂配伍方法探析	饶响书	成都中医药大学	硕士	2022		129	原版阅读      CNKI AI阅读
872	《长沙古本伤寒杂病论》的数据挖掘研究	李欣运	成都中医药大学	硕士	2022		96	原版阅读      CNKI AI阅读
873	黄连碱抗新隐球菌活性及机制研究	刘淑蓉	深圳大学	硕士	2022		78	原版阅读      CNKI AI阅读
874	基于药代动力学和疾病节律的雷公藤及黄连的时辰药效研究	林静潘	暨南大学	硕士	2022		247	原版阅读      CNKI AI阅读
875	基于医案与上市中成药数据挖掘的泄泻病用药规律研究	程荟蓉	中国中医科学院	硕士	2022	5	233	原版阅读      CNKI AI阅读
876	基于方剂学理论框架和数据挖掘的温胆汤文献研究	邱海荣	成都中医药大学	博士	2022	2	348	原版阅读      CNKI AI阅读
877	半夏泻心汤基于NFκB/NLRP3-Caspase-1通路对小胶质细胞活化介导AD神经炎症的影响	郑明翠	北京中医药大学	博士	2022	7	1384	原版阅读      CNKI AI阅读
878	基于菌群-肠-脑轴探讨降糖3号方治疗糖尿病的作用机制	白颖	北京中医药大学	博士	2022		782	原版阅读      CNKI AI阅读
879	黄连人参对药及其有效成分氧化小檗碱抑制肝脏糖异生治疗2型糖尿病的机制研究	吴凡	华中科技大学	博士	2022		604	原版阅读      CNKI AI阅读
880	基于数据挖掘技术研究脏腑论治抽动障碍的学术传承与创新	路晨	北京中医药大学	博士	2022	4	1099	原版阅读      CNKI AI阅读
881	“心胆同治”法在中医药治疗冠心病的理论体系与临证用药总结及机制预测研究	吴琼	北京中医药大学	博士	2022	1	430	原版阅读      CNKI AI阅读
882	黄连素通过下调CCL2抑制非小细胞肺癌EGFR-TKIs耐药细胞株迁移的机制研究	廖书	南昌大学	博士	2022	4	765	原版阅读      CNKI AI阅读
883	从双歧杆菌到活泼瘤胃球菌对2型糖尿病预测和干预的初步研究	鱼馨文	中国人民解放军空军军医大学	博士	2022	1	463	原版阅读      CNKI AI阅读
884	黄连素促进恐惧记忆消退的作用及机制研究	黄诗豪	湖南师范大学	硕士	2022		4	原版阅读      CNKI AI阅读
885	岩黄连总碱对牙龈卟啉单胞菌抑菌作用的体外研究	叶文丽	广西医科大学	硕士	2022		131	原版阅读      CNKI AI阅读
886	岩黄连总碱通过Toll样受体2清除内化于巨噬细胞的牙龈卟啉单胞菌的研究	杨岚	广西医科大学	硕士	2022		33	原版阅读      CNKI AI阅读
887	基于肠道菌群和胆汁酸代谢探究岩黄连总生物碱的抗肝纤维化作用	蒙明薇	广西医科大学	硕士	2022		74	原版阅读      CNKI AI阅读
888	脱氢卡维丁对SD大鼠急性肝损伤以及脑部炎症的影响	李定桦	广西医科大学	硕士	2022		52	原版阅读      CNKI AI阅读
889	陈宝贵教授治疗反流性食管炎的临床经验总结及高频率证型的效方临床观察	叶蓝月	天津中医药大学	硕士	2022		49	原版阅读      CNKI AI阅读
890	温病四大家治疗不寐的用药规律研究	李天顺	广州中医药大学	硕士	2022		85	原版阅读      CNKI AI阅读
891	肠炎安片干预治疗脾虚湿热型UC的疗效分析及网络药理学机制研究	韦淑英	广州中医药大学	硕士	2022		46	原版阅读      CNKI AI阅读
892	克氏原螯虾适宜蛋糖比与淀粉源的筛选及黄连素的糖代谢调控作用	文创	南京农业大学	硕士	2022		48	原版阅读      CNKI AI阅读
893	黄连多糖对胃癌细胞抑制作用的蛋白质组学研究	汤玉婷	中南大学	硕士	2022	2	276	原版阅读      CNKI AI阅读
894	产小檗碱黄连内生真菌的分离及抑菌活性研究	杨慧	西南交通大学	硕士	2022		182	原版阅读      CNKI AI阅读
895	基于数据挖掘和网络药理学探讨米子良教授治疗慢性萎缩性胃炎的用药规律及其核心处方的作用机制	王亚男	内蒙古医科大学	硕士	2022		59	原版阅读      CNKI AI阅读
896	基于数据挖掘分析名中医米子良教授含角药半夏—黄连—太子参处方的配伍规律的研究	苏田锐	内蒙古医科大学	硕士	2022		78	原版阅读      CNKI AI阅读
897	基于中医辨证论治对血热肠燥证型肛裂术后黄连膏纱条换药疗效临床观察	安辰歧	内蒙古医科大学	硕士	2022	1	41	原版阅读      CNKI AI阅读
898	基于数据挖掘技术的田德禄教授治疗反流性食管炎临证经验研究	张轶斐	北京中医药大学	硕士	2022	1	224	原版阅读      CNKI AI阅读
899	基于弥散张量成像探究黄连温胆汤治疗慢性失眠痰热内扰证机制研究	王荟荧	北京中医药大学	硕士	2022	1	132	原版阅读      CNKI AI阅读
900	基于数据挖掘研究室性早搏的证治规律及黄连温胆汤的系统评价	邓艳萍	北京中医药大学	硕士	2022		128	原版阅读      CNKI AI阅读
	中文题名	作者	学位授予单位	数据库	学位授予年度	被引	下载	操作
901	魏玮教授治疗胃食管反流病的证治特点探讨及患者躯体化症状调查	崔玉容	北京中医药大学	硕士	2022	1	99	原版阅读      CNKI AI阅读
902	基于不同温度影响的黄连整体质量评价研究	王丹	北京中医药大学	硕士	2022	2	410	原版阅读      CNKI AI阅读
903	基于数据挖掘赵进喜治疗2型糖尿病周围神经病变辨证选方用药特色	王俊衡	北京中医药大学	硕士	2022		149	原版阅读      CNKI AI阅读
904	140例非糜烂性反流病患者中医证候特点分析及导师用药经验探讨	廖翊如	北京中医药大学	硕士	2022		84	原版阅读      CNKI AI阅读
905	基于混合方法的赵进喜辨证论治超重/肥胖2型糖尿病经验研究	阮智超	北京中医药大学	硕士	2022		247	原版阅读      CNKI AI阅读
906	基于数据挖掘的赵进喜治疗2型糖尿病伴失眠症经验总结	李家木	北京中医药大学	硕士	2022		220	原版阅读      CNKI AI阅读
907	黄丽娟治疗心悸病临床经验研究	孟袁	北京中医药大学	硕士	2022	1	112	原版阅读      CNKI AI阅读
908	从黄连下脚料中“酶解-超声”联合提取黄连素研究	钱茂升	河南科技大学	硕士	2022	2	331	原版阅读      CNKI AI阅读
909	黄连素通过下调miR27a治疗肥胖诱发胰岛素抵抗的作用研究	朱昱	吉林大学	硕士	2022	7	508	原版阅读      CNKI AI阅读
910	黄连总生物碱与三七总皂苷组合物药代动力学研究	牛津津	吉林大学	硕士	2022	1	1191	原版阅读      CNKI AI阅读
911	基于数据挖掘和网络药理学探究中药治疗2型糖尿病的用药规律和作用机制	罗桂文	广东工业大学	硕士	2022	2	659	原版阅读      CNKI AI阅读
912	黄连须多糖提取、纯化、结构解析及生物活性研究	田谷正男	湖北民族大学	硕士	2022	4	851	原版阅读      CNKI AI阅读
913	混合式教学应用于中职《中药鉴定技术》课程的案例研究——以三种根及根茎类药材为例	解子仪	西北师范大学	硕士	2022	2	298	原版阅读      CNKI AI阅读
914	黄连温胆汤加味联合氟哌噻吨美利曲辛片治疗胃食管反流病伴焦虑抑郁的疗效及对VIP影响的研究	刘飘	江西中医药大学	硕士	2022	1	161	原版阅读      CNKI AI阅读
915	盐酸黄连素油预防及治疗失禁相关性皮炎的效果研究	王会岭	云南中医药大学	硕士	2022	1	338	原版阅读      CNKI AI阅读
916	基于氧化应激及炎症探究黄芩黄连药对改善非酒精性脂肪性肝炎的作用机制	魏悦	江西中医药大学	硕士	2022	1	772	原版阅读      CNKI AI阅读
917	基于数据挖掘和网络药理学探讨何晓晖教授治疗慢性萎缩性胃炎核心药对的作用机制	柯梦楠	江西中医药大学	硕士	2022	1	456	原版阅读      CNKI AI阅读
918	基于数据挖掘和网络药理学探讨放射性肠炎灌肠方用药规律及机制	易思彬	江西中医药大学	硕士	2022	1	381	原版阅读      CNKI AI阅读
919	《景岳全书》情志病组方用药特点及证治规律的研究	卞挪挪	黑龙江中医药大学	硕士	2022	7	535	原版阅读      CNKI AI阅读
920	基于网络药理学探讨经典名方交泰丸配伍在糖尿病肾病中的应用	鲁全心	长春中医药大学	硕士	2022	3	305	原版阅读      CNKI AI阅读
921	黄连素通过上调自噬清除帕金森病线虫模型α-synuclein聚集及其分子机制的研究	石彩群	贵州医科大学	硕士	2022		444	原版阅读      CNKI AI阅读
922	基于高通量测序探究中药合剂对红色毛癣菌和须癣毛癣菌的抑菌作用	高璐	内蒙古医科大学	硕士	2022	3	366	原版阅读      CNKI AI阅读
923	基于数据挖掘分析黄柳向教授治疗胃脘痛方药证治规律	刘舒婷	湖南中医药大学	硕士	2022	1	134	原版阅读      CNKI AI阅读
924	基于数据挖掘技术探讨明清医家对溃疡性结肠炎的证治规律	姜文彦	湖南中医药大学	硕士	2022	1	331	原版阅读      CNKI AI阅读
925	基于三焦辨证体系的湿热疫证治框架研究	姜家旺	江西中医药大学	硕士	2022	3	456	原版阅读      CNKI AI阅读
926	基于数据挖掘探讨张小萍教授治疗胃癌术后的用药规律	迪丽胡玛尔·库来西（Dilhumar·Korax）	江西中医药大学	硕士	2022		116	原版阅读      CNKI AI阅读
927	基于“道术结合”挖掘何晓晖教授治疗慢性萎缩性胃炎的学术经验研究	揭智媛	江西中医药大学	硕士	2022	3	321	原版阅读      CNKI AI阅读
928	补土止泻法治疗腹泻型肠易激综合征的用药规律研究	王璐	江西中医药大学	硕士	2022		206	原版阅读      CNKI AI阅读
929	胡珂教授治疗口疮的临床经验总结	刘倩倩	江西中医药大学	硕士	2022		232	原版阅读      CNKI AI阅读
930	基于中医传承辅助平台探究王孟英痰病辨治规律	朱兆福	江西中医药大学	硕士	2022	1	312	原版阅读      CNKI AI阅读
931	清中理气汤加减治疗胆汁反流性胃炎（脾胃湿热证）的临床疗效观察	刘春燕	重庆医科大学	硕士	2022	3	181	原版阅读      CNKI AI阅读
932	大温脾丸加减方治疗肠易激综合征（寒热错杂型）的临床观察	赵洪婕	黑龙江中医药大学	硕士	2022	2	151	原版阅读      CNKI AI阅读
933	基于数据挖掘研究中药治疗围绝经期失眠的用药规律	王雪静	黑龙江中医药大学	硕士	2022	1	329	原版阅读      CNKI AI阅读
934	南征教授治疗消渴病经验的数据挖掘研究	白晓甜	长春中医药大学	硕士	2022	2	160	原版阅读      CNKI AI阅读
935	朴春丽教授治疗2型糖尿病合并代谢综合征临床经验探究	徐慧琛	长春中医药大学	硕士	2022	2	210	原版阅读      CNKI AI阅读
936	基于数据挖掘技术总结姜丽红教授治疗失眠的临床用药特点	任子君	长春中医药大学	硕士	2022	3	154	原版阅读      CNKI AI阅读
937	基于数据挖掘技术研究姜丽红教授治疗冠心病稳定型心绞痛的用药特点	姚明	长春中医药大学	硕士	2022		104	原版阅读      CNKI AI阅读
938	基于数据挖掘分析赵为民教授治疗失眠的用药规律	张程伟	长春中医药大学	硕士	2022	1	184	原版阅读      CNKI AI阅读
939	陈锐教授运用固肾解毒通络法治疗糖尿病肾脏疾病的用药规律分析及经验总结	孙阿茹	长春中医药大学	硕士	2022	2	196	原版阅读      CNKI AI阅读
940	基于数据挖掘探讨中药治疗糖尿病泌汗异常的用药规律	尹佳伟	天津中医药大学	硕士	2022	2	302	原版阅读      CNKI AI阅读
941	Hp胃炎患者中医证型分布特点与睡眠质量的关系及刘华一教授临证经验总结	班彦然	天津中医药大学	硕士	2022	3	272	原版阅读      CNKI AI阅读
942	球虫荧光定量PCR方法建立及中药抗羊球虫效果评价	李世杰	河南农业大学	硕士	2022	5	374	原版阅读      CNKI AI阅读
943	土壤微食物网对湿地植物种间竞争的影响研究	王一媚	东北师范大学	硕士	2022	1	507	原版阅读      CNKI AI阅读
944	姜黄素调控人鼻咽癌细胞CAMK1基因表达的抗肿瘤作用研究及基于网络药理学探讨中医药抗肿瘤作用机制	高瑞娇	南方医科大学	硕士	2022		264	原版阅读      CNKI AI阅读
945	黄连温胆汤合半夏秫米汤治疗冠心病PCI术后痰郁型焦虑状态的临床研究	窦帅	河北大学	硕士	2022	1	191	原版阅读      CNKI AI阅读
946	清肝宁心方治疗心肝火旺夹瘀型冠心病室早的临床疗效观察	杜旌	华北理工大学	硕士	2022		137	原版阅读      CNKI AI阅读
947	松香基高分子液相色谱柱分离岩黄连中生物碱及保留机理研究	张成	广西民族大学	硕士	2022	1	230	原版阅读      CNKI AI阅读
948	预防奶牛源大肠杆菌病的中草药复方筛选	邵明珠	河北科技师范学院	硕士	2022	1	239	原版阅读      CNKI AI阅读
949	TiO2-NTAs担载β-PbO2阳极活化PMS及阴阳极耦合降解抗生素废水	胡晓昕	大连理工大学	硕士	2022	3	223	原版阅读      CNKI AI阅读
950	TiO2分子印迹聚合物对盐酸黄连素特异性光催化降解	田浩	北京建筑大学	硕士	2022	2	268	原版阅读      CNKI AI阅读	中文题名	作者	学位授予单位	数据库	学位授予年度	被引	下载	操作
901	魏玮教授治疗胃食管反流病的证治特点探讨及患者躯体化症状调查	崔玉容	北京中医药大学	硕士	2022	1	99	原版阅读      CNKI AI阅读
902	基于不同温度影响的黄连整体质量评价研究	王丹	北京中医药大学	硕士	2022	2	410	原版阅读      CNKI AI阅读
903	基于数据挖掘赵进喜治疗2型糖尿病周围神经病变辨证选方用药特色	王俊衡	北京中医药大学	硕士	2022		149	原版阅读      CNKI AI阅读
904	140例非糜烂性反流病患者中医证候特点分析及导师用药经验探讨	廖翊如	北京中医药大学	硕士	2022		84	原版阅读      CNKI AI阅读
905	基于混合方法的赵进喜辨证论治超重/肥胖2型糖尿病经验研究	阮智超	北京中医药大学	硕士	2022		247	原版阅读      CNKI AI阅读
906	基于数据挖掘的赵进喜治疗2型糖尿病伴失眠症经验总结	李家木	北京中医药大学	硕士	2022		220	原版阅读      CNKI AI阅读
907	黄丽娟治疗心悸病临床经验研究	孟袁	北京中医药大学	硕士	2022	1	112	原版阅读      CNKI AI阅读
908	从黄连下脚料中“酶解-超声”联合提取黄连素研究	钱茂升	河南科技大学	硕士	2022	2	331	原版阅读      CNKI AI阅读
909	黄连素通过下调miR27a治疗肥胖诱发胰岛素抵抗的作用研究	朱昱	吉林大学	硕士	2022	7	508	原版阅读      CNKI AI阅读
910	黄连总生物碱与三七总皂苷组合物药代动力学研究	牛津津	吉林大学	硕士	2022	1	1191	原版阅读      CNKI AI阅读
911	基于数据挖掘和网络药理学探究中药治疗2型糖尿病的用药规律和作用机制	罗桂文	广东工业大学	硕士	2022	2	659	原版阅读      CNKI AI阅读
912	黄连须多糖提取、纯化、结构解析及生物活性研究	田谷正男	湖北民族大学	硕士	2022	4	851	原版阅读      CNKI AI阅读
913	混合式教学应用于中职《中药鉴定技术》课程的案例研究——以三种根及根茎类药材为例	解子仪	西北师范大学	硕士	2022	2	298	原版阅读      CNKI AI阅读
914	黄连温胆汤加味联合氟哌噻吨美利曲辛片治疗胃食管反流病伴焦虑抑郁的疗效及对VIP影响的研究	刘飘	江西中医药大学	硕士	2022	1	161	原版阅读      CNKI AI阅读
915	盐酸黄连素油预防及治疗失禁相关性皮炎的效果研究	王会岭	云南中医药大学	硕士	2022	1	338	原版阅读      CNKI AI阅读
916	基于氧化应激及炎症探究黄芩黄连药对改善非酒精性脂肪性肝炎的作用机制	魏悦	江西中医药大学	硕士	2022	1	772	原版阅读      CNKI AI阅读
917	基于数据挖掘和网络药理学探讨何晓晖教授治疗慢性萎缩性胃炎核心药对的作用机制	柯梦楠	江西中医药大学	硕士	2022	1	456	原版阅读      CNKI AI阅读
918	基于数据挖掘和网络药理学探讨放射性肠炎灌肠方用药规律及机制	易思彬	江西中医药大学	硕士	2022	1	381	原版阅读      CNKI AI阅读
919	《景岳全书》情志病组方用药特点及证治规律的研究	卞挪挪	黑龙江中医药大学	硕士	2022	7	535	原版阅读      CNKI AI阅读
920	基于网络药理学探讨经典名方交泰丸配伍在糖尿病肾病中的应用	鲁全心	长春中医药大学	硕士	2022	3	305	原版阅读      CNKI AI阅读
921	黄连素通过上调自噬清除帕金森病线虫模型α-synuclein聚集及其分子机制的研究	石彩群	贵州医科大学	硕士	2022		444	原版阅读      CNKI AI阅读
922	基于高通量测序探究中药合剂对红色毛癣菌和须癣毛癣菌的抑菌作用	高璐	内蒙古医科大学	硕士	2022	3	366	原版阅读      CNKI AI阅读
923	基于数据挖掘分析黄柳向教授治疗胃脘痛方药证治规律	刘舒婷	湖南中医药大学	硕士	2022	1	134	原版阅读      CNKI AI阅读
924	基于数据挖掘技术探讨明清医家对溃疡性结肠炎的证治规律	姜文彦	湖南中医药大学	硕士	2022	1	331	原版阅读      CNKI AI阅读
925	基于三焦辨证体系的湿热疫证治框架研究	姜家旺	江西中医药大学	硕士	2022	3	456	原版阅读      CNKI AI阅读
926	基于数据挖掘探讨张小萍教授治疗胃癌术后的用药规律	迪丽胡玛尔·库来西（Dilhumar·Korax）	江西中医药大学	硕士	2022		116	原版阅读      CNKI AI阅读
927	基于“道术结合”挖掘何晓晖教授治疗慢性萎缩性胃炎的学术经验研究	揭智媛	江西中医药大学	硕士	2022	3	321	原版阅读      CNKI AI阅读
928	补土止泻法治疗腹泻型肠易激综合征的用药规律研究	王璐	江西中医药大学	硕士	2022		206	原版阅读      CNKI AI阅读
929	胡珂教授治疗口疮的临床经验总结	刘倩倩	江西中医药大学	硕士	2022		232	原版阅读      CNKI AI阅读
930	基于中医传承辅助平台探究王孟英痰病辨治规律	朱兆福	江西中医药大学	硕士	2022	1	312	原版阅读      CNKI AI阅读
931	清中理气汤加减治疗胆汁反流性胃炎（脾胃湿热证）的临床疗效观察	刘春燕	重庆医科大学	硕士	2022	3	181	原版阅读      CNKI AI阅读
932	大温脾丸加减方治疗肠易激综合征（寒热错杂型）的临床观察	赵洪婕	黑龙江中医药大学	硕士	2022	2	151	原版阅读      CNKI AI阅读
933	基于数据挖掘研究中药治疗围绝经期失眠的用药规律	王雪静	黑龙江中医药大学	硕士	2022	1	329	原版阅读      CNKI AI阅读
934	南征教授治疗消渴病经验的数据挖掘研究	白晓甜	长春中医药大学	硕士	2022	2	160	原版阅读      CNKI AI阅读
935	朴春丽教授治疗2型糖尿病合并代谢综合征临床经验探究	徐慧琛	长春中医药大学	硕士	2022	2	210	原版阅读      CNKI AI阅读
936	基于数据挖掘技术总结姜丽红教授治疗失眠的临床用药特点	任子君	长春中医药大学	硕士	2022	3	154	原版阅读      CNKI AI阅读
937	基于数据挖掘技术研究姜丽红教授治疗冠心病稳定型心绞痛的用药特点	姚明	长春中医药大学	硕士	2022		104	原版阅读      CNKI AI阅读
938	基于数据挖掘分析赵为民教授治疗失眠的用药规律	张程伟	长春中医药大学	硕士	2022	1	184	原版阅读      CNKI AI阅读
939	陈锐教授运用固肾解毒通络法治疗糖尿病肾脏疾病的用药规律分析及经验总结	孙阿茹	长春中医药大学	硕士	2022	2	196	原版阅读      CNKI AI阅读
940	基于数据挖掘探讨中药治疗糖尿病泌汗异常的用药规律	尹佳伟	天津中医药大学	硕士	2022	2	302	原版阅读      CNKI AI阅读
941	Hp胃炎患者中医证型分布特点与睡眠质量的关系及刘华一教授临证经验总结	班彦然	天津中医药大学	硕士	2022	3	272	原版阅读      CNKI AI阅读
942	球虫荧光定量PCR方法建立及中药抗羊球虫效果评价	李世杰	河南农业大学	硕士	2022	5	374	原版阅读      CNKI AI阅读
943	土壤微食物网对湿地植物种间竞争的影响研究	王一媚	东北师范大学	硕士	2022	1	507	原版阅读      CNKI AI阅读
944	姜黄素调控人鼻咽癌细胞CAMK1基因表达的抗肿瘤作用研究及基于网络药理学探讨中医药抗肿瘤作用机制	高瑞娇	南方医科大学	硕士	2022		264	原版阅读      CNKI AI阅读
945	黄连温胆汤合半夏秫米汤治疗冠心病PCI术后痰郁型焦虑状态的临床研究	窦帅	河北大学	硕士	2022	1	191	原版阅读      CNKI AI阅读
946	清肝宁心方治疗心肝火旺夹瘀型冠心病室早的临床疗效观察	杜旌	华北理工大学	硕士	2022		137	原版阅读      CNKI AI阅读
947	松香基高分子液相色谱柱分离岩黄连中生物碱及保留机理研究	张成	广西民族大学	硕士	2022	1	230	原版阅读      CNKI AI阅读
948	预防奶牛源大肠杆菌病的中草药复方筛选	邵明珠	河北科技师范学院	硕士	2022	1	239	原版阅读      CNKI AI阅读
949	TiO2-NTAs担载β-PbO2阳极活化PMS及阴阳极耦合降解抗生素废水	胡晓昕	大连理工大学	硕士	2022	3	223	原版阅读      CNKI AI阅读
950	TiO2分子印迹聚合物对盐酸黄连素特异性光催化降解	田浩	北京建筑大学	硕士	2022	2	268	原版阅读      CNKI AI阅读
	中文题名	作者	学位授予单位	数据库	学位授予年度	被引	下载	操作
951	黄连生物碱对非酒精性脂肪性肝炎作用及机制研究	杨茂春	西南大学	硕士	2022		83	原版阅读      CNKI AI阅读
952	表小檗碱的全合成及其抗幽门螺杆菌的作用研究	谢欣睿	西南大学	硕士	2022		45	原版阅读      CNKI AI阅读
953	黄连生物碱与DNA G-四链体的作用及其纳米胶束体外抗肿瘤活性的初步研究	曹洪益	西南大学	硕士	2022	3	333	原版阅读      CNKI AI阅读
954	田黄方对肾脏纤维化的保护作用及机制研究	乔硚	广东药科大学	硕士	2022		75	原版阅读      CNKI AI阅读
955	表小檗碱对非酒精性脂肪肝炎的改善作用及其机制研究	周黎明	西南大学	硕士	2022		52	原版阅读      CNKI AI阅读
956	黄芩—黄连分、合煎抗溃疡性结肠炎药效比较及制剂初步研究	刘丹	西南大学	硕士	2022		42	原版阅读      CNKI AI阅读
957	香连胶囊制备工艺优化及其抗幽门螺杆菌作用研究	王铮	西南大学	硕士	2022		60	原版阅读      CNKI AI阅读
958	构巢曲霉几丁质脱乙酰酶抑制剂的筛选研究	刘耀东	江苏海洋大学	硕士	2022		193	原版阅读      CNKI AI阅读
959	药根碱合成工艺优化及其改善非酒精性脂肪肝炎的研究	安麟京	西南大学	硕士	2022		32	原版阅读      CNKI AI阅读
960	黄连碱靶向E2F7抗肝癌活性及机制研究	许敏敏	西南大学	硕士	2022		21	原版阅读      CNKI AI阅读
961	基于网络药理学和肠道菌群及肠道代谢物探究葛根芩连汤治疗溃疡性结肠炎的机制	吴千鑫	暨南大学	硕士	2022		39	原版阅读      CNKI AI阅读
962	云南龙陵与腾冲傈僳族三弦舞的形态与发展比较研究——以黄连河村与自治村为例	成瑶	北京舞蹈学院	硕士	2022		408	原版阅读      CNKI AI阅读
963	黄连碱通过促进IGF2BP1泛素化抑制肝细胞癌增殖和转移的机制研究	范金花	西南大学	博士	2022	10	1484	原版阅读      CNKI AI阅读
964	黄连素唑类新抗菌化合物的设计合成及活性研究	孙航	西南大学	博士	2022		117	原版阅读      CNKI AI阅读
965	中药网络药理学分析平台的构建及其在中药替代资源寻找中的应用	李先海	成都中医药大学	硕士	2022		129	原版阅读      CNKI AI阅读
966	黄连温胆汤加减预防阵发性房颤射频消融术后（痰火扰心证）再复发的临床观察	蔡雪林	成都中医药大学	硕士	2022	1	103	原版阅读      CNKI AI阅读
967	黄连素衍生物B125的减肥作用和机制研究	冯彦红	厦门大学	硕士	2022		54	原版阅读      CNKI AI阅读
968	藏药复方对羊源大肠杆菌和沙门氏菌感染小鼠治疗效果研究	张朝龙	云南农业大学	硕士	2022	1	193	原版阅读      CNKI AI阅读
969	葛根-黄连药对及其有效成分抗2型糖尿病肾病活性及作用机制研究	唐曼曼	辽宁大学	硕士	2022	3	758	原版阅读      CNKI AI阅读
970	张效科教授辨治2型糖尿病经验总结	李建朋	陕西中医药大学	硕士	2022	2	173	原版阅读      CNKI AI阅读
971	基于数据挖掘的张效科教授治疗糖尿病周围神经病变用药规律	冯瑞梅	陕西中医药大学	硕士	2022	2	247	原版阅读      CNKI AI阅读
972	砷超富集植物蜈蚣草的解剖结构与组织化学特征	李腾	长江大学	硕士	2022		195	原版阅读      CNKI AI阅读
973	基于《中华医典》和现代医案挖掘不同时期治疗消渴病的用药规律	王兴欣	中央民族大学	硕士	2022	3	485	原版阅读      CNKI AI阅读
974	基于多维挖掘及5-HT4R/TAS2R38探讨半夏泻心汤对胃肠动力调节作用研究	阮兴秋	南京中医药大学	博士	2022		164	原版阅读      CNKI AI阅读
975	黄芩—黄连药对及主要活性成分对AhR-CYP1A轴的调控研究	宋蒙蒙	南京中医药大学	硕士	2022	2	571	原版阅读      CNKI AI阅读
976	中药提取液喷雾干燥过程中的多组分径向相分离现象及其调控	韩星星	南京中医药大学	硕士	2022	1	427	原版阅读      CNKI AI阅读
977	《本草纲目》中唐宋时期外来药的特性与应用研究	王一竹	南京中医药大学	硕士	2022	5	804	原版阅读      CNKI AI阅读
978	黄连荷叶汤治疗肥胖型2型糖尿病湿热中阻证的临床观察	韩晓梅	南京中医药大学	硕士	2022	4	360	原版阅读      CNKI AI阅读
979	黄连益肾汤对瘀毒内阻型1型心肾综合征患者NLRP3、IL-6、STAT3的影响	徐嘉欣	南京中医药大学	硕士	2022	1	88	原版阅读      CNKI AI阅读
980	基于数据挖掘及网络药理学探究李佃贵教授治疗结肠腺瘤的用药规律及作用机制	崔泽华	河北中医学院	硕士	2022		32	原版阅读      CNKI AI阅读
981	李佃贵教授治疗溃疡性结肠炎用药规律及作用机制研究——基于数据挖掘和网络药理学	李泽	河北中医学院	硕士	2022		65	原版阅读      CNKI AI阅读
982	仙鹤草-黄连药对干预结直肠炎癌转化的作用与机制研究	彭丽蓉	南京中医药大学	硕士	2022	7	910	原版阅读      CNKI AI阅读
983	黄连益肾汤对瘀毒内阻型脓毒症急性肾损伤患者NLRP3、caspase-1、IL-18的影响	程月琪	南京中医药大学	硕士	2022	4	347	原版阅读      CNKI AI阅读
984	周仲瑛教授“痰病多怪”病机学术思想及辨治脂肪肝经验研究	吴婉琳	南京中医药大学	硕士	2022	7	815	原版阅读      CNKI AI阅读
985	基于数据挖掘探讨史锁芳教授运用乌梅丸的临床经验	胡念芬	南京中医药大学	硕士	2022	1	253	原版阅读      CNKI AI阅读
986	半夏-黄连药对调控肠L细胞甜味受体信号通路改善GLP-1分泌的研究	杨海梅	南京中医药大学	硕士	2022	9	517	原版阅读      CNKI AI阅读
987	黄芩—黄连药对调控胰腺β细胞甜味受体信号通路改善胰岛素分泌的研究	李杰	南京中医药大学	硕士	2022	3	432	原版阅读      CNKI AI阅读
988	“痰瘀同治”对糖尿病大鼠心肌氧化应激反应的作用研究	李飞翔	安徽中医药大学	硕士	2022	2	111	原版阅读      CNKI AI阅读
989	周仲瑛教授“湿性缠绵”病机学术思想及辨治泄泻经验研究	黄栋芳	南京中医药大学	硕士	2022	12	666	原版阅读      CNKI AI阅读
990	基于数据挖掘和网络药理学探讨中医药治疗Hp感染慢性胃炎的用药规律及作用机制分析	周莉	南方医科大学	硕士	2022	3	354	原版阅读      CNKI AI阅读
991	药根碱对实验性小鼠结肠炎的治疗作用及机制研究	张佳玲	南京医科大学	博士	2022		41	原版阅读      CNKI AI阅读
992	基于PI3K/AKT及Wnt/β-catenin双通路探讨左金丸抗肝细胞癌作用机制	张栋	长春中医药大学	博士	2022	2	628	原版阅读      CNKI AI阅读
993	张仲景脾胃分治理论的研究	林武红	湖南中医药大学	博士	2022	19	1373	原版阅读      CNKI AI阅读
994	基于肠道菌群探讨黄连吴茱萸配伍对非酒精性脂肪肝病的治疗机制	代雨凡	成都中医药大学	硕士	2022		146	原版阅读      CNKI AI阅读
995	黄连温胆汤化裁联合利司那肽注射液治疗肥胖型2型糖尿病（痰热壅脾型）的临床观察	肖雅匀	成都中医药大学	硕士	2022	2	113	原版阅读      CNKI AI阅读
996	黄连素对溃疡性结肠炎相关结直肠癌的预防作用研究	张志兴	厦门大学	硕士	2022		99	原版阅读      CNKI AI阅读
997	黄连汤对应激性溃疡小鼠肠道菌群失衡的调节机制研究	张琪	厦门大学	硕士	2022	1	58	原版阅读      CNKI AI阅读
998	白细胞介素-7对结核分枝杆菌抗原持续刺激致骨髓造血功能异常的作用研究	马岩林	兰州大学	硕士	2022	2	201	原版阅读      CNKI AI阅读
999	黄连酊湿敷对气滞血瘀型Pilon骨折术前并发张力性水泡的干预研究	张亚楠	甘肃中医药大学	硕士	2022		317	原版阅读      CNKI AI阅读
1000	大黄黄连泻心汤对T2DM模型INS-1细胞自噬的影响机制	岑曦	甘肃中医药大学	硕士	2022	5	424	原版阅读      CNKI AI阅读
	中文题名	作者	学位授予单位	数据库	学位授予年度	被引	下载	操作
1001	黄连—吴茱萸配伍抗肿瘤的作用机制研究	马晓彤	长春中医药大学	硕士	2022	2	294	原版阅读      CNKI AI阅读
1002	经典名方半夏泻心汤的物质基准研究	高英鑫	长春中医药大学	硕士	2022	3	1390	原版阅读      CNKI AI阅读
1003	当归六黄汤合煎与单煎质量表征及其抗阴虚甲亢作用研究	闫妍	长春中医药大学	硕士	2022	6	446	原版阅读      CNKI AI阅读
1004	黄连素对CVB3的抗病毒作用及机制的初步探讨	刘一丹	河北医科大学	硕士	2022	1	186	原版阅读      CNKI AI阅读
1005	复方黄连膏治疗斑块型银屑病的临床观察及动物实验研究	牛凡琪	甘肃中医药大学	硕士	2022	5	365	原版阅读      CNKI AI阅读
1006	干姜黄芩黄连人参汤治疗糖尿病前期胃热脾寒证的临床研究	张弦	甘肃中医药大学	硕士	2022	4	315	原版阅读      CNKI AI阅读
1007	小陷胸汤加减方治疗胸痹心痛病的理论研究与临床应用	张丽	新疆医科大学	硕士	2022	3	247	原版阅读      CNKI AI阅读
1008	国医大师徐经世辨治恶性肿瘤的特点与经验	聂文文	安徽中医药大学	硕士	2022	4	262	原版阅读      CNKI AI阅读
1009	湿热内蕴型Wilson病患者临床特征及组方用药规律的回顾性分析	周敏	安徽中医药大学	硕士	2022	1	93	原版阅读      CNKI AI阅读
1010	广枣等4种中药废弃物综合利用探索性研究	朱童	安徽中医药大学	硕士	2022	1	260	原版阅读      CNKI AI阅读
1011	基于数据挖掘和网络药理学探究《临证指南医案》湿热病证用药规律	孙凡雅	辽宁中医药大学	硕士	2022	2	254	原版阅读      CNKI AI阅读
1012	基于数据挖掘探讨王垂杰教授治疗胆汁反流性胃炎用药规律	张宏瑞	辽宁中医药大学	硕士	2022		86	原版阅读      CNKI AI阅读
1013	黄连素抑制沙眼衣原体感染及其机制初步探讨	徐青青	安徽医科大学	硕士	2022		188	原版阅读      CNKI AI阅读
1014	中草药对肠道菌群的影响及对T2DM小鼠肠道菌群和糖代谢的影响	杨欢	大连医科大学	硕士	2022	4	764	原版阅读      CNKI AI阅读
1015	黄连素对腺嘌呤所致肾衰小鼠肾脏功能和肠道菌群的影响	李昭	中国医科大学	硕士	2022		273	原版阅读      CNKI AI阅读
1016	体内外成分联合多组学分析研究消渴饮水组分复方的抗糖尿病物质基础及机制	项志南	华中科技大学	博士	2022	3	703	原版阅读      CNKI AI阅读
1017	基于网络药理学的黄连素抗卵巢早衰的分子机制研究	吴雪	锦州医科大学	硕士	2022		145	原版阅读      CNKI AI阅读
1018	池塘养殖系统的青苔基础生态学特征及防控方法研究	唐永涛	上海海洋大学	博士	2021	2	500	原版阅读      CNKI AI阅读
1019	云南石林风景区石漠化区域恢复植被的植物多样性及植物景观特征研究	李坤	北京林业大学	博士	2021		162	原版阅读      CNKI AI阅读
1020	不同种源黄连木生物学特性及染色体核型分析	许泽楠	河北农业大学	硕士	2021	2	156	原版阅读      CNKI AI阅读
1021	香莲2号方治疗足癣的疗效观察及对足癣致病菌的实验研究	贺爱娟	广州中医药大学	博士	2021	5	541	原版阅读      CNKI AI阅读
1022	《医方集解》在方剂学理论构建中的作用及地位	赵黎	北京中医药大学	博士	2021	4	639	原版阅读      CNKI AI阅读
1023	基于知识图谱技术的黄连治疗皮肤病应用分析	罗小丽	广州中医药大学	硕士	2021	1	492	原版阅读      CNKI AI阅读
1024	致奶牛乳房炎金黄色葡萄球菌敏感中药有效成分筛选及应用研究	张楠	河北工程大学	硕士	2021	11	830	原版阅读      CNKI AI阅读
1025	基于大肠杆菌β-内酰胺类药物耐药消除机制的中药组方研究	王芝超	河北工程大学	硕士	2021	9	556	原版阅读      CNKI AI阅读
1026	寒温并用法辨治马来西亚脾虚胃热型代谢综合征临床观察	陈明豪（Chin Ming Haur）	广州中医药大学	硕士	2021	1	216	原版阅读      CNKI AI阅读
1027	黄连碱抗幽门螺杆菌活性及其机制研究	刘妍	西南大学	硕士	2021		279	原版阅读      CNKI AI阅读
1028	基于数据挖掘的国医大师应用清热类药物的剂量及相关研究	郑植彬	湖北中医药大学	博士	2021	10	901	原版阅读      CNKI AI阅读
1029	白头翁汤及主要成分抗溃疡性结肠炎的作用和机制研究	韩倩	华南理工大学	硕士	2021	2	565	原版阅读      CNKI AI阅读
1030	黄连素对代谢综合征颈动脉狭窄大鼠模型干预评估	张建军	天津医科大学	博士	2021	1	77	原版阅读      CNKI AI阅读
1031	天然紫外线吸收剂与其环糊精包合物结构及性能研究	刘瑾姝	西北工业大学	博士	2021		106	原版阅读      CNKI AI阅读
1032	金属氧化物催化电极的制备及其光催化/微生物燃料电池水处理性能研究	张艺臻	大连理工大学	博士	2021	1	943	原版阅读      CNKI AI阅读
1033	《神农本草经》训诂史研究	杨舒佳	北京中医药大学	博士	2021	19	2312	原版阅读      CNKI AI阅读
1034	黄连温胆汤加青礞石治疗痰火扰心型室性期前收缩的临床观察	张利博	黑龙江省中医药科学院	硕士	2021	5	233	原版阅读      CNKI AI阅读
1035	抗牛传染性鼻气管炎病毒中草药的筛选	付祥	河北科技师范学院	硕士	2021	2	435	原版阅读      CNKI AI阅读
1036	民国（1912-1949）沪上名中医诊治脾胃病证经验及学术思想研究	徐春巍	上海中医药大学	博士	2021		189	原版阅读      CNKI AI阅读
1037	黄连温胆汤合柴胡疏肝散治疗肝郁湿阻型非酒精性脂肪性肝炎的临床研究	周丽娜	上海中医药大学	硕士	2021	1	204	原版阅读      CNKI AI阅读
1038	中医外治法治疗眩晕取穴用药规律研究与系统评价	鞠静	山东中医药大学	博士	2021	13	2470	原版阅读      CNKI AI阅读
1039	黄连活性成分小檗碱抗胰腺癌及其分子靶标研究	刘一凡	上海中医药大学	硕士	2021		122	原版阅读      CNKI AI阅读
1040	张仲景与李东垣运用黄连的配伍规律研究	任玄	山东中医药大学	硕士	2021		368	原版阅读      CNKI AI阅读
1041	国医大师张志远先生治疗神志病临证经验研究	王玉凤	山东中医药大学	硕士	2021	8	784	原版阅读      CNKI AI阅读
1042	基于古籍医家的痢疾源流探析	左黎黎	中国中医科学院	博士	2021	34	1999	原版阅读      CNKI AI阅读
1043	基于温病湿热理论的代谢综合征相关性研究	王晓翠	山东中医药大学	博士	2021	14	1449	原版阅读      CNKI AI阅读
1044	东垣补气升阳法及其临床应用研究	徐鹏	中国中医科学院	硕士	2021	18	908	原版阅读      CNKI AI阅读
1045	张仲景与陈延之学术思想比较研究	李明	山东中医药大学	博士	2021	5	715	原版阅读      CNKI AI阅读
1046	加味黄连温胆汤联合优思明治疗痰湿肥胖型PCOS患者的临床疗效观察	徐玉凤	山东中医药大学	硕士	2021	3	280	原版阅读      CNKI AI阅读
1047	基于网络药理学探讨黄连解毒汤治疗高血压病肝火亢盛证的临床研究及作用机制	杨长睿	山东中医药大学	硕士	2021	3	615	原版阅读      CNKI AI阅读
1048	半夏佐平汤治疗脾胃湿热型Hp相关性慢性非萎缩性胃炎的临床疗效观察	杨紫文	山东中医药大学	硕士	2021	3	296	原版阅读      CNKI AI阅读
1049	黄连阿胶汤对老年冠心病室性早搏阴虚火旺证患者动态血压作用的研究	柳玉瑛	山东中医药大学	硕士	2021	6	233	原版阅读      CNKI AI阅读
1050	基于中医传承辅助平台研究吉中强教授治疗心系疾病的用药规律	吴雪菡	山东中医药大学	硕士	2021		275	原版阅读      CNKI AI阅读
	中文题名	作者	学位授予单位	数据库	学位授予年度	被引	下载	操作
1051	辛开苦降法理论及应用研究	禚昌红	山东中医药大学	博士	2021	11	1162	原版阅读      CNKI AI阅读
1052	黄连除湿汤加减内服联合硝矾散坐浴防治湿热下注型痔术后肛门肿痛的临床观察	王兴垒	山东中医药大学	硕士	2021	2	136	原版阅读      CNKI AI阅读
1053	林慧娟教授辨治室性早搏临床用药规律数据挖掘及网络药理学研究	吕佳誉	山东中医药大学	硕士	2021		454	原版阅读      CNKI AI阅读
1054	迟华基教授治疗脾胃病的学术思想与临床经验总结	李梦珠	山东中医药大学	硕士	2021	5	624	原版阅读      CNKI AI阅读
1055	黄连木秋季叶片花青苷生物合成机理研究	宋协海	北京林业大学	博士	2021	1	560	原版阅读      CNKI AI阅读
1056	抗菌防霉吸附甲醛多功能黏胶纤维的制备和性能研究	阎冰	青岛大学	硕士	2021	1	373	原版阅读      CNKI AI阅读
1057	药用植物多农残重金属的大样本检测及综合风险评估	骆璐	中国中医科学院	博士	2021	43	3838	原版阅读      CNKI AI阅读
1058	黄连-半夏对糖尿病认知障碍动物的改善作用	陈晶	哈尔滨商业大学	硕士	2021		86	原版阅读      CNKI AI阅读
1059	泻火毒法对脑梗塞急性期胃肠功能障碍的影响	赵素君	山东中医药大学	硕士	2021	3	218	原版阅读      CNKI AI阅读
1060	丹灯通脑胶囊的功效语义表征及其抗缺血性脑中风的机制研究	张丰荣	山东中医药大学	硕士	2021	2	494	原版阅读      CNKI AI阅读
1061	半夏泻心汤治疗2型糖尿病寒热错杂证疗效观察及GLP-1相关机制探讨	谈钰濛	中国中医科学院	博士	2021	17	1863	原版阅读      CNKI AI阅读
1062	核壳型CoFe2O4/CoFe2S4催化剂的非均相类Fenton催化性能研究	赵缘园	大连理工大学	硕士	2021	2	512	原版阅读      CNKI AI阅读
1063	基于肝癌相关证候明清医案的证素分布及用药规律研究	刘爽	中国中医科学院	硕士	2021	4	469	原版阅读      CNKI AI阅读
1064	全国名老中医治疗慢性萎缩性胃炎证治规律研究	王佳琦	河南中医药大学	硕士	2021	2	678	原版阅读      CNKI AI阅读
1065	渝东南民俗文化在乡村景观营建中的应用研究	余珺涵	重庆交通大学	硕士	2021	7	375	原版阅读      CNKI AI阅读
1066	基于数据挖掘的王凤云教授辨治胃食管反流病临床经验研究	张坤漓	中国中医科学院	硕士	2021	7	487	原版阅读      CNKI AI阅读
1067	黄连逐瘀汤治疗痰瘀互结型代谢综合征的临床观察	付锦澜	山西中医药大学	硕士	2021	5	425	原版阅读      CNKI AI阅读
1068	加味黄连汤治疗小儿功能性消化不良（寒热错杂型）的临床疗效观察	陈梅	山西中医药大学	硕士	2021	7	348	原版阅读      CNKI AI阅读
1069	基于数据挖掘门九章运用半夏泻心汤临证经验研究	赵鑫	山西中医药大学	硕士	2021	1	526	原版阅读      CNKI AI阅读
1070	基于数据挖掘失眠处方用药规律的研究	李晓东	山西中医药大学	硕士	2021	7	1421	原版阅读      CNKI AI阅读
1071	基于数据挖掘的任顺平教授治疗餐后不适综合征的用药规律研究	刘岩波	山西中医药大学	硕士	2021	2	241	原版阅读      CNKI AI阅读
1072	基于数据挖掘的陈四清诊治肝硬化失代偿期的经验研究	黄柏学	南京中医药大学	硕士	2021	1	269	原版阅读      CNKI AI阅读
1073	基于古今文献的乌梅丸方证研究	郑月平	中国中医科学院	硕士	2021	8	1106	原版阅读      CNKI AI阅读
1074	山东省养殖动物和水源大肠杆菌mcr-1基因的流行特征及传播机理	王新兴	山东农业大学	博士	2021		27	原版阅读      CNKI AI阅读
1075	基于《伤寒杂病论》方剂的组方思维模式研究	曹畅	天津中医药大学	博士	2021		13	原版阅读      CNKI AI阅读
1076	GLI1调控肿瘤干细胞特性在化疗后卵巢癌复发和转移中作用及机制研究	赵雅蔚	吉林大学	博士	2021		670	原版阅读      CNKI AI阅读
1077	解毒益智方对阿尔茨海默病双转基因小鼠行为学及大脑皮层内β-淀粉样蛋白沉积及BACE1表达影响的研究	朱晓婷	长春中医药大学	博士	2021	10	1516	原版阅读      CNKI AI阅读
1078	葛根芩连汤干预大肠埃希菌耐药性的作用机制研究	王佳佳	长春中医药大学	博士	2021	5	687	原版阅读      CNKI AI阅读
1079	从AMPK-HIF1-PKM2信号通路探讨代谢综合征痰证大鼠的生物学基础	魏佳	福建中医药大学	博士	2021	9	1232	原版阅读      CNKI AI阅读
1080	基于扶正祛邪理论的中医药治疗幽门螺杆菌感染相关疾病的证治规律研究	易惺钱	江西中医药大学	博士	2021	13	1223	原版阅读      CNKI AI阅读
1081	小檗碱在心脏外科术后早期预防新发房颤的作用及机制研究	王洋	辽宁中医药大学	博士	2021	6	336	原版阅读      CNKI AI阅读
1082	基于PI3K-Akt-FoxO1通路探讨泻火固正法改善2型糖尿病β细胞去分化的作用及机制	曹泽标	广州中医药大学	博士	2021	6	1232	原版阅读      CNKI AI阅读
1083	奶牛瘤胃细菌脲酶结构蛋白的分子特征及其活性抑制机制	贺越	中国农业科学院	硕士	2021		36	原版阅读      CNKI AI阅读
1084	基于叶绿体基因组数据的珍珠菜属（报春花科）的系统发育重建	林蔚	华南农业大学	硕士	2021		29	原版阅读      CNKI AI阅读
1085	基于数理统计和网络药理学的当归六黄汤物质基础研究	薛倍倍	天津中医药大学	硕士	2021		85	原版阅读      CNKI AI阅读
1086	一种渔用抗菌中草药复合制剂的研发与在牙鲆养殖中应用效果研究	原永珠	河北科技师范学院	硕士	2021		72	原版阅读      CNKI AI阅读
1087	针刺四神聪穴合黄连阿胶汤治疗心肾不交证失眠的临床疗效观察	赵欣宇	湖南中医药大学	硕士	2021		83	原版阅读      CNKI AI阅读
1088	经典名方黄连膏的开发与应用	秦小东	西南大学	硕士	2021	3	466	原版阅读      CNKI AI阅读
1089	岩黄连总碱对Pg-LPS诱导的巨噬细胞焦亡的影响	冯葱	广西医科大学	硕士	2021	1	104	原版阅读      CNKI AI阅读
1090	贵州ALV分离鉴定与中药影响ALV复制作用研究	张喜懿	贵州大学	硕士	2021	1	88	原版阅读      CNKI AI阅读
1091	重庆市八龙村土家族黄连种植生计的代际传承研究	董文	云南大学	硕士	2021		144	原版阅读      CNKI AI阅读
1092	西北出土汉唐医药文献药物词语比较研究	杨莹	陕西师范大学	硕士	2021	2	324	原版阅读      CNKI AI阅读
1093	抗菌/抗炎功能医用蚕丝缝合线的研制	吴沁婷	苏州大学	硕士	2021	2	537	原版阅读      CNKI AI阅读
1094	黄连水提物对肠道菌群与胰岛β细胞功能的影响	罗玉霜	湖南农业大学	硕士	2021	3	252	原版阅读      CNKI AI阅读
1095	聚乙烯醇基抗菌复合纳米纤维膜的制备及应用研究	胡晓娜	北京工商大学	硕士	2021	1	304	原版阅读      CNKI AI阅读
1096	经典名方黄连膏治疗湿疹的药理活性研究	王远茜	长春中医药大学	硕士	2021	5	854	原版阅读      CNKI AI阅读
1097	ST3芽囊原虫冻存条件的改良及黄连素杀伤虫体的作用研究	钟悦	江西中医药大学	硕士	2021		105	原版阅读      CNKI AI阅读
1098	心速宁胶囊抗心律失常作用的药效物质基础研究	王荣荣	天津中医药大学	硕士	2021	8	780	原版阅读      CNKI AI阅读
1099	OX26/ApoE共修饰载黄连解毒汤介孔二氧化硅纳米载体的构建及药效学评价	张钰坤	天津中医药大学	硕士	2021	1	428	原版阅读      CNKI AI阅读
1100	三黄壳聚糖微球凝胶的制备及药效学初步考察	廖飞	黑龙江中医药大学	硕士	2021	4	869	原版阅读      CNKI AI阅读
	中文题名	作者	学位授予单位	数据库	学位授予年度	被引	下载	操作
1101	黄连温胆汤改善血糖、血脂、血压临床疗效及安全性的Meta分析	王宁	黑龙江中医药大学	硕士	2021	8	631	原版阅读      CNKI AI阅读
1102	基于数据挖掘技术总结姜丽红教授治疗室性早搏用药特点	沈宗光	长春中医药大学	硕士	2021	2	179	原版阅读      CNKI AI阅读
1103	黄连正胆汤加减治疗心脏神经症的临床研究	张登峰	长春中医药大学	硕士	2021	2	226	原版阅读      CNKI AI阅读
1104	黄连汤加味治疗反流性食管炎（脾虚湿热证）的临床研究	杨喜秋	长春中医药大学	硕士	2021	3	232	原版阅读      CNKI AI阅读
1105	基于数据挖掘技术探究朴春丽教授治疗2型糖尿病的临床经验	朱思宇	长春中医药大学	硕士	2021	2	207	原版阅读      CNKI AI阅读
1106	基于数据挖掘技术总结杨丽华教授治疗功能性消化不良用药规律	于爽	长春中医药大学	硕士	2021		255	原版阅读      CNKI AI阅读
1107	基于数据挖掘的近现代名中医治疗心肾不交型失眠的医案分析	刘杨	长春中医药大学	硕士	2021	3	533	原版阅读      CNKI AI阅读
1108	基于方证相应理论的温胆汤治疗失眠方证研究	李于琴	长春中医药大学	硕士	2021		434	原版阅读      CNKI AI阅读
1109	黄连油促进血热肠燥型肛裂术后创面愈合的临床研究	卢敏圆	福建中医药大学	硕士	2021	5	212	原版阅读      CNKI AI阅读
1110	基于数据挖掘总结李灿东教授治疗慢性胃炎的经验	吴爱虹	福建中医药大学	硕士	2021		346	原版阅读      CNKI AI阅读
1111	《伤寒论》和法探究	丁阳	天津中医药大学	硕士	2021	11	861	原版阅读      CNKI AI阅读
1112	王耀光教授治疗CKD3-4期的用药规律分析及临床观察64例	万颖颖	天津中医药大学	硕士	2021		251	原版阅读      CNKI AI阅读
1113	中西汇通论述六经辨治2型糖尿病及其并发症之探索	赵晓丽	天津中医药大学	硕士	2021	1	501	原版阅读      CNKI AI阅读
1114	谢晶日教授中医辨治慢性萎缩性胃炎临床经验的总结	曹文晶	黑龙江中医药大学	硕士	2021	7	371	原版阅读      CNKI AI阅读
1115	银黄洗剂溻渍法治疗瘀滞毒腐型下肢动脉硬化闭塞症溃疡的临床观察	那成宇	黑龙江中医药大学	硕士	2021	4	188	原版阅读      CNKI AI阅读
1116	姜德友教授治疗2型糖尿病的用药规律研究	周岚	黑龙江中医药大学	硕士	2021	3	262	原版阅读      CNKI AI阅读
1117	基于数据挖掘技术探讨林晓峰教授治疗室性早搏的用药规律	刘晶	黑龙江中医药大学	硕士	2021		171	原版阅读      CNKI AI阅读
1118	从心肾不交论治不寐的理论研究	王建慧	黑龙江中医药大学	硕士	2021	21	1104	原版阅读      CNKI AI阅读
1119	《类证治裁》治疗消渴组方用药特点研究	张毅	黑龙江中医药大学	硕士	2021	3	238	原版阅读      CNKI AI阅读
1120	《证治准绳·女科》治崩漏方组方用药特点研究	刘佳维	黑龙江中医药大学	硕士	2021	6	445	原版阅读      CNKI AI阅读
1121	《医宗必读》治疗咳嗽组方用药特点研究	郭杰	黑龙江中医药大学	硕士	2021	1	276	原版阅读      CNKI AI阅读
1122	加味黄连阿胶膏治疗CKD3-4期患者心肾不交型失眠的临床研究	李佳琦	黑龙江中医药大学	硕士	2021	4	218	原版阅读      CNKI AI阅读
1123	基于数据挖掘技术对中医药治疗糖尿病胃轻瘫辨证及用药规律的文献研究	贺丹	黑龙江中医药大学	硕士	2021	4	343	原版阅读      CNKI AI阅读
1124	基于数据挖掘技术的中医名家治疗慢性非萎缩性胃炎的用药规律研究	陈冰冰	黑龙江中医药大学	硕士	2021	3	367	原版阅读      CNKI AI阅读
1125	加味交泰汤治疗失眠心肾不交型患者的临床观察	陈雪岩	黑龙江中医药大学	硕士	2021	7	245	原版阅读      CNKI AI阅读
1126	自拟除湿洗剂合解毒散治疗小儿湿疹（湿热蕴肤型）的临床研究	王玉龙	黑龙江中医药大学	硕士	2021	3	300	原版阅读      CNKI AI阅读
1127	基于中医传承辅助平台的刘莉教授治疗MS合并早期肾损害经验分析	张影	黑龙江中医药大学	硕士	2021	3	142	原版阅读      CNKI AI阅读
1128	加味黄连解毒汤内服联合苦黄汤湿敷治疗热毒蕴肤证酒渣鼻临床疗效观察	陈秋莲	河北北方学院	硕士	2021	5	225	原版阅读      CNKI AI阅读
1129	经典名方枇杷清肺饮物质基准研究	吴安	广东药科大学	硕士	2021	7	1574	原版阅读      CNKI AI阅读
1130	古代医籍痛胀类脾胃病经方医案的发掘研究	陈金旭	浙江中医药大学	硕士	2021	2	403	原版阅读      CNKI AI阅读
1131	基于数据挖掘分析中药治疗糖尿病合并失眠用药规律研究	霍易飞	辽宁中医药大学	硕士	2021	2	375	原版阅读      CNKI AI阅读
1132	基于数据挖掘探求国医大师“从痰论治”的用药规律	李铎	辽宁中医药大学	硕士	2021	2	371	原版阅读      CNKI AI阅读
1133	基于数据挖掘探析糖尿病胃轻瘫的用药规律	张军	辽宁中医药大学	硕士	2021	1	207	原版阅读      CNKI AI阅读
1134	杨叔禹教授基于“心身疏泄”治疗糖尿病胃肠道症状经验总结	林淑珍	福建中医药大学	硕士	2021	7	323	原版阅读      CNKI AI阅读
1135	基于清代文献的半夏泻心汤方证规律研究	周冉冉	北京中医药大学	硕士	2021	6	678	原版阅读      CNKI AI阅读
1136	基于文献的哺乳期中药安全用药警戒思想研究	耿可欣	北京中医药大学	硕士	2021	2	975	原版阅读      CNKI AI阅读
1137	黄连素改善2型糖尿病认知功能及机制的研究	薛翔宇	华北理工大学	硕士	2021	3	358	原版阅读      CNKI AI阅读
1138	基于偏序属性原理探讨万晓刚教授三泻心汤辨治经验	张朵	广州中医药大学	硕士	2021		146	原版阅读      CNKI AI阅读
1139	李赛美六经辨证治疗糖尿病泌汗异常探析	徐文楷	广州中医药大学	硕士	2021		308	原版阅读      CNKI AI阅读
1140	傈僳族女性服饰图案的传承与时尚重塑——龙陵县黄连河村傈僳族为例	张佳	北京服装学院	硕士	2021	6	637	原版阅读      CNKI AI阅读
1141	鲜黄连生长发育节律、种子破眠及PEG胁迫抗旱评价	宋金雨	东北林业大学	硕士	2021	3	319	原版阅读      CNKI AI阅读
1142	蓼耳胃肠宁颗粒药效学研究	武超	黑龙江八一农垦大学	硕士	2021		351	原版阅读      CNKI AI阅读
1143	基于中医传承计算平台分析马凤琴治疗溃疡性结肠炎的经验	肖雅姗	河北大学	硕士	2021	4	296	原版阅读      CNKI AI阅读
1144	生麦饮加味治疗2型糖尿病（热盛伤津证）的临床疗效观察	李昌炳	湖北民族大学	硕士	2021	2	181	原版阅读      CNKI AI阅读
1145	黄连增敏肺癌免疫治疗的作用机制研究	闫江娜	西北大学	硕士	2021	6	280	原版阅读      CNKI AI阅读
1146	基于细胞中药学方法的大黄寒热成分研究	赵文杰	西北大学	硕士	2021	1	997	原版阅读      CNKI AI阅读
1147	PPARγ亲和色谱的构建及千金黄连方靶向活性成分筛选	侯召苓	西北大学	硕士	2021	1	268	原版阅读      CNKI AI阅读
1148	毛德西教授从湿论治常见脾胃病证治规律研究	焦娇	河南中医药大学	硕士	2021	1	240	原版阅读      CNKI AI阅读
1149	连朴饮加减方阻断慢性胃炎“炎癌转化”经验传承与作用机制研究	向阳	湖北中医药大学	博士	2021		1278	原版阅读      CNKI AI阅读
1150	吕文亮教授运用黄连温胆汤经验及其治疗慢性胃炎合并失眠的机制研究	龙喻	湖北中医药大学	硕士	2021	2	475	原版阅读      CNKI AI阅读
	中文题名	作者	学位授予单位	数据库	学位授予年度	被引	下载	操作
1151	葛根芩连汤加味联合二甲双胍治疗2型糖尿病湿热困脾证的临床研究	杨雪芹	湖北中医药大学	硕士	2021	7	345	原版阅读      CNKI AI阅读
1152	河南省中医院治疗溃疡性结肠炎用药规律的回顾性分析	王培	河南中医药大学	硕士	2021	2	236	原版阅读      CNKI AI阅读
1153	王松龄教授治疗失眠用药规律分析	李小芳	河南中医药大学	硕士	2021		309	原版阅读      CNKI AI阅读
1154	黄连温胆汤对2型糖尿病小鼠白色脂肪棕色化以及脂肪中PI3K/AKT通路表达的影响	彭凯夫	成都体育学院	硕士	2021	6	486	原版阅读      CNKI AI阅读
1155	基于数据挖掘初探国医大师梅国强治疗肾系疾病经验	郑文娟	湖北中医药大学	硕士	2021	4	451	原版阅读      CNKI AI阅读
1156	基于数据挖掘技术研究王孟英治疗温病的用药规律	柳志成	湖北中医药大学	硕士	2021	4	408	原版阅读      CNKI AI阅读
1157	抑制稻瘟病菌植物提取物的筛选及作用机理研究	梁琪	黑龙江大学	硕士	2021	8	681	原版阅读      CNKI AI阅读
1158	基于数据挖掘方法的成肇仁教授辨治失眠经验研究	田娇	湖北中医药大学	硕士	2021	4	390	原版阅读      CNKI AI阅读
1159	骨肉瘤中医证候要素诊断量表的构建及益气散瘀解毒法抑制骨肉瘤发生发展的分子机制研究	尹萌辰	上海中医药大学	博士	2021		241	原版阅读      CNKI AI阅读
1160	基于“毒损脑络”理论黄连解毒汤早期干预卒中后认知障碍的临床及实验研究	姜海伟	湖北中医药大学	博士	2021	25	1500	原版阅读      CNKI AI阅读
1161	清热解毒方对2型糖尿病胰岛素抵抗及炎症因子作用的研究	赵博	上海中医药大学	硕士	2021		56	原版阅读      CNKI AI阅读
1162	中华绒螯蟹气单胞菌病的病原菌分离、鉴定及其中草药控制研究	周慧华	上海海洋大学	硕士	2021	4	286	原版阅读      CNKI AI阅读
1163	基于数据挖掘闫镛教授从脾论治2型糖尿病的临床经验	李慧敏	河南中医药大学	硕士	2021	2	210	原版阅读      CNKI AI阅读
1164	基于复杂网络和数据挖掘分析中医药治疗白塞病的用药规律	汤舒玲	湖北中医药大学	硕士	2021	2	426	原版阅读      CNKI AI阅读
1165	基于清热解毒法则治疗脓毒症胃肠功能障碍的临床可行性与解析	董青青	上海中医药大学	硕士	2021	1	91	原版阅读      CNKI AI阅读
1166	黄连素对污泥厌氧消化的影响与机理研究	谢静	东华大学	硕士	2021	9	339	原版阅读      CNKI AI阅读
1167	黄连解毒汤治疗阿尔茨海默病的临床观察及实验研究	高炎	湖北中医药大学	博士	2021	22	1630	原版阅读      CNKI AI阅读
1168	葛根芩连汤药物配伍对非酒精性脂肪肝的影响及机制研究	李娟	上海中医药大学	硕士	2021	2	232	原版阅读      CNKI AI阅读
1169	基于肠道微生物与代谢组学探索降糖消脂方对ZDF大鼠2型糖尿病的预防机制	张颢龄	中国中医科学院	博士	2021	10	2275	原版阅读      CNKI AI阅读
1170	黄连主要小分子初级代谢产物对盐酸小檗碱药动学的影响及机制研究	赵婧	上海中医药大学	硕士	2021		142	原版阅读      CNKI AI阅读
1171	半夏泻心颗粒的药学研究	王微微	上海中医药大学	硕士	2021		518	原版阅读      CNKI AI阅读
1172	黄连素联合阿奇霉素对铜绿假单胞菌生物被膜成分藻酸盐作用的研究	赵芝静	河南中医药大学	硕士	2021	3	463	原版阅读      CNKI AI阅读
1173	黄连温胆汤对T2DM小鼠肝脏组织和PI3K/Akt信号通路的影响	但柟林	成都体育学院	硕士	2021	5	373	原版阅读      CNKI AI阅读
1174	巴西人参的“四气”研究	曹园华	江西中医药大学	硕士	2021	1	208	原版阅读      CNKI AI阅读
1175	基于数据挖掘分析中医药治疗难治性胃食管反流病的辨证用药规律	董明灿	湖北中医药大学	硕士	2021	3	508	原版阅读      CNKI AI阅读
1176	濒危植物银缕梅群落的生态位、结构多样性及其分布预测	刘洁	南京师范大学	硕士	2021	3	526	原版阅读      CNKI AI阅读
1177	黄连素对痰火扰心型室性早搏伴心力衰竭治疗的临床研究	郑云涛	上海中医药大学	硕士	2021		64	原版阅读      CNKI AI阅读
1178	《千金方》疫病研究	王东琪	上海中医药大学	硕士	2021		217	原版阅读      CNKI AI阅读
1179	清肝益肾祛风法在高血压治疗中的应用规律研究	王玉珏	上海中医药大学	硕士	2021		59	原版阅读      CNKI AI阅读
1180	中药内服治疗脾虚湿蕴型溃疡性结肠炎的用药规律研究	崔引航	广西中医药大学	硕士	2021	1	345	原版阅读      CNKI AI阅读
1181	黄连素介导的光动力疗法诱导恶性黑色素瘤细胞凋亡的作用及分子机理研究	方加萍	华东理工大学	硕士	2021		351	原版阅读      CNKI AI阅读
1182	痰瘀同治 清热解毒法防治AD的理论探讨及其调控HSP70介导的神经保护机制研究	谭爱华	湖北中医药大学	博士	2021	13	755	原版阅读      CNKI AI阅读
1183	基于中医传承辅助平台及网络药理学探讨芍药汤治疗溃疡性结肠炎的作用机制	郑秋霞	广西中医药大学	硕士	2021		669	原版阅读      CNKI AI阅读
1184	黄连素抗鼻咽癌细胞转移的作用及机制研究	刘蓉	吉首大学	硕士	2021	3	166	原版阅读      CNKI AI阅读
1185	壮医验方胃毒清辅助治疗HP感染性胴尹（慢性胃窦炎）的临床观察	陈秋霞	广西中医药大学	硕士	2021	2	228	原版阅读      CNKI AI阅读
1186	基于肠道菌群及胆汁酸代谢探讨泻心汤对动脉粥样硬化的干预作用	陈嫚	湖北中医药大学	硕士	2021	12	1154	原版阅读      CNKI AI阅读
1187	黄连碱抑制食管癌的作用与机制研究	温雪珊	上海中医药大学	硕士	2021		74	原版阅读      CNKI AI阅读
1188	中成药及中药饮片在妊娠期用药现状及安全性评价研究	谢小芳	电子科技大学	硕士	2021	3	876	原版阅读      CNKI AI阅读
1189	黄连温胆汤合金铃子散联合四联治疗脾胃湿热型Hp相关性慢性胃炎的疗效观察	李梧郡	广西中医药大学	硕士	2021	2	194	原版阅读      CNKI AI阅读
1190	基于FASN靶点研究香连丸有效单体黄连素抑制人结肠癌细胞的作用机制	李芸	上海中医药大学	硕士	2021		109	原版阅读      CNKI AI阅读
1191	黄连素和硫辛酸对柑橘青霉病的防治研究	冯雨	西南大学	硕士	2021	4	300	原版阅读      CNKI AI阅读
1192	黄连阿胶汤合酸枣仁汤治疗阴虚火旺型不寐的临床观察	陈莲梅	广西中医药大学	硕士	2021	6	437	原版阅读      CNKI AI阅读
1193	黄连介导金黄色葡萄球菌对抗生素产生交叉耐药机制及耐药逆转研究	蓝素桂	广西中医药大学	硕士	2021		124	原版阅读      CNKI AI阅读
1194	基于阴平阳秘理论探讨加味交泰丸治疗心肾不交型不寐的临床研究	赖燕	广西中医药大学	硕士	2021	2	345	原版阅读      CNKI AI阅读
1195	舟山群岛植被分类与制图	石娇星	华东师范大学	硕士	2021	4	843	原版阅读      CNKI AI阅读
1196	小檗碱联合肉桂醛对脂肪细胞糖代谢的影响	张力文	上海中医药大学	硕士	2021		85	原版阅读      CNKI AI阅读
1197	基于医案关联规则技术分析的乌梅丸方证关系研究	郑文玉	广西中医药大学	硕士	2021	2	254	原版阅读      CNKI AI阅读
1198	重庆石柱黄连生产民俗及其保护研究	张建芳	重庆工商大学	硕士	2021	2	485	原版阅读      CNKI AI阅读
1199	胡黄连的苦味物质基础研究	吴飞	上海中医药大学	博士	2021		464	原版阅读      CNKI AI阅读
1200	邓小敏教授应用五味消渴方治疗2型糖尿病的经验分析	田瑛	广西中医药大学	硕士	2021	2	271	原版阅读      CNKI AI阅读
	中文题名	作者	学位授予单位	数据库	学位授予年度	被引	下载	操作
1201	AMPK在低磷诱导花鲈脂肪过度沉积中的作用机制初探	林基彬	集美大学	硕士	2021	2	372	原版阅读      CNKI AI阅读
1202	刘爱民教授辨证论治痤疮的学术思想和临证经验总结	李圆圆	河南中医药大学	硕士	2021	5	481	原版阅读      CNKI AI阅读
1203	黄连素影响根尖周炎牙槽骨吸收的实验研究	杜倩	四川大学	博士	2021		56	原版阅读      CNKI AI阅读
1204	黄连素改善糖尿病大鼠神经病理性疼痛的作用及机制研究	董君	广西医科大学	博士	2021	1	270	原版阅读      CNKI AI阅读
1205	胡芦巴丸化裁方及有效成分小檗碱治疗糖尿病肾脏病保护足细胞的机制研究	秦鑫	华中科技大学	博士	2021		251	原版阅读      CNKI AI阅读
1206	李平教授治疗心律失常的信息挖掘及连夏宁心方的机制预测研究	李金懋	北京中医药大学	博士	2021	5	1320	原版阅读      CNKI AI阅读
1207	黄连-肉桂治疗T2DM的临床应用及对基于肠道菌群的BA/TGR5/GLP-1通路影响	穆国华	北京中医药大学	博士	2021	10	1871	原版阅读      CNKI AI阅读
1208	基于姚荷生辨证三要素的《伤寒论》大六经证治体系的构建	黄波	江西中医药大学	博士	2021	6	1232	原版阅读      CNKI AI阅读
1209	高脂饮食对阿尔茨海默症的影响及黄连解毒汤的干预作用	樊小瑞	北京中医药大学	博士	2021	4	1647	原版阅读      CNKI AI阅读
1210	基于属性偏序原理的李赛美教授辨治中老年2型糖尿病经验研究	陈玮盈	广州中医药大学	博士	2021	8	502	原版阅读      CNKI AI阅读
1211	雅连凝胶剂治疗2型糖尿病合并湿疹的机制探讨及临床研究	王理臻	成都中医药大学	博士	2021	1	439	原版阅读      CNKI AI阅读
1212	AQP1对缺氧状态下近端肾小管上皮细胞水钠重吸收及能量代谢紊乱的影响及药物干预研究	孟铖	天津医科大学	硕士	2021	1	67	原版阅读      CNKI AI阅读
1213	黄连提取液抑制多重耐药铜绿假单胞菌的实验研究	周宇	天津医科大学	硕士	2021		112	原版阅读      CNKI AI阅读
1214	黄连素在团头鲂糖脂代谢中的调控作用及相关miRNA的探究	何畅	南京农业大学	硕士	2021		55	原版阅读      CNKI AI阅读
1215	黄连碱影响仑伐替尼对肝癌细胞生物学效应的研究	韩志伟	广西医科大学	硕士	2021		50	原版阅读      CNKI AI阅读
1216	阿霉素通过VWF诱导乳腺癌细胞迁移侵袭及黄连素的干预作用	张敏	吉林大学	硕士	2021	2	296	原版阅读      CNKI AI阅读
1217	探究胡黄连苷Ⅱ对人结直肠癌细胞的抑制作用及其可能的作用机制	李佳怿	昆明医科大学	硕士	2021	3	178	原版阅读      CNKI AI阅读
1218	黄连素在高糖诱导的人视网膜血管内皮细胞凋亡的保护作用及机制	徐仙珍	南昌大学	硕士	2021		255	原版阅读      CNKI AI阅读
1219	梓醇对H2O2诱导INS-1细胞氧化损伤的保护作用及机制研究	肖鑫	江西中医药大学	硕士	2021	5	474	原版阅读      CNKI AI阅读
1220	基于FXR/CYP7A1通路探究黄芩黄连药对改善非酒精性脂肪性肝病的作用机制	薛亚楠	江西中医药大学	硕士	2021	19	1300	原版阅读      CNKI AI阅读
1221	基于辨证三要素的中药功效标定方法的探讨	贾冬冬	江西中医药大学	硕士	2021	1	344	原版阅读      CNKI AI阅读
1222	13味中草药及八正散对泌尿系感染致病菌体外抑菌作用研究	李昭融	天津中医药大学	硕士	2021	18	942	原版阅读      CNKI AI阅读
1223	黄连解毒丸治疗实热火毒证的临床研究	孙艳君	天津中医药大学	硕士	2021	4	201	原版阅读      CNKI AI阅读
1224	王孟英暑病辨治理论与临床运用研究	刘丽和	江西中医药大学	硕士	2021	5	386	原版阅读      CNKI AI阅读
1225	加味黄连温胆汤治疗功能性消化不良餐后不适综合征（脾胃湿热型）的临床观察	尹强	江西中医药大学	硕士	2021	7	406	原版阅读      CNKI AI阅读
1226	干姜黄芩黄连人参汤合上焦宣痹汤治疗寒热错杂型胃食管反流病的临床疗效观察	庄淑凡	江西中医药大学	硕士	2021	6	235	原版阅读      CNKI AI阅读
1227	何晓晖教授用经方、创新方治疗胃脘痛的经验研究	徐文强	江西中医药大学	硕士	2021	5	456	原版阅读      CNKI AI阅读
1228	基于辨证要素的经典方功效的规范标定方法研究	梁达歌洋	江西中医药大学	硕士	2021	2	532	原版阅读      CNKI AI阅读
1229	基于多元融合方法的张伯礼教授治疗冠心病心绞痛临床经验研究	吉哲敏	天津中医药大学	硕士	2021	3	319	原版阅读      CNKI AI阅读
1230	基于数据挖掘及网络药理学探讨杨玉兰教授治疗糖尿病肾病的临床经验与作用机制研究	王佳敏	天津中医药大学	硕士	2021	3	546	原版阅读      CNKI AI阅读
1231	天然有机物对微囊藻群体形成的影响	马骁	西北农林科技大学	硕士	2021	1	329	原版阅读      CNKI AI阅读
1232	黄连素联合瑞戈非尼在肝癌细胞增殖和凋亡中的作用	林嘉恩	广州医科大学	硕士	2021	1	185	原版阅读      CNKI AI阅读
1233	吴绶《伤寒蕴要全书》主要类方的药物运用规律研究	朱紫尧	云南中医药大学	硕士	2021	3	238	原版阅读      CNKI AI阅读
1234	左金丸中潜在肝毒性成分的筛选及其机制研究	连闻雨	广东药科大学	硕士	2021		392	原版阅读      CNKI AI阅读
1235	温清饮对内毒素诱导的大鼠急性前葡萄膜炎炎性因子表达的影响	许馨月	辽宁中医药大学	硕士	2021		208	原版阅读      CNKI AI阅读
1236	2型糖尿病合并非酒精性脂肪肝病相关危险因素及黄连治疗本病的网络药理学研究	王琳	辽宁中医药大学	硕士	2021	3	275	原版阅读      CNKI AI阅读
1237	基于古代文献不寐的研究	吴佳豪	浙江中医药大学	硕士	2021	36	1694	原版阅读      CNKI AI阅读
1238	中医药对2型糖尿病患者胰岛功能影响的系统评价及用药规律分析	孟宪悦	辽宁中医药大学	硕士	2021	3	210	原版阅读      CNKI AI阅读
1239	基于数据挖掘探究白光教授治疗胃食管反流病的遣方用药规律	贺倩倩	辽宁中医药大学	硕士	2021		100	原版阅读      CNKI AI阅读
1240	基于古今医案云平台挖掘《圣济总录》治疗痢疾的用药规律研究	吉丽	辽宁中医药大学	硕士	2021	1	542	原版阅读      CNKI AI阅读
1241	倪诚教授辨体辨病治疗代谢综合征的理论传承与数据挖掘研究	李厚芹	北京中医药大学	硕士	2021	6	691	原版阅读      CNKI AI阅读
1242	黄连温胆汤加减联合西药治疗胆热犯胃型反流性食管炎的临床观察	高慧敏	重庆医科大学	硕士	2021		123	原版阅读      CNKI AI阅读
1243	整合网络药理学和非靶向代谢组学探究黄连类方改善T2DM斑马鱼的共有机制	何涛	北京中医药大学	硕士	2021	4	1484	原版阅读      CNKI AI阅读
1244	基于InsR-PI3K-Akt信号通路探讨金芪降糖片改善细胞胰岛素抵抗的机制	魏萍	北京中医药大学	硕士	2021	6	875	原版阅读      CNKI AI阅读
1245	大黄黄连泻心汤通过调控PI3K/Akt信号通路改善T2DM模型大鼠的研究	张超伟	内蒙古医科大学	硕士	2021	11	306	原版阅读      CNKI AI阅读
1246	大黄黄连泻心汤调控PI3K/AKT信号通路改善HepG2细胞糖脂代谢和胰岛素抵抗的研究	郝艺杰	内蒙古医科大学	硕士	2021	8	648	原版阅读      CNKI AI阅读
1247	粒子设计技术提升珠黄吹喉散质量的应用研究	杨艳君	陕西中医药大学	硕士	2021	2	245	原版阅读      CNKI AI阅读
1248	基于数据挖掘探析王爱华教授治疗溃疡性结肠炎用药规律	罗曌	湖南中医药大学	硕士	2021	1	186	原版阅读      CNKI AI阅读
1249	数据挖掘探讨王行宽教授治疗冠心病心绞痛气营两虚痰瘀互结证遣方用药规律	王子焱	湖南中医药大学	硕士	2021		278	原版阅读      CNKI AI阅读
1250	基于数据挖掘张小萍教授治疗消化性溃疡用药规律研究	伍静	江西中医药大学	硕士	2021	1	244	原版阅读      CNKI AI阅读
	中文题名	作者	学位授予单位	数据库	学位授予年度	被引	下载	操作
1251	“长安雷氏心病痰瘀流派”治疗冠心病心绞痛方药规律数据挖掘研究	邱克伟	陕西中医药大学	硕士	2021	4	317	原版阅读      CNKI AI阅读
1252	基于古代文献的黄连在儿科疾病中用药规律的研究	杨雨思	湖南中医药大学	硕士	2021	4	199	原版阅读      CNKI AI阅读
1253	中药治疗幽门螺杆菌感染的用药规律及作用机制研究	张彧	湖南中医药大学	硕士	2021	3	968	原版阅读      CNKI AI阅读
1254	黄瓜织球壳菌等五种地黄新致病菌的病原学研究及防治药剂筛选	年文楷	河南农业大学	硕士	2021	1	278	原版阅读      CNKI AI阅读
1255	地黄化感自毒物质分离及酚酸类成分敲出效应研究	孙香荣	河南农业大学	硕士	2021	4	511	原版阅读      CNKI AI阅读
1256	四川盆地周缘重点相区陡山沱组沉积特征与充填序列	匡明志	中国地质大学(北京)	硕士	2021	1	550	原版阅读      CNKI AI阅读
1257	川黄连药用根茎与非药用须根异喹啉生物碱成分评价和药效初探	罗沙	西南交通大学	硕士	2021	3	320	原版阅读      CNKI AI阅读
1258	基于可视化知识图谱的一种2型糖尿病辨证论治算法编码优化研究	胡远樟	成都中医药大学	硕士	2021	3	214	原版阅读      CNKI AI阅读
1259	黄连肉苁蓉及其中药单体抗脑老化的分子机制研究	胡周	北京中医药大学	硕士	2021	4	350	原版阅读      CNKI AI阅读
1260	黄连解毒汤调节胆碱能神经相关蛋白对AD大鼠学习记忆及脑内炎症的机制研究	曹蠡馨	成都中医药大学	硕士	2021	7	291	原版阅读      CNKI AI阅读
1261	乌梅与五味子在方剂配伍中的比较研究	魏稚力	成都中医药大学	硕士	2021	4	855	原版阅读      CNKI AI阅读
1262	黄连潜在分布区预测及影响其质量形成关键环境因子分析	李君君	成都中医药大学	硕士	2021	3	401	原版阅读      CNKI AI阅读
1263	陈宝贵教授治疗萎缩性胃炎组方规律及临床疗效观察	祁禹德	天津中医药大学	硕士	2021	2	162	原版阅读      CNKI AI阅读
1264	基于数据挖掘探讨姜良铎教授论治慢性阻塞性肺疾病用药规律	李奕璇	北京中医药大学	硕士	2021	1	326	原版阅读      CNKI AI阅读
1265	张声生教授治疗慢性胃炎及其伴焦虑或抑郁状态的用药特点数据挖掘	朱悦尔	北京中医药大学	硕士	2021	7	282	原版阅读      CNKI AI阅读
1266	《清宫医案集成》胁痛医案的方药特点和应用规律研究	戴前翔	成都中医药大学	硕士	2021		314	原版阅读      CNKI AI阅读
1267	晚清名医张聿青治疗脾胃病的方剂配伍特色研究	罗欢	成都中医药大学	硕士	2021	2	180	原版阅读      CNKI AI阅读
1268	黄连素对LPS刺激下肺泡Ⅱ型上皮细胞表达促凝及纤溶抑制相关因子的调节作用及机制研究	李想	贵州医科大学	硕士	2021		68	原版阅读      CNKI AI阅读
1269	黄连生物碱抗氧化活性及银杏酚酸抗肿瘤活性研究	毛婷婷	扬州大学	硕士	2021	5	631	原版阅读      CNKI AI阅读
1270	健脾清肠法治疗溃疡性结肠炎的Meta分析和网络药理学研究	王婷玉	北京中医药大学	硕士	2021	3	562	原版阅读      CNKI AI阅读
1271	左金丸加味治疗胃食管反流病的Meta分析和相关网络药理学研究	李智鹏	北京中医药大学	硕士	2021	1	449	原版阅读      CNKI AI阅读
1272	经方50味药物在《肘后备急方》中的用量规律研究	李鸿	北京中医药大学	硕士	2021	4	367	原版阅读      CNKI AI阅读
1273	基于六经开阖枢辨治失眠的理论研究	赵冀校	北京中医药大学	硕士	2021	16	1053	原版阅读      CNKI AI阅读
1274	中药治疗恶性肿瘤化疗后消化道反应的用药规律研究	国文文	北京中医药大学	硕士	2021	20	1466	原版阅读      CNKI AI阅读
1275	中医药治疗流行性感冒的用药规律研究	李云	北京中医药大学	硕士	2021	9	1122	原版阅读      CNKI AI阅读
1276	失眠症痰证的用药规律及化痰法的Meta分析	赵欣然	北京中医药大学	硕士	2021	2	401	原版阅读      CNKI AI阅读
1277	温胆汤加减方治疗痰热证失眠的临床研究	王一帆	北京中医药大学	硕士	2021	6	660	原版阅读      CNKI AI阅读
1278	溃疡性结肠炎中寒热药物临床使用规律及对温度受体表达的实验研究	孔海霞	北京中医药大学	硕士	2021		393	原版阅读      CNKI AI阅读
1279	刘喜明教授基于“火热上冲”理论治疗Graves眼病的临床总结	黄毅君	北京中医药大学	硕士	2021	1	218	原版阅读      CNKI AI阅读
1280	崔向宁主任医师治疗功能性室性早搏临床经验研究及经验方机制探讨	林虹辰	北京中医药大学	硕士	2021	4	428	原版阅读      CNKI AI阅读
1281	基于壮火食气病机的黄连-人参“药对”对2型糖尿病肠道菌群影响的研究	蒋里	北京中医药大学	硕士	2021	8	1016	原版阅读      CNKI AI阅读
1282	基于数据挖掘探究姚魁武寒温同用法治疗心系疾病的临证经验	周思敏	北京中医药大学	硕士	2021	4	303	原版阅读      CNKI AI阅读
1283	基于明清古籍挖掘肺系疫病的辨治规律	滕俊	北京中医药大学	硕士	2021	12	862	原版阅读      CNKI AI阅读
1284	黄连汤加减治疗胃食管反流病肝胃不和证的临床疗效观察	王菲	新疆医科大学	硕士	2021	2	135	原版阅读      CNKI AI阅读
1285	饲料中添加黄连素对美洲鳗鲡幼鱼生长、肠道免疫及代谢的影响	刘海姿	集美大学	硕士	2021	10	605	原版阅读      CNKI AI阅读
1286	黄连素-光动力对顺铂耐药黑色素瘤细胞的增敏作用及机制研究	王晓彤	华东理工大学	硕士	2021	1	345	原版阅读      CNKI AI阅读
1287	基于IGF1R/PI3K/GSK3β通路探讨表小檗碱改善糖尿病脑病的作用机制	李春明	西南大学	硕士	2021	1	240	原版阅读      CNKI AI阅读
1288	小檗碱的微生物转化及其酶学机制研究	郑守豪	西南大学	硕士	2021	2	383	原版阅读      CNKI AI阅读
1289	香连丸治疗抗生素相关性腹泻及机制研究	杨璐嘉	西南大学	硕士	2021	2	358	原版阅读      CNKI AI阅读
1290	左金胶囊制剂工艺优化及其抗幽门螺杆菌作用研究	来智慧	西南大学	硕士	2021		140	原版阅读      CNKI AI阅读
1291	药根碱的减肥作用及作用机制研究	邓剑泠	西南大学	硕士	2021	1	139	原版阅读      CNKI AI阅读
1292	黄连种植土壤微生物组学特性及其在连作障碍修复中的应用	李慕源	西南大学	硕士	2021	9	889	原版阅读      CNKI AI阅读
1293	黄连连作障碍修复菌剂的制备与应用研究	周涛	西南大学	硕士	2021	5	450	原版阅读      CNKI AI阅读
1294	巴马汀抗结直肠癌活性及机制研究	刘小江	西南大学	硕士	2021	2	133	原版阅读      CNKI AI阅读
1295	黄连活性成分小檗碱通过IL-6/JAK2/STAT3信号通路抑制胃癌的生长及其机制研究	任力	西南大学	硕士	2021	6	278	原版阅读      CNKI AI阅读
1296	表小檗碱抗胃癌的作用及机制研究	余敏	西南大学	硕士	2021	5	233	原版阅读      CNKI AI阅读
1297	黄连素协同雷帕霉素对玛雅臂尾轮虫生理生化特征影响及抗衰老机制的研究	孙红霞	南京师范大学	硕士	2021		211	原版阅读      CNKI AI阅读
1298	小檗碱靶向IGF2BP3抗结直肠癌活性及其机制研究	张雅儒	西南大学	硕士	2021	3	189	原版阅读      CNKI AI阅读
1299	贞术调脂胶囊对肾脏纤维化的网络药理学和防治研究	赖思婕	广东药科大学	硕士	2021		27	原版阅读      CNKI AI阅读
1300	从《薛氏医案》探析薛氏父子论治小儿脾胃疾病用药规律及学术思想	熊志刚	河北中医学院	硕士	2021	4	510	原版阅读      CNKI AI阅读
	中文题名	作者	学位授予单位	数据库	学位授予年度	被引	下载	操作
1301	基于AGEs/RAGE通路的黄连解毒汤干预糖尿病肾病作用机制研究	何文娇	广东药科大学	硕士	2021	4	754	原版阅读      CNKI AI阅读
1302	表小檗碱对糖尿病肾病的改善作用及其机制研究	肖亚平	西南大学	博士	2021	1	294	原版阅读      CNKI AI阅读
1303	中药复方抑菌剂的制备及其抑菌机制研究	杨昌庆	西南大学	硕士	2021	4	1044	原版阅读      CNKI AI阅读
1304	基于经典名方枇杷清肺饮物质基准的质量控制及体内代谢转化研究	潘东玥	浙江大学	硕士	2021		45	原版阅读      CNKI AI阅读
1305	黄连对脓毒症大鼠的保护作用及其对免疫状态与肠道微环境影响研究	赵文丽	南京理工大学	硕士	2021	2	248	原版阅读      CNKI AI阅读
1306	基于宏基因组学和代谢组学的黄连解毒汤治疗脓毒症的机制研究	刘志超	南京理工大学	硕士	2021	4	490	原版阅读      CNKI AI阅读
1307	黄连配伍厚朴调控溃疡性结肠炎肠道菌群的作用机制研究	李红燕	成都中医药大学	硕士	2021	1	264	原版阅读      CNKI AI阅读
1308	黄连素与Olaparib对胰腺癌细胞的合成致死作用及其机制研究	张成勇	广东药科大学	硕士	2021	1	217	原版阅读      CNKI AI阅读
1309	基于“真实世界”挖掘吴继萍教授辨治乳腺癌用药规律的研究	邓文	云南中医药大学	硕士	2021	1	249	原版阅读      CNKI AI阅读
1310	王行宽教授治疗冠心病组方用药规律及核心处方作用机制研究	喻远霞	湖南中医药大学	硕士	2021		238	原版阅读      CNKI AI阅读
1311	基于数据挖掘分析温伟波教授治疗T2DM证药规律	陶丽玲	云南中医药大学	硕士	2021		94	原版阅读      CNKI AI阅读
1312	元启发式算法在光谱非线性建模优化中的应用研究	莫丽娜	桂林理工大学	硕士	2021		144	原版阅读      CNKI AI阅读
1313	大黄素小檗碱双载药壳聚糖纳米粒的初步研究	谢青璇	成都中医药大学	硕士	2021		685	原版阅读      CNKI AI阅读
1314	基于真实世界的直折火热法治疗HDM疗效分析初探	徐波	成都中医药大学	硕士	2021	1	78	原版阅读      CNKI AI阅读
1315	黄连温胆汤合酸枣仁汤加味治疗阵发性心房颤动（痰火扰心证）的临床疗效观察	缪光源	成都中医药大学	硕士	2021	9	174	原版阅读      CNKI AI阅读
1316	益气活血化痰法治疗缺血性卒中后认知障碍（非痴呆型）的临床研究	卿香丽	成都中医药大学	硕士	2021	5	213	原版阅读      CNKI AI阅读
1317	几种中草药精油对馆藏木质匾额杀虫抑菌性能的研究	华夏婕	重庆师范大学	硕士	2021	2	323	原版阅读      CNKI AI阅读
1318	基于数据挖掘的周仲瑛教授辨治反流性食管炎临床经验研究	张一滕	南京中医药大学	硕士	2021	5	301	原版阅读      CNKI AI阅读
1319	基于网络药理学方法探讨金芪降糖片治疗2型糖尿病的作用机制	宋博妮	兰州理工大学	硕士	2021	2	783	原版阅读      CNKI AI阅读
1320	黄连碱/黄连素对UCP1基因启动子核苷酸片段形成的G-四链体构型及其表达的影响	王秋惠	重庆理工大学	硕士	2021	1	135	原版阅读      CNKI AI阅读
1321	桑白皮汤文献研究与干预LPS诱导小鼠ALI模型和斑马鱼氧化应激模型的效应及机制研究	刘默	南京中医药大学	硕士	2021	8	706	原版阅读      CNKI AI阅读
1322	清心滋肾方治疗围绝经期综合征心肾不交型的临床研究及网络药理学分析	姚倩	南京中医药大学	硕士	2021	6	402	原版阅读      CNKI AI阅读
1323	复方黄连膏治疗轻中度寻常型银屑病的临床观察与实验研究	牛凡红	甘肃中医药大学	硕士	2021	1	297	原版阅读      CNKI AI阅读
1324	经典名方黄连汤物质基准及制剂研究	赵志峰	广东药科大学	硕士	2021	3	1857	原版阅读      CNKI AI阅读
1325	黄连解毒汤“异病同治”糖尿病和高血压的网络药理学研究	李慧玲	广东药科大学	硕士	2021	3	645	原版阅读      CNKI AI阅读
1326	硫化物修饰的玻碳电极用于低浓度黄连素、抗坏血酸的检测	高艺玮	沈阳化工大学	硕士	2021	2	251	原版阅读      CNKI AI阅读
1327	温病四大家疫病治疗学术思想与突发公共卫生事件中医药应急科研体系研究	姚玲	南京中医药大学	硕士	2022	3	377	原版阅读      CNKI AI阅读
1328	黄连阿胶汤治疗入睡困难（阴虚火旺）型失眠的临床疗效观察	包润飞	南京中医药大学	硕士	2021	10	545	原版阅读      CNKI AI阅读
1329	陈四清辨治原发性肝癌病案数据分析研究	刘媛	南京中医药大学	硕士	2021	1	218	原版阅读      CNKI AI阅读
1330	基于临床医案的中医药治疗胆汁反流性胃炎辨治规律研究	王效红	南京中医药大学	硕士	2021	5	301	原版阅读      CNKI AI阅读
1331	陈四清治疗原发性胆汁性肝硬化的经验挖掘与数据分析研究	司亚玲	南京中医药大学	硕士	2021		228	原版阅读      CNKI AI阅读
1332	熄风化湿颗粒治疗腹泻型肠易激综合征的临床疗效观察及用药规律初探	罗凯丽	南京中医药大学	硕士	2021	3	184	原版阅读      CNKI AI阅读
1333	基于数据挖掘从“心肾不交”角度探讨王敬卿教授诊治失眠的经验	郑佳舟	南京中医药大学	硕士	2021	4	307	原版阅读      CNKI AI阅读
1334	清热解毒中药洗剂在四肢Ⅱ度烧伤创面的临床疗效观察	周丹婷	南京中医药大学	硕士	2021	4	230	原版阅读      CNKI AI阅读
1335	金小晶教授诊治慢性萎缩性胃炎临床经验和用药规律研究	吴鸿飞	南京中医药大学	硕士	2021	1	182	原版阅读      CNKI AI阅读
1336	引火下行法在内科疾病中的用药分析	唐露霖	南京中医药大学	硕士	2021	1	197	原版阅读      CNKI AI阅读
1337	清幽解毒祛湿方联合四联疗法治疗Hp相关性慢性胃炎脾胃湿热证的临床观察	穆琳琳	河北中医学院	硕士	2021	1	93	原版阅读      CNKI AI阅读
1338	基于中医传承辅助系统挖掘李佃贵教授治疗幽门螺杆菌相关性胃炎经验	狄紫蕊	河北中医学院	硕士	2021		127	原版阅读      CNKI AI阅读
1339	黄连素顺铂偶联物的抗癌活性及其机制的初步研究	熊静	厦门大学	硕士	2021		105	原版阅读      CNKI AI阅读
1340	加味黄连汤对消化性溃疡模型小鼠的干预作用及其代谢机制研究	程燕彬	厦门大学	硕士	2021		126	原版阅读      CNKI AI阅读
1341	复方黄连温胆颗粒联合氟哌噻吨美利曲辛片治疗焦虑性失眠的临床观察	刘雨婷	安徽中医药大学	硕士	2021	4	180	原版阅读      CNKI AI阅读
1342	经典名方黄连膏的药效物质及治疗湿疹作用机制的研究	张荣榕	长春中医药大学	硕士	2021	8	1128	原版阅读      CNKI AI阅读
1343	左金丸中潜在肾毒性成分的发现及其机制研究	杨春启	安徽医科大学	硕士	2021	1	296	原版阅读      CNKI AI阅读
1344	胡珂教授运用经方论治下利的证治规律研究	曾丽莉	江西中医药大学	硕士	2021	1	215	原版阅读      CNKI AI阅读
1345	黄连温胆汤加减方治疗代谢综合征的临床疗效评价及对血清CHEMERIN、IL-6、TNF-Α的影响	金虹	安徽中医药大学	硕士	2021	5	231	原版阅读      CNKI AI阅读
1346	基于临床大数据的中药治疗肝豆状核变性的数据挖掘研究	宋成玮	安徽中医药大学	硕士	2021	4	267	原版阅读      CNKI AI阅读
1347	某三甲医院阴沟肠杆菌流行状况及黄芩等对耐碳青霉烯类阴沟肠杆菌耐药质粒消除初步研究	刘小芳	宁夏医科大学	硕士	2021	1	238	原版阅读      CNKI AI阅读
1348	黄连素对体外培养脊髓神经细胞缺氧损伤所诱导自噬的影响	许瑞卿	宁夏医科大学	硕士	2021	1	161	原版阅读      CNKI AI阅读
1349	基于网络药理学挖掘王垂杰教授新方治疗功能性消化不良的潜在机制	于春雨	辽宁中医药大学	硕士	2021		163	原版阅读      CNKI AI阅读
1350	中药外敷熏洗法治疗痛风性关节炎用药规律探究	马舒楠	辽宁中医药大学	硕士	2021	6	277	原版阅读      CNKI AI阅读
	中文题名	作者	学位授予单位	数据库	学位授予年度	被引	下载	操作
1351	基于数据挖掘深析庞敏教授治疗心悸病的用药规律研究	胡慧千	辽宁中医药大学	硕士	2021		143	原版阅读      CNKI AI阅读
1352	基于“六维辨证”探讨功能性消化不良经方辨治思路及文献证治规律研究	刘子嘉	辽宁中医药大学	硕士	2021		156	原版阅读      CNKI AI阅读
1353	基于明清温病医著对热毒的证治规律研究	郭榕榕	宁夏医科大学	硕士	2021	1	303	原版阅读      CNKI AI阅读
1354	基于数据挖掘对从肝论治胃食管反流病用药规律的文献研究	徐晶晶	湖南中医药大学	硕士	2021		254	原版阅读      CNKI AI阅读
1355	基于数据挖掘中医治疗克罗恩病用药规律研究	温林月	湖南中医药大学	硕士	2021	4	249	原版阅读      CNKI AI阅读
1356	PCSK9参与大鼠慢性痛的机制研究	林亚洲	郑州大学	硕士	2021		96	原版阅读      CNKI AI阅读
1357	基于微纳界面黄连素纳米药物的理性构筑及其线粒体靶向性评估	程宇	东南大学	博士	2021	1	301	原版阅读      CNKI AI阅读
1358	三黄泻心汤组成药味联合抗生素对幽门螺杆菌的体外抑菌实验研究	耿聪	中国医科大学	硕士	2021	5	824	原版阅读      CNKI AI阅读
1359	黄芩在治疗抑郁症方剂中的配伍应用及其抗抑郁机制研究	赵凡	南京中医药大学	博士	2020	21	1462	原版阅读      CNKI AI阅读
1360	鸡源大肠杆菌抑菌活性物质筛选及其体外抑菌效果研究	史雪坤	河北农业大学	硕士	2020		227	原版阅读      CNKI AI阅读
1361	豫西地区黄连垛组和董家组沉积环境分析	谷华昱	河南理工大学	硕士	2020		86	原版阅读      CNKI AI阅读
1362	改进“葛根芩连汤”在治疗禽大肠杆菌病中的应用研究	李相府	扬州大学	硕士	2020	5	474	原版阅读      CNKI AI阅读
1363	黄连属植物叶绿体基因组序列分析及系统进化研究	袁婧	西南大学	硕士	2020	16	820	原版阅读      CNKI AI阅读
1364	盐酸小檗碱片联合二甲双胍治疗对2型糖尿病周围神经病变腓肠神经最大厚度和8-OHdG的影响	杨昕	南华大学	硕士	2020		134	原版阅读      CNKI AI阅读
1365	基于数据挖掘王钢教授辨治慢性肾衰竭临床经验研究	朱俊	南京中医药大学	博士	2020	9	1450	原版阅读      CNKI AI阅读
1366	基于《伤寒杂病论》相关方证的双心疾病辨证论治规律研究	李令康	辽宁中医药大学	博士	2020	16	1626	原版阅读      CNKI AI阅读
1367	心不藏神不寐的理论及实验研究	王庆全	新疆医科大学	博士	2020	9	637	原版阅读      CNKI AI阅读
1368	基于roGFP荧光探针研究化合物对植物根细胞氧化还原电位的影响	张晓红	华南农业大学	硕士	2020		120	原版阅读      CNKI AI阅读
1369	小檗属（Berberis L.）14种药用植物的显微鉴定及生物碱含量研究	黄思雨	南京农业大学	硕士	2020	1	296	原版阅读      CNKI AI阅读
1370	清肺泻肝汤对2型糖尿病胰岛素抵抗模型大鼠脂代谢的影响研究	金香	延边大学	硕士	2020	2	191	原版阅读      CNKI AI阅读
1371	南美白对虾肝胰腺坏死综合征病原学研究与有效抑菌药物的筛选	王爽	广西大学	硕士	2020		178	原版阅读      CNKI AI阅读
1372	黄连素和GW405833对胰腺腺泡细胞钙信号和急性胰腺炎的影响	黄蓉妮	汕头大学	硕士	2020		117	原版阅读      CNKI AI阅读
1373	黄连解毒汤含药脑脊液对Aβ1-42致BV2细胞凋亡及炎症反应的机制研究	彭红梅	成都中医药大学	硕士	2020	6	851	原版阅读      CNKI AI阅读
1374	民国时期“京城四大名医”治疗温病用药规律研究	张宁	北京中医药大学	硕士	2020	5	434	原版阅读      CNKI AI阅读
1375	基于黄煌经验的葛根芩连汤方证研究	李佳音	南京中医药大学	硕士	2020	6	716	原版阅读      CNKI AI阅读
1376	新型直孔限进整体柱的制备及用于体内药物分析的研究	胡瑶瑶	广东药科大学	硕士	2020	1	185	原版阅读      CNKI AI阅读
1377	黄连木抗逆基因PcHsf及PcHsp70-90的功能探究	杨梦缘	北京林业大学	硕士	2020	2	230	原版阅读      CNKI AI阅读
1378	中药白屈菜中生物碱的分离纯化制备与表征	赵田园	大连交通大学	硕士	2020		768	原版阅读      CNKI AI阅读
1379	基于FXR/FGF15/FGFR4通路研究黄连吴茱萸配伍调控胆汁酸代谢发挥降脂效应的作用机制	徐路	成都中医药大学	博士	2020	37	3012	原版阅读      CNKI AI阅读
1380	基于代谢组学与虚拟筛选策略分析的“黄连阿胶汤”中防治慢性肾脏病合并冠心病的药效成分研究	杨柳	天津中医药大学	硕士	2020		57	原版阅读      CNKI AI阅读
1381	连草泻痢胶囊治疗湿热型泄泻的临床疗效观察	王瑶	黑龙江省中医药科学院	硕士	2020	2	74	原版阅读      CNKI AI阅读
1382	基于辛开苦降法治疗儿童肺炎支原体肺炎（痰热闭肺证）的临床研究	栾奕博	黑龙江中医药大学	硕士	2020	6	372	原版阅读      CNKI AI阅读
1383	H型高血压P波离散度特点分析及化痰祛瘀法的干预作用	张可	黑龙江中医药大学	硕士	2020	1	115	原版阅读      CNKI AI阅读
1384	张元素升降浮沉理论在中药组方配伍中应用的研究	闫福平	黑龙江中医药大学	硕士	2020	5	694	原版阅读      CNKI AI阅读
1385	《景岳全书》治疗泄泻的组方配伍特点研究	刘儒佳	黑龙江中医药大学	硕士	2020	8	802	原版阅读      CNKI AI阅读
1386	《丹溪心法》治疗泄泻之方药特点研究	张宸语	黑龙江中医药大学	硕士	2020	3	427	原版阅读      CNKI AI阅读
1387	《济阴纲目》虚劳门方剂配伍特点研究	牟景光	黑龙江中医药大学	硕士	2020	2	319	原版阅读      CNKI AI阅读
1388	枳实薤白桂枝汤合小陷胸汤治疗痰热内阻型稳定型心绞痛的临床观察	吴萍	黑龙江中医药大学	硕士	2020	7	423	原版阅读      CNKI AI阅读
1389	基于H型高血压早期肾损害特点探讨黄连温胆汤加减的干预作用	张岚弛	黑龙江中医药大学	硕士	2020	4	169	原版阅读      CNKI AI阅读
1390	乌梅丸加减治疗泄泻的Meta分析	朱云飞	黑龙江中医药大学	硕士	2020	1	265	原版阅读      CNKI AI阅读
1391	疏肝理气健脾方治疗肝郁脾虚型缓解期溃疡性结肠炎的临床观察	房子铭	黑龙江中医药大学	硕士	2020	8	351	原版阅读      CNKI AI阅读
1392	谢晶日教授治疗溃疡性结肠炎用药规律的研究	刘晨阳	黑龙江中医药大学	硕士	2020	2	294	原版阅读      CNKI AI阅读
1393	萸连配伍对AOM/DSS诱导的小鼠结肠炎癌转化模型的阻延效应及机制研究	汪海	成都中医药大学	硕士	2020	8	911	原版阅读      CNKI AI阅读
1394	中药治疗阿尔茨海默病的文献研究	刘禹	内蒙古民族大学	硕士	2020	15	1205	原版阅读      CNKI AI阅读
1395	《备急千金要方》脾系疾病辨治与用药特点研究	陈翼	成都中医药大学	硕士	2020	7	530	原版阅读      CNKI AI阅读
1396	基于现有证据探讨常用经方在中西医结合控制2型糖尿病血糖控制中的作用	谭力子	天津中医药大学	硕士	2020	2	424	原版阅读      CNKI AI阅读
1397	中药活性物质毛细管电泳筛选及挥发性成分涡旋辅助基质固相分散提取技术研究	刘涛	天津中医药大学	硕士	2020	1	322	原版阅读      CNKI AI阅读
1398	基于文本数据挖掘探讨2型糖尿病的中医方药证治规律	章凯文	北京中医药大学	硕士	2020	13	1600	原版阅读      CNKI AI阅读
1399	基于数据挖掘腻苔的用药规律及慢性胃炎腻苔肠道菌群的初步探讨	孙远远	天津中医药大学	硕士	2020	5	236	原版阅读      CNKI AI阅读
1400	《医学衷中参西录》对仲景清法的继承与发展	邢婧瑜	天津中医药大学	硕士	2020	6	465	原版阅读      CNKI AI阅读
	中文题名	作者	学位授予单位	数据库	学位授予年度	被引	下载	操作
1401	黄连汤治疗脾虚湿热型Hp阳性慢性胃炎的临床研究	纪朋成	天津中医药大学	硕士	2020	8	336	原版阅读      CNKI AI阅读
1402	解毒化湿方治疗Hp相关性慢性糜烂性胃炎（脾胃湿热证）的临床研究	胡云歌	天津中医药大学	硕士	2020	4	241	原版阅读      CNKI AI阅读
1403	基于中医传承辅助平台探讨吴深涛教授治疗糖尿病肾脏疾病的用药规律及临证经验	崔文澜	天津中医药大学	硕士	2020	6	458	原版阅读      CNKI AI阅读
1404	改良柴胡加龙骨牡蛎汤治疗肝经郁热型持续性姿势-知觉性头晕的临床观察	王海燕	山东中医药大学	硕士	2020	4	276	原版阅读      CNKI AI阅读
1405	丁书文教授治疗糖尿病并发冠心病经验总结	邵馨乐	山东中医药大学	硕士	2020	3	146	原版阅读      CNKI AI阅读
1406	阿司匹林和黄连素增溶的实验及理论研究	吴东旭	东南大学	硕士	2020	1	325	原版阅读      CNKI AI阅读
1407	中西医结合治疗HP阳性PU临床疗效meta分析及方药运用规律	买娟娟	暨南大学	硕士	2020	2	99	原版阅读      CNKI AI阅读
1408	黄连-大黄-肉桂复方及其组分配伍对肝癌小鼠证候的影响及其抑制肝癌的作用机制	钱杨杨	上海中医药大学	硕士	2020		155	原版阅读      CNKI AI阅读
1409	D-半乳糖诱导血管衰老大鼠肠道菌群的变化及人参三七川芎提取物的干预作用	王佳丽	中国中医科学院	硕士	2020	11	1049	原版阅读      CNKI AI阅读
1410	基于主要数据库的葛根芩连汤治疗肠炎疾病的临床文献研究	王诗恒	中国中医科学院	硕士	2020	1	578	原版阅读      CNKI AI阅读
1411	胡黄连抑制光感受器细胞退行性改变的效应及相关机制研究	郭红	上海中医药大学	硕士	2020		58	原版阅读      CNKI AI阅读
1412	基于文献数据挖掘的帕金森病中医理法方药研究	吕秀玲	上海中医药大学	博士	2020	2	849	原版阅读      CNKI AI阅读
1413	基于现代医案胃脘痛（慢性胃炎）寒热错杂证辨治经验研究	张林力	贵州中医药大学	硕士	2020	1	279	原版阅读      CNKI AI阅读
1414	芪黄方对超重2型糖尿病患者胰岛素抵抗的研究	吴悦晨	上海中医药大学	硕士	2020		90	原版阅读      CNKI AI阅读
1415	基于“毒-效-证”相关性的乌头用药规律研究	杜丽	山东中医药大学	博士	2020	5	1286	原版阅读      CNKI AI阅读
1416	古今含对药“泽泻-白术”方的文献研究	胡亚洁	山东中医药大学	博士	2020	10	916	原版阅读      CNKI AI阅读
1417	基于知识图谱技术的名老中医慢性胃炎辨证论治方案研究	刘凡	中国中医科学院	博士	2020	41	2936	原版阅读      CNKI AI阅读
1418	半夏泻心汤对糖尿病胰岛细胞的保护作用与机制研究	杜立娟	中国中医科学院	博士	2020	25	1957	原版阅读      CNKI AI阅读
1419	黄连素基于Choline/TMA/TMAO菌群代谢通路抗血栓形成的研究	曲华	中国中医科学院	博士	2020	16	1506	原版阅读      CNKI AI阅读
1420	基于CiteSpace的国内注射疗法治疗直肠脱垂的知识图谱研究	周娇娇	中国中医科学院	博士	2020	21	3619	原版阅读      CNKI AI阅读
1421	经方中人参的应用规律研究	孙梦楠	山东中医药大学	硕士	2020	4	618	原版阅读      CNKI AI阅读
1422	经方中半夏的应用规律研究	寇本沧	山东中医药大学	硕士	2020	4	418	原版阅读      CNKI AI阅读
1423	基于SCF/C-kit通路探讨黄连解毒汤对于脑出血合并胃肠功能障碍的临床疗效	翟容乾	山东中医药大学	硕士	2020	7	164	原版阅读      CNKI AI阅读
1424	余师愚运用五运六气理论防治疫病文献研究	陈怡君	山东中医药大学	硕士	2020		386	原版阅读      CNKI AI阅读
1425	基于复杂网络技术的林慧娟教授诊治心系疾病临床处方用药规律分析研究	韩松君	山东中医药大学	硕士	2020	2	131	原版阅读      CNKI AI阅读
1426	黄连温胆汤加减治疗痰热扰心型冠心病室性早搏的临床疗效观察	牛振超	山东中医药大学	硕士	2020	7	204	原版阅读      CNKI AI阅读
1427	基于数据挖掘技术的施今墨先生治疗消化系疾病的学术思想和临床经验总结	郭凡雯	山东中医药大学	硕士	2020	1	317	原版阅读      CNKI AI阅读
1428	基于开阖枢理论运用黄连阿胶汤治疗不寐的临床疗效观察	吴晓跃	山东中医药大学	硕士	2020	9	324	原版阅读      CNKI AI阅读
1429	基于数据挖掘的迟莉丽教授辨治溃疡性结肠炎的规律研究	刘佳卉	山东中医药大学	硕士	2020	5	192	原版阅读      CNKI AI阅读
1430	消化道恶性肿瘤的用药规律研究及典型案例介绍	许欣欣	山东中医药大学	硕士	2020	5	367	原版阅读      CNKI AI阅读
1431	加味黄连解毒散稳定性及对母猪便秘的临床疗效研究	李渔欢	湖南农业大学	硕士	2020	1	166	原版阅读      CNKI AI阅读
1432	半夏泻心汤传统汤剂与配方颗粒剂主要成分差异比较研究	李曼菁	中国中医科学院	硕士	2020	13	1025	原版阅读      CNKI AI阅读
1433	清热解毒法治疗2型糖尿病合并幽门螺杆菌感染的临床疗效研究	张东东	山东中医药大学	硕士	2020		49	原版阅读      CNKI AI阅读
1434	黄连解毒汤治疗小鼠急性溃疡性结肠炎疗效的评价及其作用机制研究	袁子文	甘肃农业大学	博士	2020	27	2908	原版阅读      CNKI AI阅读
1435	经典名方半夏泻心汤制备工艺及质量标准研究	孙博	哈尔滨商业大学	硕士	2020	1	789	原版阅读      CNKI AI阅读
1436	基于白头翁汤的滴丸制剂制备工艺及质量评价研究	郭旭超	哈尔滨商业大学	硕士	2020		274	原版阅读      CNKI AI阅读
1437	黄连素对鱼藤酮/MPP+处理的SH-SY5Y细胞以及MPTP制备的帕金森病模型小鼠的保护作用及机制探讨	邓晗	青岛大学	硕士	2020	5	868	原版阅读      CNKI AI阅读
1438	胡黄连苷对SH-SY5Y细胞OGD/R损伤的保护机制和剂量优化	王潇璐	青岛大学	硕士	2020	2	294	原版阅读      CNKI AI阅读
1439	基于代谢组学探索大黄黄连泻心汤抗脑缺血的分子作用机制	祁琳	哈尔滨商业大学	硕士	2020	5	665	原版阅读      CNKI AI阅读
1440	基于数据挖掘的国医大师李士懋“火郁发之”用药规律研究	王静宇	河北中医学院	硕士	2020	7	320	原版阅读      CNKI AI阅读
1441	交泰丸抗老年性痴呆药效及其作用机制研究	张明哲	广西中医药大学	硕士	2020	2	151	原版阅读      CNKI AI阅读
1442	基于数据挖掘研究丁书文教授治疗房颤的方药规律及临床疗效	王晓红	山东中医药大学	硕士	2020	2	174	原版阅读      CNKI AI阅读
1443	黄连逐瘀汤对代谢综合征大鼠脂多糖-TLR4-NF-κB网络及炎性因子的影响	曹振华	山西中医药大学	硕士	2020	5	533	原版阅读      CNKI AI阅读
1444	黄连紫草膏对Ⅲ期难愈性压疮创面的临床疗效观察	张燕平	河南中医药大学	硕士	2020		292	原版阅读      CNKI AI阅读
1445	旅游地特色食品的包装设计研究——以赣西北特色食品黄连麻糍为对象	郭文娟	南昌大学	硕士	2020	6	441	原版阅读      CNKI AI阅读
1446	高建忠运用温胆汤的证治规律研究	张鑫	山西中医药大学	硕士	2020	1	375	原版阅读      CNKI AI阅读
1447	门九章教授干姜配伍的方证经验研究	韩娅雅	山西中医药大学	硕士	2020	5	326	原版阅读      CNKI AI阅读
1448	七方胃痛颗粒的质量控制研究	魏博伟	广西中医药大学	硕士	2020		760	原版阅读      CNKI AI阅读
1449	外翻肠囊法研究黄连吴茱萸类方不同配比的肠吸收机制	王旭	哈尔滨商业大学	硕士	2020	3	289	原版阅读      CNKI AI阅读
1450	基于16S rDNA分析黄连解毒汤对高脂饲养的SHR肠道菌群的影响	尹胡海	广西中医药大学	硕士	2020	10	465	原版阅读      CNKI AI阅读
	中文题名	作者	学位授予单位	数据库	学位授予年度	被引	下载	操作
1451	地黄土壤微生物的宏基因组学研究	李询	河南中医药大学	硕士	2020	2	645	原版阅读      CNKI AI阅读
1452	甲基黄连碱靶向Aurora-B抑制银屑病的机制研究	倪小芳	华中科技大学	硕士	2020		123	原版阅读      CNKI AI阅读
1453	纪录片《本草中国》汉英交替传译模拟实践报告	张玉	内蒙古大学	硕士	2020		162	原版阅读      CNKI AI阅读
1454	复方贞术调脂方及有效成分黄连素对肝纤维化小鼠肠道屏障的干预研究	庄黎航	广东药科大学	硕士	2020	6	365	原版阅读      CNKI AI阅读
1455	基于医案关联规则分析的四逆散方证研究	吕丽容	广西中医药大学	硕士	2020	1	136	原版阅读      CNKI AI阅读
1456	基于医案数据分析探讨半夏泻心汤的方证研究	李斌斌	广西中医药大学	硕士	2020	8	467	原版阅读      CNKI AI阅读
1457	两种黄连内生真菌和金山五味子的化学成分研究	季嘉诚	中南民族大学	硕士	2020	5	205	原版阅读      CNKI AI阅读
1458	基于数据挖掘的陈四清诊治HBeAg阴性慢性乙型病毒性肝炎的经验研究	胡秋红	南京中医药大学	硕士	2020		205	原版阅读      CNKI AI阅读
1459	黄连素经Hsa-miR-411-3P作用于胃癌细胞的功能及机制研究	陈雪艳	广东药科大学	硕士	2020	3	164	原版阅读      CNKI AI阅读
1460	鲁中山地丘陵同质生境内17个树种根叶功能性状的比较	刘洪凯	山东农业大学	硕士	2020	3	625	原版阅读      CNKI AI阅读
1461	冰片对黄连素在白羽肉鸡体内组织分布影响作用的研究	刘译心	山东农业大学	硕士	2020	3	149	原版阅读      CNKI AI阅读
1462	基于真实世界数据驱动的糖尿病中医适应性治疗策略研究	文天才	西北工业大学	博士	2020		98	原版阅读      CNKI AI阅读
1463	徐灵胎通治方配伍特点研究	郝峰	黑龙江中医药大学	博士	2020	3	421	原版阅读      CNKI AI阅读
1464	腻苔的病因病机与治疗用药及泄泻腻苔菌群结构研究	齐城成	江西中医药大学	博士	2020	9	445	原版阅读      CNKI AI阅读
1465	地黄连作障碍发生的生物机制及其消减措施研究	杜家方	华中农业大学	博士	2020	31	1501	原版阅读      CNKI AI阅读
1466	清热药治疗2型糖尿病用药规律及其对调节肠道菌群作用机制研究	王逗逗	北京中医药大学	博士	2020	18	2170	原版阅读      CNKI AI阅读
1467	2型糖尿病清热益气治法的传承及机制研究	孙瑞茜	北京中医药大学	博士	2020	7	998	原版阅读      CNKI AI阅读
1468	基于数据挖掘的刘铁军教授运用附子类方治疗脾胃病的组方规律研究	李若愚	长春中医药大学	博士	2020	8	947	原版阅读      CNKI AI阅读
1469	抑菌颗粒剂的研究报告	陈江辉	延边大学	硕士	2020		92	原版阅读      CNKI AI阅读
1470	基于Wnt信号通路探究葛根素-甘草次酸协同配伍的生物机制	李彦萍	北京中医药大学	硕士	2020		110	原版阅读      CNKI AI阅读
1471	中草药复方三黄连合剂的临床试验研究	王春会	广西大学	硕士	2020		39	原版阅读      CNKI AI阅读
1472	三黄连散预防罗非鱼链球菌病的临床药效学及安全性研究	禹方晓	广西大学	硕士	2020	1	55	原版阅读      CNKI AI阅读
1473	岩黄连总生物碱开发肠道微生态调节剂的可行性探讨	刘西	广西医科大学	硕士	2020		117	原版阅读      CNKI AI阅读
1474	川产黄连资源调查及三角叶黄连组织快繁体系初探	陈思汛	四川农业大学	硕士	2020	3	271	原版阅读      CNKI AI阅读
1475	康儿灵颗粒的工艺优化与质量标准提升	金诚	上海中医药大学	硕士	2020	2	609	原版阅读      CNKI AI阅读
1476	医疗机构制剂抗瘤增效颗粒药学研究	吴阳阳	上海中医药大学	硕士	2020		260	原版阅读      CNKI AI阅读
1477	益生菌添加剂和养殖密度对育肥猪生长性能的影响	韩铁铮	华南农业大学	硕士	2020	2	211	原版阅读      CNKI AI阅读
1478	黄连素治疗精神分裂症患者代谢综合征的临床研究——一项三臂随机对照试验	张莉	苏州大学	硕士	2020		153	原版阅读      CNKI AI阅读
1479	基于数据分析探讨高子平教授治疗痤疮的证治规律及用药特点	汪宁	成都中医药大学	硕士	2020	2	182	原版阅读      CNKI AI阅读
1480	耦合理念引导下的城市山地植物群落景观营造研究——以南京李家山官窑山景观提升为例	陈媛	东南大学	硕士	2020	5	432	原版阅读      CNKI AI阅读
1481	自拟复方中药对鹌鹑源大肠杆菌耐药消除的研究	李鑫	四川农业大学	硕士	2020		144	原版阅读      CNKI AI阅读
1482	七味中药对金黄色葡萄球菌耐药性消除作用的研究	丛彬	湖南农业大学	硕士	2020	6	485	原版阅读      CNKI AI阅读
1483	邹澍本草著作的隐喻认知研究	孙涛	南宁师范大学	硕士	2020	1	230	原版阅读      CNKI AI阅读
1484	Fmoc-氨基酸抗菌水凝胶的构建及生物活性研究	张艳文	天津科技大学	硕士	2020		230	原版阅读      CNKI AI阅读
1485	复方黄柏液及其成分黄连素抗糖尿病溃疡作用及分子机制研究	周瑞	云南中医药大学	硕士	2020	5	645	原版阅读      CNKI AI阅读
1486	岩黄连对慢性肝性脑病大鼠的影响及其作用机制的研究	阮景晟	广西医科大学	硕士	2020		147	原版阅读      CNKI AI阅读
1487	盐酸小檗碱抗非小细胞肺癌的研究	李忠杰	江南大学	硕士	2020	6	421	原版阅读      CNKI AI阅读
1488	加味黄连温胆汤对高血压病患者P波离散度、左室质量指数的影响	任明嘉	黑龙江中医药大学	硕士	2020	5	148	原版阅读      CNKI AI阅读
1489	黄连解毒汤调节脂代谢改善LPS诱导斑马鱼及高脂叠加APP/PS1小鼠炎症研究	周俊怡	中国中医科学院	硕士	2020	9	1185	原版阅读      CNKI AI阅读
1490	基于太赫兹光谱技术与化学计量学方法的中药识别研究	章龙	南京林业大学	硕士	2020	8	447	原版阅读      CNKI AI阅读
1491	施今墨对药配方对2型糖尿病大鼠胰岛细胞凋亡的影响	马雷雷	华北理工大学	硕士	2020	4	397	原版阅读      CNKI AI阅读
1492	施今墨对药配方对T2DM大鼠骨骼肌胰岛素抵抗的影响	王雪楠	华北理工大学	硕士	2020	4	118	原版阅读      CNKI AI阅读
1493	基于气络理论连陈汤加味治疗络郁湿阻型肥胖的疗效观察	崔嘉雯	黑龙江中医药大学	硕士	2020	3	129	原版阅读      CNKI AI阅读
1494	连陈汤治疗脾虚湿阻型肥胖的疗效观察及对肠道菌群的影响	刘翠翠	黑龙江中医药大学	硕士	2020	22	535	原版阅读      CNKI AI阅读
1495	黄连解毒汤合桂枝茯苓汤治疗不稳定性心绞痛（瘀热相搏型）的临床观察	张彩凤	黑龙江中医药大学	硕士	2020	1	245	原版阅读      CNKI AI阅读
1496	倍蚜寄主盐肤木属叶绿体全基因组及进化意义	徐玉洁	山西大学	硕士	2020	5	310	原版阅读      CNKI AI阅读
1497	黄连素调节中性粒细胞表型改善阿霉素耐药机制研究	张舒慧	河南大学	硕士	2020	1	428	原版阅读      CNKI AI阅读
1498	黄连壮苗稀植栽培技术及产地初加工干燥方法研究	马玉涛	华中农业大学	硕士	2020	10	459	原版阅读      CNKI AI阅读
1499	基于数据挖掘《中医方剂大辞典》治疗消渴方药证治规律研究	杨倩	辽宁中医药大学	硕士	2020	2	339	原版阅读      CNKI AI阅读
1500	基于数据发掘宋金元时期治疗痢疾的用药规律研究	周洁	湖南中医药大学	硕士	2020	1	154	原版阅读      CNKI AI阅读
	中文题名	作者	学位授予单位	数据库	学位授予年度	被引	下载	操作
1501	基于文献研究中医外治方治疗痤疮剂型应用及用药规律探究	时晓婷	辽宁中医药大学	硕士	2020	3	379	原版阅读      CNKI AI阅读
1502	李明权教授治疗糖尿病肾病蛋白尿组方规律及核心处方网络药理学研究	吴海丽	成都中医药大学	硕士	2020	6	555	原版阅读      CNKI AI阅读
1503	黄连五年连作对土壤微生物群落的影响	马博文（MOHAMMAD MURTAZA ALAMI）	华中农业大学	硕士	2020	4	260	原版阅读      CNKI AI阅读
1504	国医大师熊继柏诊治肺癌临床经验挖掘研究	黄亮	湖南中医药大学	硕士	2020	18	621	原版阅读      CNKI AI阅读
1505	基于文献研究人与动物“痢疾”辨证论治的差异	汤意远	湖南中医药大学	硕士	2020		121	原版阅读      CNKI AI阅读
1506	基于数据挖掘易水学派及河间学派治疗痞满的用药规律研究及比较	陈婕	湖南中医药大学	硕士	2020	6	300	原版阅读      CNKI AI阅读
1507	斑点叉尾鮰出血病病原鉴定及中草药筛选	陶莎	贵州大学	硕士	2020	7	339	原版阅读      CNKI AI阅读
1508	B-HA、黄芪、黄连对人中性粒细胞吞噬功能及移走运动影响的研究	吴雅慧	东北农业大学	硕士	2020	1	187	原版阅读      CNKI AI阅读
1509	《伤寒论》“方-药-证”关系研究	孙筱筱	北京中医药大学	硕士	2020	8	1159	原版阅读      CNKI AI阅读
1510	半夏泻心汤方证研究	张楚楚	北京中医药大学	硕士	2020	4	711	原版阅读      CNKI AI阅读
1511	基于Galectin-3介导的TGF-β1/Smad3通路探讨参连复脉颗粒抗炎抗早期纤维化机制	蔡芸	北京中医药大学	硕士	2020	2	353	原版阅读      CNKI AI阅读
1512	黄连温胆汤加减治疗失眠症痰热扰心证的临床观察	黄巧捷	湖南中医药大学	硕士	2020	13	386	原版阅读      CNKI AI阅读
1513	唐旭东教授论治胃食管反流病经验挖掘及网络药理学研究	郭瑞	北京中医药大学	硕士	2020	4	598	原版阅读      CNKI AI阅读
1514	慢性萎缩性胃炎脾气虚证与T细胞亚群相关性研究及导师经验总结	吴陈娟	北京中医药大学	硕士	2020	4	250	原版阅读      CNKI AI阅读
1515	俞根初《通俗伤寒论》厥阴病证治研究	张楠	北京中医药大学	硕士	2020	5	544	原版阅读      CNKI AI阅读
1516	愈肤方防治急性放射性皮炎的疗效与安全性评价	岳佳佳	北京中医药大学	硕士	2020	3	241	原版阅读      CNKI AI阅读
1517	三阴三阳体质量表再评价与赵进喜治疗阳明体质2型糖尿病经验总结	黄晓强	北京中医药大学	硕士	2020	4	428	原版阅读      CNKI AI阅读
1518	抗炎透明质酸片段和植物提取物对鼻咽喉炎的局部治疗效果和产品机制研究	薄乐	东北农业大学	硕士	2020		189	原版阅读      CNKI AI阅读
1519	葛根芩连汤调控炎症通路改善降糖效应的物质基础和作用机制研究	吴青华	江西中医药大学	硕士	2020	10	602	原版阅读      CNKI AI阅读
1520	黄连温胆汤加味穴位贴敷对痰热型原发性高血压患者24小时动态血压的影响	王淑婉	河北北方学院	硕士	2020		118	原版阅读      CNKI AI阅读
1521	许家栋经典经方学术思想总结及阳明四法药证规律研究	林锋敏	广州中医药大学	硕士	2020	8	871	原版阅读      CNKI AI阅读
1522	基于王孟英《舌辨》与经方医案为考察中心的望舌辨证研究	束永康	广州中医药大学	硕士	2020	2	393	原版阅读      CNKI AI阅读
1523	基于数据挖掘的刘真教授运用膏方治疗冠心病稳定型心绞痛的经验研究	史艳丹	河北北方学院	硕士	2020	3	121	原版阅读      CNKI AI阅读
1524	许昌市古树名木现状资源调查与综合评价	王亚洲	河南科技大学	硕士	2020	8	471	原版阅读      CNKI AI阅读
1525	饲料中添加黄连素对草鱼幼鱼脂肪蓄积的影响及其机制分析	靳雅琦	天津农学院	硕士	2020	5	382	原版阅读      CNKI AI阅读
1526	以microRNA G-四链体结构为靶点的化学小分子调控癌症相关基因表达研究	席敏	重庆大学	硕士	2020	1	147	原版阅读      CNKI AI阅读
1527	离子液体辅助提取葡萄籽中原花青素的工艺研究	王敏敏	大连工业大学	硕士	2020	2	417	原版阅读      CNKI AI阅读
1528	龙岩地质公园地质遗迹特征及对比分析	王雅薇	中国地质大学(北京)	硕士	2020	2	262	原版阅读      CNKI AI阅读
1529	新型离子液体整体色谱材料制备及性能研究	周玉凤	河北大学	硕士	2020		163	原版阅读      CNKI AI阅读
1530	冷炎教授治疗慢性糜烂性胃炎用药规律研究	陈世超	长春中医药大学	硕士	2020	9	162	原版阅读      CNKI AI阅读
1531	《伤寒论》中治利法的研究	卢俊鹏	长春中医药大学	硕士	2020	2	313	原版阅读      CNKI AI阅读
1532	基于中医传承辅助平台探讨黄飞翔主任医师治疗心悸的用药规律	陈榕榕	福建中医药大学	硕士	2020	8	391	原版阅读      CNKI AI阅读
1533	半夏泻心汤加味治疗寒热错杂型儿童幽门螺杆菌相关胃脘痛的临床疗效观察	李溦	福建中医药大学	硕士	2020	6	209	原版阅读      CNKI AI阅读
1534	交泰安神方治疗心肾不交型失眠症患者的临床疗效观察	陈琳	福建中医药大学	硕士	2020	10	372	原版阅读      CNKI AI阅读
1535	基于中医传承辅助系统挖掘马凤琴教授治疗胃癌前病变的用药经验	方秀秀	河北大学	硕士	2020	3	251	原版阅读      CNKI AI阅读
1536	黄连素通过调控SIRT1/Opa1通路改善肝胰岛素抵抗的作用及机制研究	徐佳	吉林大学	硕士	2020	8	493	原版阅读      CNKI AI阅读
1537	黄连素通过激活AMPK/mTOR保护高糖损伤视锥及色素上皮细胞的作用机制研究	张占强	吉林大学	硕士	2020	3	370	原版阅读      CNKI AI阅读
1538	黄连温胆汤加减治疗糖尿病前期（糖耐量受损IGT）湿热蕴脾证的临床研究	庄新茹	长春中医药大学	硕士	2020	10	385	原版阅读      CNKI AI阅读
1539	黄连总生物碱与三七总皂苷组合物对糖尿病合并冠心病药效作用及作用机制研究	王晓	长春中医药大学	硕士	2020	5	424	原版阅读      CNKI AI阅读
1540	黄连多糖对糖尿病大鼠肾脏损伤的保护作用及机制研究	周东月	长春中医药大学	硕士	2020	9	288	原版阅读      CNKI AI阅读
1541	术芍化湿汤治疗小儿腹泻（湿热泻）临床疗效评价	周梦晓	长春中医药大学	硕士	2020	5	202	原版阅读      CNKI AI阅读
1542	中药复方发酵粉对断奶仔猪生产性能、养分利用和肠道微生物的影响	曲浩杰	山东农业大学	硕士	2020	17	800	原版阅读      CNKI AI阅读
1543	基于数据挖掘系统总结赵建军教授治疗失眠的经验	王旭	长春中医药大学	硕士	2020	7	290	原版阅读      CNKI AI阅读
1544	养阴安神汤治疗失眠症（阴虚火旺证）的临床观察	张惠	长春中医药大学	硕士	2020		161	原版阅读      CNKI AI阅读
1545	基于数据挖掘系统总结赵建军教授治疗抑郁症的临床经验	贾明阳	长春中医药大学	硕士	2020	1	295	原版阅读      CNKI AI阅读
1546	黄连素通过抑制ROS-内质网应激减轻棕榈酸诱导的足细胞凋亡	向星阳	重庆医科大学	硕士	2020	4	358	原版阅读      CNKI AI阅读
1547	黄连素在实验性自身免疫性葡萄膜炎中的作用及机制研究	杜子玉	重庆医科大学	硕士	2020	5	375	原版阅读      CNKI AI阅读
1548	牛学恩教授治疗慢性萎缩性胃炎用药规律分析	王芳芳	河南中医药大学	硕士	2020	1	109	原版阅读      CNKI AI阅读
1549	黄连解毒汤体内外化学成分分析及其干预糖尿病脑病的代谢组学研究	曹东敏	广东药科大学	硕士	2020	7	1009	原版阅读      CNKI AI阅读
1550	五味消渴方合白虎汤治疗胃热炽盛证2型糖尿病的临床研究	吴耿旭	广西中医药大学	硕士	2020	2	282	原版阅读      CNKI AI阅读
	中文题名	作者	学位授予单位	数据库	学位授予年度	被引	下载	操作
1551	“一镇一品”战略下石柱黄连产品品牌包装设计	罗琳凤	湖南工业大学	硕士	2020	2	219	原版阅读      CNKI AI阅读
1552	黄连解毒汤联合盐酸多奈哌齐片治疗阿尔茨海默病（心肝火旺型）的临床疗效观察	杨青	湖北中医药大学	硕士	2020	13	339	原版阅读      CNKI AI阅读
1553	黄紫乳膏治疗慢性局限性湿疹临床观察	胡曼丽	湖北中医药大学	硕士	2020	3	237	原版阅读      CNKI AI阅读
1554	王氏连朴饮的方证相关研究	刘之义	湖北中医药大学	硕士	2020	7	472	原版阅读      CNKI AI阅读
1555	《千金方》儿科病证方药研究	蒋立卫	上海中医药大学	硕士	2020	4	298	原版阅读      CNKI AI阅读
1556	黄连提取物中天然纳米粒促进小檗碱肠道吸收的机制研究	赵青	上海中医药大学	硕士	2020	1	263	原版阅读      CNKI AI阅读
1557	胡黄连苷Ⅱ对蛛网膜下腔出血大鼠的脑保护作用机制相关研究	缪皑驰	上海中医药大学	硕士	2020	1	65	原版阅读      CNKI AI阅读
1558	黛柏湿疹膏联合封包疗法治疗慢性湿疹的临床研究	李静	上海中医药大学	硕士	2020	4	139	原版阅读      CNKI AI阅读
1559	基于化感作用的新型抑藻剂筛选及其生态安全性初探	周伟	上海海洋大学	硕士	2020	3	368	原版阅读      CNKI AI阅读
1560	基于网络药理学和蛋白质组学的半夏泻心汤抗慢性胃炎作用机制研究	纪万里	上海中医药大学	博士	2020	3	872	原版阅读      CNKI AI阅读
1561	清化方及其组分黄连素影响表观调控分子SETD2在治疗非酒精性肝脂肪变性中的作用及其机制研究	卢双	上海中医药大学	硕士	2020		93	原版阅读      CNKI AI阅读
1562	黄连水提物通过TRIM28蛋白影响血管内皮细胞芽生能力的研究	赵院院	上海中医药大学	硕士	2020	1	77	原版阅读      CNKI AI阅读
1563	酸枣仁汤加减治疗糖尿病伴失眠阴虚内热型的临床研究	熊微	湖北中医药大学	硕士	2020	14	479	原版阅读      CNKI AI阅读
1564	李家庚教授学术思想及辨治脾胃病的经验研究	魏仁贤	湖北中医药大学	博士	2020	17	1685	原版阅读      CNKI AI阅读
1565	基础设施建设中的村民合作研究——以石柱土家族自治县国峰村修路活动为例	刘坤	西南大学	硕士	2020		70	原版阅读      CNKI AI阅读
1566	基于复杂网络技术的熊继柏教授辨证论治规律研究	白景瑄	上海中医药大学	硕士	2020	3	243	原版阅读      CNKI AI阅读
1567	五倍子复方外用治疗痤疮的组方筛选、抑菌活性评价及机制初探	杨香玉	吉首大学	硕士	2020	7	955	原版阅读      CNKI AI阅读
1568	黄连解毒汤中13种活性成分的HPLC检测及其有效部位筛选与物质组方安全性评价	杨丽宏	甘肃农业大学	硕士	2020	12	748	原版阅读      CNKI AI阅读
1569	基于1型味觉受体信号通路探索清化颗粒促进小鼠肠道合成胰高血糖素样肽-1的实验研究	张萍	上海中医药大学	硕士	2020	1	148	原版阅读      CNKI AI阅读
1570	基于数据挖掘的周永明教授治疗原发免疫性血小板减少症的学术经验传承研究	亓雪燕	上海中医药大学	硕士	2020	2	90	原版阅读      CNKI AI阅读
1571	黄连素对耐碳青霉烯类铜绿假单胞菌外排泵MexAB-OprM的作用研究	王志盛	河南中医药大学	硕士	2020	3	220	原版阅读      CNKI AI阅读
1572	基于数据挖掘技术分析中药治疗糖尿病前期用药规律的研究	李玉萍	河南中医药大学	硕士	2020		253	原版阅读      CNKI AI阅读
1573	化痰活血清热方治疗冠脉临界病变痰瘀热证相关miRNA-mRNA基因差异表达谱及AS分子机制研究	关庆亚	湖北中医药大学	博士	2020	4	627	原版阅读      CNKI AI阅读
1574	黄连素/聚己内酯/胶原复合电纺纤维支架的构建及其对骨缺损修复的研究	马兰	南京大学	硕士	2020		108	原版阅读      CNKI AI阅读
1575	中药单体小檗碱抗多发性骨髓瘤靶点鉴定及分子作用机制研究	古春明	暨南大学	博士	2020		445	原版阅读      CNKI AI阅读
1576	负载黄连素的壳聚糖温敏水凝胶的制备及体外抑菌研究	柳玉梅	南京大学	硕士	2020	3	1307	原版阅读      CNKI AI阅读
1577	千金黄连干姜汤肠溶微丸的制备与评价	韦妍妍	广州中医药大学	博士	2020		174	原版阅读      CNKI AI阅读
1578	黄连素配伍番泻苷A保护糖尿病鼠肠道结构与功能及降糖机制研究	马丽	上海交通大学	博士	2020	1	539	原版阅读      CNKI AI阅读
1579	消渴饮水组分复方的配伍和治疗2型糖尿病的作用与机制研究	周杰文	华中科技大学	博士	2020	6	594	原版阅读      CNKI AI阅读
1580	中药寒热量化评价细胞平台的构建—寒药银对肿瘤细胞的抑制作用观察	王玥	北京中医药大学	博士	2020	3	581	原版阅读      CNKI AI阅读
1581	糖肾汤治疗早期糖尿病肾病临床观察及老年糖尿病肾病与衰弱的关联	范婷	北京中医药大学	博士	2020	2	742	原版阅读      CNKI AI阅读
1582	经方50味药物在历代日本汉方医家中的用药剂量研究	崔衣林	北京中医药大学	博士	2020	6	886	原版阅读      CNKI AI阅读
1583	痞满证治规律的中医古籍数据挖掘研究	李宛泽	广州中医药大学	博士	2020	10	2388	原版阅读      CNKI AI阅读
1584	基于冠心病痰证理论探讨温胆汤的体内药效物质和抗动脉粥样硬化作用机制	陈玄晶	广州中医药大学	博士	2020	7	688	原版阅读      CNKI AI阅读
1585	仲景清法与其它治法的配伍运用规律研究	李慧珍	江西中医药大学	硕士	2022	1	147	原版阅读      CNKI AI阅读
1586	文华图书馆学专科学校本科女性研究	符夏莹	江西师范大学	硕士	2020	2	176	原版阅读      CNKI AI阅读
1587	三种中草药对黄羽肉鸡生产性能和抗氧化能力的影响	刘承鑫	佛山科学技术学院	硕士	2020	9	339	原版阅读      CNKI AI阅读
1588	甲基黄连碱靶向抑制JNK2预防日光性皮炎及分子机制研究	马腾飞	华中科技大学	硕士	2020	1	218	原版阅读      CNKI AI阅读
1589	怀地黄连作障碍机理研究和消减技术探讨	王晓芳	河南师范大学	硕士	2020	2	228	原版阅读      CNKI AI阅读
1590	基于高灵敏质谱的天然药物活性成分分析新方法的研究	杨娟	杭州师范大学	硕士	2021		237	原版阅读      CNKI AI阅读
1591	情志相关性泄泻的方药及中医心理治疗文献研究	李伟	云南中医药大学	硕士	2020	7	391	原版阅读      CNKI AI阅读
1592	六味地黄连柏汤治疗老年2型糖尿病肾阴亏虚兼湿热证临床观察	宋云	云南中医药大学	硕士	2020	3	196	原版阅读      CNKI AI阅读
1593	基于数据挖掘林晓峰教授治疗心房颤动的用药规律研究	武彩芳	黑龙江中医药大学	硕士	2020		161	原版阅读      CNKI AI阅读
1594	腹泻型肠易激综合征用药规律研究	李蒙	陕西中医药大学	硕士	2020		274	原版阅读      CNKI AI阅读
1595	从热论治老年性痴呆诊疗经验研究	吴珊	陕西中医药大学	硕士	2020	7	372	原版阅读      CNKI AI阅读
1596	左金丸加味治疗幽门螺杆菌的疗效观察	步雅倩	中国医科大学	硕士	2020	3	138	原版阅读      CNKI AI阅读
1597	黄连解毒汤对HLP大鼠肝脏脂质代谢紊乱及细胞焦亡作用机制研究	吴佳蔓	辽宁中医药大学	硕士	2020	4	374	原版阅读      CNKI AI阅读
1598	基于α7nAchR探讨黄连解毒汤对Aβ1-42诱导的小胶质细胞炎症反应的作用机制	陈金鑫	成都中医药大学	硕士	2020	7	376	原版阅读      CNKI AI阅读
1599	古代名家痞满医案的文献整理和数据挖掘研究	吴娟娟	浙江中医药大学	硕士	2020	4	477	原版阅读      CNKI AI阅读
1600	基于六经辨证探讨脾胃病证治规律	叶彤	辽宁中医药大学	硕士	2020		631	原版阅读      CNKI AI阅读
	中文题名	作者	学位授予单位	数据库	学位授予年度	被引	下载	操作
1601	黄连在古代消渴及其相关病症治疗中的应用规律研究	关婧婷	辽宁中医药大学	硕士	2020	4	193	原版阅读      CNKI AI阅读
1602	中医药综合防治糖尿病前期的系统评价及用药规律分析	曲超	辽宁中医药大学	硕士	2020	4	315	原版阅读      CNKI AI阅读
1603	从湿热论治幽门螺杆菌相关性胃炎经验总结及文献证治规律研究	李珂	辽宁中医药大学	硕士	2020	4	176	原版阅读      CNKI AI阅读
1604	Fe3O4@ZIF-8核壳结构材料的制备、表征及E-Fenton氧化降解性能研究	李丽	大连理工大学	硕士	2020	2	865	原版阅读      CNKI AI阅读
1605	南武夷地区新元古界—下古生界沉积物源及其大地构造环境研究	江涧	合肥工业大学	硕士	2020	1	148	原版阅读      CNKI AI阅读
1606	基于中医传承辅助平台探讨米子良教授诊治胃痞的用药规律	任园	内蒙古医科大学	硕士	2020	5	225	原版阅读      CNKI AI阅读
1607	蒙成药小儿清肺八味丸质量控制方法研究	赵丽娜	内蒙古医科大学	硕士	2020	3	299	原版阅读      CNKI AI阅读
1608	铁基纳米酶协同戈登链球菌清除口腔龋齿生物膜的作用效果及机制研究	王砚秋	扬州大学	硕士	2020		509	原版阅读      CNKI AI阅读
1609	大黄黄连泻心汤对2型糖尿病大鼠骨骼肌中AMPKα、PGC-1α、GLUT4表达的影响	郝建华	内蒙古医科大学	硕士	2020	4	243	原版阅读      CNKI AI阅读
1610	基于PI3K/AKT/mTOR信号通路探讨交泰丸及其拆方抗抑郁的作用机制	冯曼	天津中医药大学	硕士	2020	14	440	原版阅读      CNKI AI阅读
1611	清胃散加减治疗胃火炽盛证糜烂性胃炎的临床研究	闵沙	北京中医药大学	硕士	2020	4	236	原版阅读      CNKI AI阅读
1612	基于文献统计探究中医药治疗失眠的时辰用药规律	林亮吟	北京中医药大学	硕士	2020	5	555	原版阅读      CNKI AI阅读
1613	基于数据挖掘技术探讨杨晋翔教授治疗萎缩性胃炎的用药规律	杨英姿	北京中医药大学	硕士	2020	1	240	原版阅读      CNKI AI阅读
1614	刘文峰教授中医药治疗糖尿病酮症及酮症酸中毒的临床经验探究	王红	天津中医药大学	硕士	2020	1	278	原版阅读      CNKI AI阅读
1615	基于数据挖掘方法研究周正华治疗溃疡性结肠炎用药规律及其分子机制初探	王婧夷	天津中医药大学	硕士	2020	2	363	原版阅读      CNKI AI阅读
1616	基于层次分析法规划昆明市的园林树种	朱奕婕	昆明理工大学	硕士	2020	14	763	原版阅读      CNKI AI阅读
1617	华北南缘中元古代地层特征及沉积古地理研究	王淼	中国地质大学(北京)	硕士	2020	3	359	原版阅读      CNKI AI阅读
1618	马鸿斌教授治疗慢性肾功能衰竭（CKD2-4期）经验总结及用药规律研究	凌必时	甘肃中医药大学	硕士	2020	3	347	原版阅读      CNKI AI阅读
1619	基于高分辨质谱和同位素质谱的黄连产地快速鉴定技术研究	杜华	重庆医科大学	硕士	2020	4	470	原版阅读      CNKI AI阅读
1620	敦煌医学汉文文献中独立成方之角药及配伍规律研究	叶红	甘肃中医药大学	硕士	2020	10	340	原版阅读      CNKI AI阅读
1621	黄连素对糖尿病大鼠肝脏内质网应激的调节作用	贺云	甘肃中医药大学	硕士	2020	2	285	原版阅读      CNKI AI阅读
1622	黄连治疗特应性皮炎活性成分及提取物质量标准研究	吴思琦	西南大学	硕士	2020	3	547	原版阅读      CNKI AI阅读
1623	香连丸有效成分的提取、安全性评价及其对化疗腹泻小鼠的影响	黄洁瑶	西南大学	硕士	2020	1	319	原版阅读      CNKI AI阅读
1624	黄连活性成分分离及抑制人皮脂腺细胞雄性激素合成机制研究	刘武阳	西南大学	硕士	2020	5	1076	原版阅读      CNKI AI阅读
1625	几种作物与种植施肥模式对蚯蚓的影响	陈浩	西南大学	硕士	2020	3	126	原版阅读      CNKI AI阅读
1626	腹膜透析患者的肠道菌群特征及“调脾泄浊方”对其影响	梁珏瑶	广州中医药大学	博士	2020		106	原版阅读      CNKI AI阅读
1627	半夏泻心汤加味改善2型糖尿病（脾虚胃热证）血糖控制的临床研究	马喜桃	成都中医药大学	博士	2020	8	818	原版阅读      CNKI AI阅读
1628	基于“肠道菌群—黏膜屏障”研究“黄芩—黄连”药对治疗T2DM的疗效机制及配伍效应	张博荀	成都中医药大学	博士	2020	37	3034	原版阅读      CNKI AI阅读
1629	华北南缘元古代熊耳裂陷槽对Columbia超大陆裂解事件的沉积响应	岳亮	成都理工大学	博士	2020	1	438	原版阅读      CNKI AI阅读
1630	国医大师治疗胃痞病用药规律研究	连逸青	广州中医药大学	硕士	2020	1	407	原版阅读      CNKI AI阅读
1631	黄连茎叶的化学成分、药效作用及质量标准研究	楼冠华	成都中医药大学	硕士	2021	1	430	原版阅读      CNKI AI阅读
1632	加味黄连汤对慢性萎缩性胃炎大鼠胃肠道菌群的调节作用研究	王英杰	厦门大学	硕士	2020	2	274	原版阅读      CNKI AI阅读
1633	叶天士《临证指南医案》祛湿法用药特点和应用规律研究	王仕奇	云南中医药大学	硕士	2020	14	1285	原版阅读      CNKI AI阅读
1634	微电解-水解酸化-DMBR处理盐酸黄连素废水研究	陈婷娜	安徽建筑大学	硕士	2020	2	226	原版阅读      CNKI AI阅读
1635	基于NLRP3炎症小体黄芩-黄连药对及单用改善STZ致T2DM小鼠胰岛损伤的研究	刘庆萍	成都中医药大学	硕士	2020	6	245	原版阅读      CNKI AI阅读
1636	二黄解毒软膏促进低位肛周脓肿术后创面愈合的临床研究	蒲永平	成都中医药大学	硕士	2020	2	197	原版阅读      CNKI AI阅读
1637	基于网络药理学研究左金丸治疗高血压的分子机制	王君	贵州大学	硕士	2020	4	259	原版阅读      CNKI AI阅读
1638	全国名中医王行宽辨治冠心病心绞痛遣方用药规律初探	许福丽	湖南中医药大学	硕士	2020	2	231	原版阅读      CNKI AI阅读
1639	连栀矾溶液在痔上黏膜环切吻合术围手术期抗感染效果的临床研究	周卫	西南医科大学	硕士	2020	1	58	原版阅读      CNKI AI阅读
1640	Wnt信号通路调控肝肠疾病及黄连素防治肝损伤的机制研究	杨兰香	广东药科大学	硕士	2020	2	195	原版阅读      CNKI AI阅读
1641	基于传统手工艺传承发展的工匠工作场所学习研究	高靖	曲阜师范大学	硕士	2020	2	348	原版阅读      CNKI AI阅读
1642	黄连素通过抑制内质网应激和自噬对PC12细胞OGD/R损伤的保护作用及机制研究	谢鹏	贵州医科大学	硕士	2020	3	269	原版阅读      CNKI AI阅读
1643	柴连方联合四联疗法治疗幽门螺杆菌相关胃炎（肝胃郁热证）患者的临床观察	柳鹏飞	南京中医药大学	硕士	2020	1	189	原版阅读      CNKI AI阅读
1644	王灿晖教授治疗溃疡性结肠炎的经验	黎妗妗	南京中医药大学	硕士	2020	6	293	原版阅读      CNKI AI阅读
1645	护肝益肺方药对抗结核药减毒效应及物质基础的初步研究	丁亮	南京中医药大学	硕士	2020		215	原版阅读      CNKI AI阅读
1646	中医治疗非小细胞肺癌方药应用文献研究	刘娟	南京中医药大学	硕士	2020	10	699	原版阅读      CNKI AI阅读
1647	基于数据挖掘的周晓虹教授治疗功能性消化不良的核心方药分析	谢曼筠	南京中医药大学	硕士	2020		211	原版阅读      CNKI AI阅读
1648	基于数据挖掘的周晓虹教授治疗慢性萎缩性胃炎的核心方药分析	卢燕	南京中医药大学	硕士	2020	4	280	原版阅读      CNKI AI阅读
1649	基于文献探讨反流性食管炎中医证候及证素分布特点	李琳琳	南京中医药大学	硕士	2020	4	289	原版阅读      CNKI AI阅读
1650	加减痛泻要方治疗溃疡性结肠炎的疗效评价与网络药理学研究	胡越	南京中医药大学	硕士	2020	5	369	原版阅读      CNKI AI阅读
	中文题名	作者	学位授予单位	数据库	学位授予年度	被引	下载	操作
1651	加味黄连温胆汤治疗失眠伴抑郁的临床观察	胡敏	南京中医药大学	硕士	2020	12	489	原版阅读      CNKI AI阅读
1652	消幽健脾汤联合四联疗法对脾胃湿热型慢性胃炎幽门螺杆菌感染的疗效观察	梁敏	南京中医药大学	硕士	2020	3	211	原版阅读      CNKI AI阅读
1653	系统评价中药对2型糖尿病患者肠道菌群的影响	伏英	南京中医药大学	硕士	2020	1	251	原版阅读      CNKI AI阅读
1654	经典名方中半夏的本草考证	李陆杰	南京中医药大学	硕士	2020	10	1912	原版阅读      CNKI AI阅读
1655	基于中医传承辅助平台系统探析名中医治疗小儿泄泻的证治规律	王小芳	南京中医药大学	硕士	2020	9	592	原版阅读      CNKI AI阅读
1656	基于数据挖掘的史锁芳教授运用“少阳病欲解时”临床经验探究	朱汇滨	南京中医药大学	硕士	2020	5	352	原版阅读      CNKI AI阅读
1657	基于数据挖掘的符为民教授辨治焦虑抑郁共病研究	赵帅	南京中医药大学	硕士	2020	5	254	原版阅读      CNKI AI阅读
1658	黄连膏联合象皮粉治疗下肢静脉性溃疡的临床疗效观察	褚美玲	南京中医药大学	硕士	2020	8	417	原版阅读      CNKI AI阅读
1659	清心滋肾汤对绝经期潮热大鼠体温和血清NO、ET的影响及其HPLC指纹图谱研究	刘静	南京中医药大学	硕士	2020	5	281	原版阅读      CNKI AI阅读
1660	基于数据挖掘从“胃不和，则卧不安”角度探讨王敬卿教授诊治失眠的经验	季佳卉	南京中医药大学	硕士	2020	6	394	原版阅读      CNKI AI阅读
1661	周仲瑛辨治慢性结肠炎数据挖掘及基础方网络药理学研究	薛文轩	南京中医药大学	博士	2020	13	1279	原版阅读      CNKI AI阅读
1662	基于数据挖掘的失眠症用药规律研究	王慧敏	南京中医药大学	硕士	2020	4	641	原版阅读      CNKI AI阅读
1663	基于数据挖掘的周仲瑛教授辨治胆汁反流性胃炎传承研究	王郑	南京中医药大学	硕士	2020	3	238	原版阅读      CNKI AI阅读
1664	国医大师周仲瑛教授辨治白塞病的经验及用药规律研究	顾振宁	南京中医药大学	硕士	2020	6	429	原版阅读      CNKI AI阅读
1665	基于数据挖掘探讨周仲瑛教授辨治消化性溃疡的经验	徐有钰	南京中医药大学	硕士	2020	6	242	原版阅读      CNKI AI阅读
1666	寒热错杂型溃疡性结肠炎的中医研究进展及用药规律分析	张佳敏	南京中医药大学	硕士	2020	4	275	原版阅读      CNKI AI阅读
1667	从肝郁胆虚论治失眠伴焦虑状态的证机辨析及临床应用	郭威	南京中医药大学	硕士	2020	5	331	原版阅读      CNKI AI阅读
1668	ATP在胰岛素抵抗机制中对线粒体MECR蛋白的影响	钱胜南	上海海洋大学	硕士	2020	1	93	原版阅读      CNKI AI阅读
1669	周仲瑛教授辨治冠心病及相关疾病临床经验与思维方法研究	徐俊伟	南京中医药大学	博士	2020	13	758	原版阅读      CNKI AI阅读
1670	王彦刚教授基于脾胃病“十纲辨证”和“病机十五条”治疗慢性糜烂性胃炎学术思想及数据挖掘验证	刘宇	河北中医学院	博士	2020	3	220	原版阅读      CNKI AI阅读
1671	基于数据挖掘探讨慢性糜烂性胃炎用药规律及毛宇湘教授经验分析	张丽	河北中医学院	硕士	2020	1	70	原版阅读      CNKI AI阅读
1672	基于数据挖掘方法探析王彦刚教授治疗反流性食管炎用药规律	袁宗洋	河北中医学院	硕士	2020		64	原版阅读      CNKI AI阅读
1673	黄连素通过视黄醇X受体抑制结肠癌生长机制的结构生物学分析和相应药物改造	徐贝贝	厦门大学	博士	2020		231	原版阅读      CNKI AI阅读
1674	基于肠道菌群-炎症反应途径探讨黄连大黄药对干预2型糖尿病的作用机制研究	陈源	成都中医药大学	博士	2020	18	1586	原版阅读      CNKI AI阅读
1675	《伤寒论》与《温病条辨》湿病证辨治规律的比较研究	李伟	广州中医药大学	博士	2021	6	1349	原版阅读      CNKI AI阅读
1676	基于纳米给药系统的葛根芩连口服结肠定位释放胶囊的研究	聂湘江	安徽中医药大学	硕士	2020		144	原版阅读      CNKI AI阅读
1677	加减香连丸与枸橼酸铋钾对比对幽门螺杆菌根除率及相关临床症状改善的研究	白改艳	中国医科大学	硕士	2020	4	154	原版阅读      CNKI AI阅读
1678	清热燥湿法治疗2型糖尿病湿热困脾证近30年文献用药规律挖掘	郭美玲	辽宁中医药大学	硕士	2020	2	222	原版阅读      CNKI AI阅读
1679	黄连素减轻输尿管梗阻模型和成纤维细胞纤维化的研究	柏争鸣	安徽医科大学	硕士	2020	2	125	原版阅读      CNKI AI阅读
1680	白头翁汤保留灌肠治疗湿热下注型肛窦炎临床观察	王雪丽	安徽中医药大学	硕士	2020	4	152	原版阅读      CNKI AI阅读
1681	肝豆汤加味方对湿热内蕴型肝豆状核变性患者胆汁酸、脂质代谢及肠道菌群的影响	龙胜	安徽中医药大学	硕士	2020	7	300	原版阅读      CNKI AI阅读
1682	黄连素通过调控炎症水平抑制老年大鼠心肌梗死后的心室重构	韩笑	锦州医科大学	硕士	2020		89	原版阅读      CNKI AI阅读
1683	耳穴刺络放血对阴虚火旺型不寐患者的疗效观察	黎焕杰	广州中医药大学	硕士	2020	9	272	原版阅读      CNKI AI阅读
1684	当归六黄汤物质基准的研究	宿莹	长春中医药大学	硕士	2020	7	954	原版阅读      CNKI AI阅读
1685	HPLC-MS测定黄酮类成分分析方法的建立及其在雄黄—黄芩药动学研究中的应用	金维缘	中国医科大学	硕士	2020	2	793	原版阅读      CNKI AI阅读
1686	去氢延胡索甲素的心脏转运机制及延胡索肝脏毒性成分研究	陈迎春	浙江大学	硕士	2020		17	原版阅读      CNKI AI阅读
1687	消除鸡源大肠杆菌β-内酰胺类药物耐药中药筛选	刘洋	河北工程大学	硕士	2020	19	754	原版阅读      CNKI AI阅读
1688	基于近红外光谱技术的一清胶囊原药材质量控制研究	张丝雨	浙江大学	硕士	2020	5	451	原版阅读      CNKI AI阅读
1689	清热化湿方联合二甲双胍治疗代谢综合征胰岛素抵抗临床疗效观察	周源才	上海中医药大学	硕士	2019		48	原版阅读      CNKI AI阅读
1690	黄连素治疗痰湿困脾型2型糖尿病患者疗效评价	乔齐	上海中医药大学	硕士	2019	1	80	原版阅读      CNKI AI阅读
1691	黄连解毒汤对微囊藻毒素-LR诱导神经损伤的保护作用	胡铮强	浙江大学	硕士	2020	2	140	原版阅读      CNKI AI阅读
1692	结合RTCA系统和基于霍夫变换的算法评估动态细胞形态特性——基于网络药理学探索黄连解毒汤治疗口腔鳞癌的机制研究	张乐君	浙江大学	硕士	2020	2	170	原版阅读      CNKI AI阅读
1693	精神情志疾病经方辨治规律探讨	何群娥（Ho Kwan Ngor）	广州中医药大学	博士	2019	21	2152	原版阅读      CNKI AI阅读
1694	热毒型冠心病患者用药规律研究与基于自噬的黄连解毒汤干预AS机制	李俊龙	广州中医药大学	博士	2019	13	550	原版阅读      CNKI AI阅读
1695	基于偏序结构图知识发现方法陈伯坛，黎庇留，易巨荪治脾胃病学术思想研究	张彩芳（Teo Chye Fong）	广州中医药大学	博士	2019	2	343	原版阅读      CNKI AI阅读
1696	李氏运脾降浊方治疗2型糖尿病合并脂代谢紊乱的临床研究	吴学敏	广州中医药大学	硕士	2019	2	259	原版阅读      CNKI AI阅读
1697	耳与脏腑相关的理论及数据挖掘研究	郑珮	辽宁中医药大学	硕士	2019	7	564	原版阅读      CNKI AI阅读
1698	半夏泻心汤调控氧化应激及NF-κB/iNOS信号通路改善T2DM-IR的分子机制研究	吴娜媛（Nuttida Siriyothin）	成都中医药大学	博士	2019	8	370	原版阅读      CNKI AI阅读
1699	黄连生物碱的色谱分离与黄连组分的活性研究	张华蓉	湖北民族大学	硕士	2019	5	1164	原版阅读      CNKI AI阅读
1700	富硒区重金属及硒元素地球化学特征研究——以湖北省利川市汪营镇为例	兰敏	湖北民族大学	硕士	2019	14	664	原版阅读      CNKI AI阅读
	中文题名	作者	学位授予单位	数据库	学位授予年度	被引	下载	操作
1701	基于肠道菌群的葛根芩连汤干预急性肠炎模型大鼠的作用机制研究	陈阳	上海中医药大学	硕士	2019	10	774	原版阅读      CNKI AI阅读
1702	影响黄连药动学的甘草组分研究	李娜	上海中医药大学	硕士	2019	1	181	原版阅读      CNKI AI阅读
1703	心肺脏理论源流考	颜彦	上海中医药大学	博士	2019	16	1257	原版阅读      CNKI AI阅读
1704	基于数据分析对余小萍教授诊治慢性咳嗽的经验探讨	郭山逸	上海中医药大学	硕士	2019		177	原版阅读      CNKI AI阅读
1705	基于代谢组学技术车前方防治代谢综合征的药效评价	孙晓萌	上海中医药大学	硕士	2019	1	224	原版阅读      CNKI AI阅读
1706	胡黄连苦苷Ⅰ抗肝纤维化作用及药代动力学研究	熊凯	上海中医药大学	硕士	2019	1	259	原版阅读      CNKI AI阅读
1707	基于数据挖掘的当归-川芎药对在妇科疾病中的用药规律研究	肖程	山东中医药大学	硕士	2019	17	726	原版阅读      CNKI AI阅读
1708	新型绿色溶剂液相微萃取在中药分析中的应用研究	薛娇	山西医科大学	硕士	2019	3	617	原版阅读      CNKI AI阅读
1709	小陷胸汤组方规律探讨及其临床应用的研究	徐振东	山东中医药大学	硕士	2019	3	214	原版阅读      CNKI AI阅读
1710	黄连解毒汤治疗脑梗塞胃肠功能损伤的临床观察	楚洪亮	山东中医药大学	硕士	2019	1	61	原版阅读      CNKI AI阅读
1711	糖尿病周围神经病变证候研究与方药分析	李赛	山东中医药大学	硕士	2019	2	120	原版阅读      CNKI AI阅读
1712	基于物质基准关键质量属性一致性的经典名方苍连汤颗粒的药学研究	李婷	山东中医药大学	硕士	2019		44	原版阅读      CNKI AI阅读
1713	清胃疏肝方治疗肝胃郁热型幽门螺杆菌阳性十二指肠溃疡的临床观察	卜祥会	山东中医药大学	硕士	2019	2	109	原版阅读      CNKI AI阅读
1714	加味葛根芩连汤联合耳穴压豆治疗代谢综合征的临床疗效观察	张彤	山东中医药大学	硕士	2019	6	131	原版阅读      CNKI AI阅读
1715	基于FP-growth算法的中医抗病毒方剂配伍规律及网络药理学方法优化研究	李德琳	山东中医药大学	硕士	2019	4	476	原版阅读      CNKI AI阅读
1716	葛黄胶囊的研制及初步药效学研究	侯腾飞	山东中医药大学	硕士	2019		256	原版阅读      CNKI AI阅读
1717	黄连温胆汤合升降散加减治疗2型糖尿病伴胰岛素抵抗临床观察	温霏	山东中医药大学	硕士	2019	1	145	原版阅读      CNKI AI阅读
1718	菖志黄连温胆汤治疗缺血性脑卒中后失眠痰热内扰证的临床研究	邱文君	山东中医药大学	硕士	2019	5	175	原版阅读      CNKI AI阅读
1719	曹志群教授治疗溃疡性结肠炎辨证思路及用药规律的研究	冯炀	山东中医药大学	硕士	2019	1	89	原版阅读      CNKI AI阅读
1720	黄连素在幽门螺杆菌多重耐药与外排泵基因调控中的作用研究	周帆	上海中医药大学	硕士	2019	15	413	原版阅读      CNKI AI阅读
1721	中国黄连木性别表现分子机制的研究	白倩	北京林业大学	博士	2019	9	750	原版阅读      CNKI AI阅读
1722	黄连解毒汤防治脓毒症心肌损伤热毒内盛证的临床及实验研究	石姗	山东中医药大学	硕士	2019	4	189	原版阅读      CNKI AI阅读
1723	不同性别类型黄连木的亲缘关系研究	阮福娜	北京林业大学	硕士	2019	1	141	原版阅读      CNKI AI阅读
1724	植物提取物用于棉织物染色及其性能研究	刘莹	青岛大学	硕士	2019	6	468	原版阅读      CNKI AI阅读
1725	雌雄同株黄连木性别分化相关差异蛋白质组学的研究	陈一帆	北京林业大学	硕士	2019	2	322	原版阅读      CNKI AI阅读
1726	基于传统用法的千金黄连丸治疗2型糖尿病大鼠的药效评价与机制研究	雷蕾	中南民族大学	硕士	2019	6	299	原版阅读      CNKI AI阅读
1727	基于基因表达谱研究铁皮石斛多糖和黄连的药理作用机制	王瑞君	山西医科大学	硕士	2019	2	435	原版阅读      CNKI AI阅读
1728	吉益东洞药证方证辨证体系研究	姜璇	山东中医药大学	博士	2019	3	664	原版阅读      CNKI AI阅读
1729	加味水陆二仙丹治疗2型糖尿病合并非酒精性脂肪肝临床及相关机制研究	刘婕	中国中医科学院	博士	2019	20	1502	原版阅读      CNKI AI阅读
1730	名老中医治疗脂肪性肝病的证治规律研究及知识图谱构建探索	朱丹	中国中医科学院	博士	2019	67	3871	原版阅读      CNKI AI阅读
1731	黄连阿胶汤干预老年冠心病室性早搏患者心脏自主神经功能的研究	肖婵	山东中医药大学	硕士	2019	3	117	原版阅读      CNKI AI阅读
1732	清热解毒燥湿方足部抑菌作用临床试验研究	韩旭	中国中医科学院	硕士	2019	3	176	原版阅读      CNKI AI阅读
1733	清热解毒燥湿方足部抑菌作用的体外抑菌实验研究	李晏乐	中国中医科学院	硕士	2019	7	818	原版阅读      CNKI AI阅读
1734	林寿宁教授治疗慢性胃病的药对研究	张锦超	广西中医药大学	硕士	2019	4	406	原版阅读      CNKI AI阅读
1735	黄连素通过诱导少突胶质细胞自噬促进脊髓损伤修复	汪洪宇	辽宁中医药大学	博士	2019	3	583	原版阅读      CNKI AI阅读
1736	罂粟科植物毛黄堇分子鉴定、活性成分及肝保护作用研究	任风鸣	北京协和医学院	博士	2019	9	962	原版阅读      CNKI AI阅读
1737	以miR-27a为靶点的多功能自组装纳米基因药物和黄连素自组装纳米药物在肝癌治疗中的应用研究	郑潇	吉林大学	博士	2019		857	原版阅读      CNKI AI阅读
1738	三黄连散的药理与毒理学研究	陈燕晴	广西大学	硕士	2019		41	原版阅读      CNKI AI阅读
1739	响应地黄连作障碍LncRNA-RgAGT2的克隆及功能初步分析	王玉红	河南农业大学	硕士	2019		57	原版阅读      CNKI AI阅读
1740	脱氢卡维丁联合顺铂对肺癌细胞的作用研究	张凯丽	桂林医学院	硕士	2019	1	65	原版阅读      CNKI AI阅读
1741	三株益生菌发酵六味中药及清瘟败毒散加减组方前后抑菌抗病毒的研究	寇楠楠	河南农业大学	硕士	2019	4	503	原版阅读      CNKI AI阅读
1742	TiO2 PECO/E-Fenton协同降解黄连素的试验研究	王鑫雨	哈尔滨工程大学	硕士	2019	1	80	原版阅读      CNKI AI阅读
1743	基于数据挖掘的柳成刚教授治疗失眠症经验研究	赵博智	黑龙江中医药大学	硕士	2019	8	508	原版阅读      CNKI AI阅读
1744	基于关联分析法的数据挖掘对谢晶日教授治疗慢性胆囊炎用药规律研究	杨健峰	黑龙江中医药大学	硕士	2019	3	316	原版阅读      CNKI AI阅读
1745	益气健脾化湿法治疗溃疡性结肠炎缓解期（脾虚湿蕴型）的临床观察	艾宗雄	黑龙江中医药大学	硕士	2019	3	317	原版阅读      CNKI AI阅读
1746	黄连解毒汤加减治疗原发性高血压（肝火亢盛型）的临床观察	佟蕊	黑龙江中医药大学	硕士	2019	5	287	原版阅读      CNKI AI阅读
1747	健脾益胃清幽汤治疗Hp耐药性慢性胃炎（脾胃虚弱证）的临床观察	张雪艳	黑龙江中医药大学	硕士	2019	4	119	原版阅读      CNKI AI阅读
1748	芪术丸治疗2型糖尿病（湿热困脾证）患者的临床观察	王珊	黑龙江中医药大学	硕士	2019	2	234	原版阅读      CNKI AI阅读
1749	黄连温胆汤合桃红四物汤治疗痰热瘀阻型室性早搏的临床观察	曾子玲	黑龙江中医药大学	硕士	2019	5	235	原版阅读      CNKI AI阅读
1750	黄连素加丹参酮胶囊治疗痰瘀互结型PCOS患者的临床疗效观察	赵微	黑龙江中医药大学	硕士	2019	2	192	原版阅读      CNKI AI阅读
	中文题名	作者	学位授予单位	数据库	学位授予年度	被引	下载	操作
1751	固肾解毒胶囊的质量控制及改善糖尿病肾病大鼠肾功能作用研究	赵艺丹	河南大学	硕士	2019	1	205	原版阅读      CNKI AI阅读
1752	辅行诀中汤液经方研究	郑博元	黑龙江中医药大学	硕士	2019		743	原版阅读      CNKI AI阅读
1753	补脾益后天治疗小儿盗汗的方剂配伍特点研究	王鑫洪	黑龙江中医药大学	硕士	2019	1	170	原版阅读      CNKI AI阅读
1754	抑菌性荧光碳点的制备与功能验证	刘健宇	哈尔滨工业大学	硕士	2019	3	639	原版阅读      CNKI AI阅读
1755	黄连温胆汤加味治疗慢性糜烂性胃炎（脾胃湿热证）的临床研究	吴红瑞	长春中医药大学	硕士	2019	7	169	原版阅读      CNKI AI阅读
1756	基于中医传承辅助平台对张仲景经方对药规范化整理的研究	张子丰	长春中医药大学	硕士	2019	1	337	原版阅读      CNKI AI阅读
1757	黄连温胆汤合柴胡疏肝散加减治疗胆汁反流性胃炎（肝胃郁热证）的临床研究	常雪	长春中医药大学	硕士	2019	4	201	原版阅读      CNKI AI阅读
1758	清化桂与肉桂治疗失眠（阴虚火旺证）的临床评价研究	王博雅	长春中医药大学	硕士	2019	2	231	原版阅读      CNKI AI阅读
1759	基于《中医方剂大辞典》探讨消渴病的历代组方用药配伍特点	黄勇进	江西中医药大学	硕士	2019	9	458	原版阅读      CNKI AI阅读
1760	《临证指南医案》中轻苦微辛法应用的研究	李奔驰	江西中医药大学	硕士	2019	9	494	原版阅读      CNKI AI阅读
1761	基于数据挖掘超重/肥胖糖尿病中医证候分布特点及用药规律	张雪辰	辽宁中医药大学	硕士	2019	12	539	原版阅读      CNKI AI阅读
1762	补阴泻阳针法治疗阴虚火旺型失眠的临床观察	郭景洁	辽宁中医药大学	硕士	2019	5	149	原版阅读      CNKI AI阅读
1763	吕冠华教授应用经方治疗寒热错杂型胃脘痛临床经验总结及文献方药规律研究	张敏	辽宁中医药大学	硕士	2019	3	218	原版阅读      CNKI AI阅读
1764	解毒益智方对AD转基因线虫神经保护及Aβ肽聚集作用影响的研究	刘珊珊	长春中医药大学	硕士	2019	5	186	原版阅读      CNKI AI阅读
1765	加味温胆汤抗雄性大鼠营养性肥胖的研究	王非云	江西中医药大学	硕士	2019	5	115	原版阅读      CNKI AI阅读
1766	基于量子力学及分子动力学的葛根芩连汤中小檗碱溶解机制研究	黄茂胜	广东药科大学	硕士	2019	3	359	原版阅读      CNKI AI阅读
1767	乌梅丸方证析义及其临床应用	徐菁晗	辽宁中医药大学	硕士	2019	8	812	原版阅读      CNKI AI阅读
1768	基于PI3K/Akt和APN/AMPK信号通路探讨黄芪葛根配伍对糖尿病大鼠骨骼肌糖脂代谢的影响	吴金梅	辽宁中医药大学	硕士	2019	8	646	原版阅读      CNKI AI阅读
1769	中药及其单体联合抗菌素体外抑制眼表菌株作用的研究	刘楠	辽宁中医药大学	硕士	2019	3	458	原版阅读      CNKI AI阅读
1770	中药对环境中致病菌的抑制作用及养殖水体细菌种群结构的影响	夏与晴	大连海洋大学	硕士	2019	7	441	原版阅读      CNKI AI阅读
1771	《伤寒论》胃痛病证治规律探讨	黄琼	湖南中医药大学	硕士	2019	9	643	原版阅读      CNKI AI阅读
1772	基于“方证辨证”思想对《伤寒论》对症用方规律的研究	高强	长春中医药大学	硕士	2019	2	446	原版阅读      CNKI AI阅读
1773	地黄特异响应连作障碍基因、miRNAs鉴定及miR5054沉默转化植株的创制	李振	河南农业大学	硕士	2019	3	195	原版阅读      CNKI AI阅读
1774	八元瓜环及螺旋十四元瓜环的超分子自组装及其性质研究	陈纯纯	贵州大学	硕士	2019		188	原版阅读      CNKI AI阅读
1775	基于抗炎活性的葛根芩连片整体中药生物药剂学分类系统研究	王子禹	北京中医药大学	硕士	2019	3	859	原版阅读      CNKI AI阅读
1776	广西德保县药用植物资源调查与评估	覃营	广西师范大学	硕士	2019	15	904	原版阅读      CNKI AI阅读
1777	小檗碱对肥大细胞介导的过敏性疾病的作用及其机制研究	傅水莲	吉林大学	硕士	2019	7	604	原版阅读      CNKI AI阅读
1778	黄连素通过miR-204/SIRT1改善糖尿病胰岛β细胞功能损伤的作用机制研究	赵亚丽	吉林大学	硕士	2019	28	658	原版阅读      CNKI AI阅读
1779	黄连种子种苗的质量标准及其生产技术规程	甘娇娥	湖北中医药大学	硕士	2019	10	424	原版阅读      CNKI AI阅读
1780	黄连素对产碳青霉烯酶肺炎克雷伯菌临床分离株耐药性体外逆转实验研究	许晓娜	河南中医药大学	硕士	2019	5	195	原版阅读      CNKI AI阅读
1781	基于数据挖掘技术的毛德西教授治疗泄泻的学术思想研究	宋娜	河南中医药大学	硕士	2019		102	原版阅读      CNKI AI阅读
1782	名老中医从肝论治胃脘痛的用药规律研究	王晓珂	河南中医药大学	硕士	2019		179	原版阅读      CNKI AI阅读
1783	黄连属植物物种鉴定及mini-barcode研究	赵振宇	中国中医科学院	硕士	2019	7	511	原版阅读      CNKI AI阅读
1784	基于刘爱华教授从胆郁论治消渴（2型糖尿病）真实世界研究	李鹏举	河南中医药大学	硕士	2019	1	74	原版阅读      CNKI AI阅读
1785	基于数据挖掘技术的毛德西教授治疗消化性溃疡用药规律分析	郭水洁	河南中医药大学	硕士	2019	2	83	原版阅读      CNKI AI阅读
1786	基于代谢组学的部分临床常用苦寒中药分子机制研究	孟晶	中国中医科学院	硕士	2019	1	140	原版阅读      CNKI AI阅读
1787	基于明清尿血医案的证素分布及用药规律研究	徐玮璐	中国中医科学院	硕士	2019	10	480	原版阅读      CNKI AI阅读
1788	黄连解毒汤“中枢-外周”整体改善Tg-APP/PS1小鼠认知功能关联性研究	顾欣如	中国中医科学院	硕士	2019	4	538	原版阅读      CNKI AI阅读
1789	安神1号方治疗肝火痰热型失眠的临床研究	刘威	湖北中医药大学	硕士	2019	4	238	原版阅读      CNKI AI阅读
1790	小儿葛黄止泻颗粒的制备工艺及质量标准研究	姚能	湖北中医药大学	硕士	2019	1	767	原版阅读      CNKI AI阅读
1791	黄连温胆汤联合低频重复经颅磁刺激治疗痰热内扰型失眠的临床观察	刘茜	湖北中医药大学	硕士	2019	7	433	原版阅读      CNKI AI阅读
1792	苹果叶中活性成分的分离分析及活性评价研究	路艳珍	北京化工大学	博士	2019	10	764	原版阅读      CNKI AI阅读
1793	高建忠运用半夏泻心汤临证经验研究	周倜	山西中医药大学	硕士	2019	3	423	原版阅读      CNKI AI阅读
1794	加味香砂六君子汤治疗Hp阳性慢性胃炎脾虚湿热型的临床观察	覃鑫	湖北中医药大学	硕士	2019	10	260	原版阅读      CNKI AI阅读
1795	姜黄连标准饮片基础研究与药性分析	李听弦	湖北中医药大学	硕士	2019	5	487	原版阅读      CNKI AI阅读
1796	黄竹清幽汤联合三联疗法治疗脾胃湿热型Hp相关慢性胃炎的临床观察	徐婧文	湖北中医药大学	硕士	2019	1	212	原版阅读      CNKI AI阅读
1797	胡黄连苷Ⅱ对脑缺血/再灌注损伤的保护机制研究	王婷婷	青岛大学	博士	2019	1	418	原版阅读      CNKI AI阅读
1798	桃红四物汤合五味消渴方治疗早期糖尿病下肢血管病变的临床研究	陈思华	广西中医药大学	硕士	2019	6	221	原版阅读      CNKI AI阅读
1799	胡黄连苷Ⅱ调节AMPK-mTOR-ULK1自噬信号通路对脑缺血再灌注损伤的保护机制研究	张艳雪	青岛大学	硕士	2019	4	423	原版阅读      CNKI AI阅读
1800	葛根芩连汤与感染性腹泻小型猪肠道菌群相互作用的研究	刘昌顺	南方医科大学	博士	2019	18	1202	原版阅读      CNKI AI阅读
	中文题名	作者	学位授予单位	数据库	学位授予年度	被引	下载	操作
1801	基于miR-133a/Caveolin-1/e NOS通路对“黄连解毒汤上调SHR e NOS/NO的机制研究”	蔡涛	广西中医药大学	硕士	2019	2	95	原版阅读      CNKI AI阅读
1802	安胃汤联合四联疗法治疗幽门螺杆菌相关性胃炎寒热错杂证的临床观察	吴承芳	广西中医药大学	硕士	2019	6	177	原版阅读      CNKI AI阅读
1803	基于两步释放的术连微丸口服结肠靶向胶囊的研制及体内外评价	唐晓萌	中国人民解放军海军军医大学	硕士	2019	8	473	原版阅读      CNKI AI阅读
1804	黄连解毒汤对急性UC小鼠Akt/mTOR通路的调控机制	肖思萌	广西中医药大学	硕士	2019		88	原版阅读      CNKI AI阅读
1805	黄连解毒汤UPLC-QTOF-MS分析及其对急性溃疡性结肠炎小鼠JAK2/STAT3通路的影响	卢卓	广西中医药大学	硕士	2019	2	497	原版阅读      CNKI AI阅读
1806	黄连降脂加减方治疗痰瘀互结型高脂血症的临床疗效观察	汪圣	湖北中医药大学	硕士	2019	7	305	原版阅读      CNKI AI阅读
1807	治疗不寐的引阳入阴类方药的文献研究	李丽娜	上海中医药大学	博士	2019	11	832	原版阅读      CNKI AI阅读
1808	车前子品质与功能评价及其在车前方中的应用	兰继平	上海中医药大学	博士	2019	2	306	原版阅读      CNKI AI阅读
1809	多种中药提取物中小分子初级代谢产物含量测定及其促吸收作用研究	周婷	上海中医药大学	硕士	2019	1	348	原版阅读      CNKI AI阅读
1810	半夏泻心汤治疗HP相关性胃炎的临床研究	卢美璘	中国人民解放军医学院	硕士	2019	2	203	原版阅读      CNKI AI阅读
1811	《中医内科学》（第三章脾胃病证）英译实践报告	高昂	上海中医药大学	硕士	2019	2	279	原版阅读      CNKI AI阅读
1812	调脂降糖片治疗高血压合并代谢综合征（痰瘀互结证）的临床研究	赵英利	上海中医药大学	硕士	2019		212	原版阅读      CNKI AI阅读
1813	金芪降糖片体内外多成分分析及其对二甲双胍在糖尿病小鼠中的药动学影响研究	许张瑶	上海中医药大学	硕士	2019		326	原版阅读      CNKI AI阅读
1814	甘草配伍对黄连中小檗碱药动学影响的机制研究	王睿	上海中医药大学	硕士	2019	5	459	原版阅读      CNKI AI阅读
1815	基于中医传承辅助平台余小萍教授治疗支气管哮喘的临床经验总结	杨慧玲（Felicia Svnaryo）	上海中医药大学	硕士	2019	1	207	原版阅读      CNKI AI阅读
1816	目的论视角下《中医内科学》（第二章心脑病证）汉英翻译实践报告	黄鑫	上海中医药大学	硕士	2019	2	465	原版阅读      CNKI AI阅读
1817	《中医内科学》（节选）翻译实践报告	叶烨	上海中医药大学	硕士	2019		257	原版阅读      CNKI AI阅读
1818	黄连素在脊髓损伤中对线粒体的保护作用及机制研究	王奕	中国人民解放军海军军医大学	硕士	2019		46	原版阅读      CNKI AI阅读
1819	朱丹溪医案的本体构建方法研究	高亚雪	上海中医药大学	硕士	2019	6	317	原版阅读      CNKI AI阅读
1820	大孔整体柱制备及生物样品中药活性成分萃取的研究	吴云香	广东药科大学	硕士	2019	1	240	原版阅读      CNKI AI阅读
1821	基于“中药-肠道菌群相互作用”探讨半夏泻心汤抗慢性胃炎作用及机制研究	范燕豪	上海中医药大学	硕士	2019	3	573	原版阅读      CNKI AI阅读
1822	黄连素抗结肠炎药效及时辰差异的机制研究	周子越	暨南大学	硕士	2020	1	238	原版阅读      CNKI AI阅读
1823	交泰丸改善高脂饮食诱导小鼠慢性低水平系统炎症的研究	方龙娟	上海中医药大学	硕士	2019	7	138	原版阅读      CNKI AI阅读
1824	仲景运用寒凉药物特点研究	陈文恬（Tan Wen Tien）	上海中医药大学	博士	2019	9	910	原版阅读      CNKI AI阅读
1825	以“胃痈”立论观察益气健脾清解方对脾胃气虚型糜烂性胃炎患者的干预作用	肖柳宁	上海中医药大学	硕士	2019	3	111	原版阅读      CNKI AI阅读
1826	基于脂质代谢调控研究苦味中药黄连有效成分小檗碱逐瘀作用	陈志蓉	北京中医药大学	博士	2019		41	原版阅读      CNKI AI阅读
1827	肠安菌泰基于SCF/C-KIT/TRPV1治疗大鼠腹泻型肠易激综合征的药效学及内脏高敏机制研究	祝水恋	广州中医药大学	博士	2019	5	478	原版阅读      CNKI AI阅读
1828	基于数据挖掘的糖尿病隐结构模型与证候用药规律分析	刘亮	辽宁中医药大学	博士	2019	14	1848	原版阅读      CNKI AI阅读
1829	基于数据挖掘的半夏及其经方研究	周平生	江西中医药大学	博士	2019	12	1603	原版阅读      CNKI AI阅读
1830	GGPPS介导的物理微环境与化学微环境对精子发生过程调节的研究	朱瑞楼	南京大学	博士	2019	2	196	原版阅读      CNKI AI阅读
1831	复合微生物处理黄连素废水的机理研究	刘诗月	中国地质大学(北京)	博士	2019	3	567	原版阅读      CNKI AI阅读
1832	基于数据挖掘治疗胃癌前病变处方规律分析	林淑敏	广州中医药大学	博士	2019	9	1187	原版阅读      CNKI AI阅读
1833	黄连人参对药通过调节胰岛细胞转录因子改善糖代谢及其作用机制的初步探讨	袁芬	华中科技大学	博士	2019	5	520	原版阅读      CNKI AI阅读
1834	黄连素对ApoE受体基因敲除小鼠肠道菌群结构及动脉粥样硬化的影响	史亚非	南京医科大学	博士	2019	19	1412	原版阅读      CNKI AI阅读
1835	当归六黄汤物质基准的研究	张艳秋	北京中医药大学	硕士	2019		42	原版阅读      CNKI AI阅读
1836	龙惠珍教授诊治功能性消化不良脾胃湿热证经验的数据挖掘	李先刚	浙江中医药大学	硕士	2019		1	原版阅读      CNKI AI阅读
1837	基于数据挖掘的林胜友教授治疗肿瘤相关性腹泻学术经验总结及临床疗效观察	林泽晨	浙江中医药大学	硕士	2019		9	原版阅读      CNKI AI阅读
1838	黄连总生物碱及其凝胶骨架型口服缓释片的制备与评价	王秀敏	浙江中医药大学	硕士	2019		15	原版阅读      CNKI AI阅读
1839	胃康宁颗粒制备工艺及质量标准研究	郭琳	北京中医药大学	硕士	2019		35	原版阅读      CNKI AI阅读
1840	葛根芩连丸缓解伊立替康肠毒性及制剂关键质量属性研究	吴亿晗	成都中医药大学	硕士	2019	1	184	原版阅读      CNKI AI阅读
1841	胡黄连醇提物通过肠道菌群改善高脂喂养ApoE-/-小鼠的动脉粥样硬化	马韵词	南方医科大学	硕士	2019	1	119	原版阅读      CNKI AI阅读
1842	黄连膏治疗表皮生长因子受体抑制剂引起皮疹的疗效观察	刘洁	新疆医科大学	硕士	2019	3	197	原版阅读      CNKI AI阅读
1843	褪黑激素和黄连素抗猪流行性腹泻病毒的机制研究	叶跃天	南京农业大学	硕士	2019	2	194	原版阅读      CNKI AI阅读
1844	倪诚教授辨体辨病辨证治疗怕冷症的组方用药规律研究	原文琳	北京中医药大学	硕士	2019	1	230	原版阅读      CNKI AI阅读
1845	芦荟大黄素衍生物的合成与协同抗菌活性研究	谢晓蓉	海南大学	硕士	2019	4	465	原版阅读      CNKI AI阅读
1846	湖南典型风水林群落分类与植被—环境关系研究	冯贵祥	中南林业科技大学	硕士	2019	12	368	原版阅读      CNKI AI阅读
1847	连陈汤治疗单纯性肥胖症的疗效观察及对血清Omentin-1、IL-6的影响	李娜	黑龙江中医药大学	硕士	2019	6	166	原版阅读      CNKI AI阅读
1848	CO2点阵激光联合黄连解毒酊治疗甲真菌病的临床疗效观察	程凯丽	浙江中医药大学	硕士	2019	2	109	原版阅读      CNKI AI阅读
1849	黄连素与阿司匹林抑制创伤性异位骨化的研究	高佳玉	南昌大学	硕士	2019		164	原版阅读      CNKI AI阅读
1850	黄连温胆汤合孔圣枕中丹加减治疗失眠症痰热扰心证的临床观察	聂惠琳	湖南中医药大学	硕士	2019		225	原版阅读      CNKI AI阅读
	中文题名	作者	学位授予单位	数据库	学位授予年度	被引	下载	操作
1851	血虚受邪病症证治分类研究	刘贯通	江西中医药大学	硕士	2019	1	179	原版阅读      CNKI AI阅读
1852	胡珂教授治疗泄泻的临床经验总结	聂志刚	江西中医药大学	硕士	2019	1	226	原版阅读      CNKI AI阅读
1853	南天竹籽总生物碱对三氧化二砷减毒作用研究	陈祥云	江西中医药大学	硕士	2019	4	211	原版阅读      CNKI AI阅读
1854	基于炎症途径利用组学技术研究黄芩黄连药对抗2型糖尿病的作用机制	刘彤彤	江西中医药大学	硕士	2019	5	586	原版阅读      CNKI AI阅读
1855	半夏泻心汤物质基准质量表征方法研究	张莹莹	江西中医药大学	硕士	2019	1	593	原版阅读      CNKI AI阅读
1856	“樟帮”特色黄连水炒吴茱萸炮制工艺及其化学成分研究	张崇佩	江西中医药大学	硕士	2019	6	397	原版阅读      CNKI AI阅读
1857	黄连素联合运动对代谢综合征大鼠非酒精性脂肪肝的作用研究	张毅	天津医科大学	硕士	2019	3	286	原版阅读      CNKI AI阅读
1858	清胰汤治疗小鼠急性胰腺炎的代谢组学与分子机制初步研究	兰贺燕	天津医科大学	硕士	2019	5	419	原版阅读      CNKI AI阅读
1859	延胡索治疗心肌缺血物质基础研究	黄启和	天津医科大学	硕士	2019	9	281	原版阅读      CNKI AI阅读
1860	黄连素通过活性氧/TXNIP轴抑制非酒精性脂肪性肝炎模型炎性小体的激活及后续的细胞焦亡作用	麦炜健	广东药科大学	硕士	2019	5	556	原版阅读      CNKI AI阅读
1861	黄连素对β-羟丁酸引起的牛巨噬细胞的氧化应激以及炎症反应的影响	高佳序	吉林农业大学	硕士	2019	2	221	原版阅读      CNKI AI阅读
1862	基于偏序理论的李赛美教授辨治不同年龄糖尿病经验研究	郝艺照	广州中医药大学	硕士	2019	5	205	原版阅读      CNKI AI阅读
1863	李赛美辨治2型糖尿病合并高尿酸血症临床经验探讨	林雪芬（LIM SHEH FENG）	广州中医药大学	硕士	2019	7	393	原版阅读      CNKI AI阅读
1864	基于反向分子对接理论探讨黄连治疗2型糖尿病效应物质群及其多成分多靶点的分子机制	关宏炜	华中科技大学	硕士	2019	2	521	原版阅读      CNKI AI阅读
1865	基于转录组测序分析不同产地黄连化学成分含量差异的分子机制研究	陈涵婷	成都中医药大学	硕士	2019		567	原版阅读      CNKI AI阅读
1866	温中养胃合剂联合四联法治疗幽门螺旋杆菌感染（寒热错杂证）的临床疗效观察	赵琳	成都中医药大学	硕士	2019	1	274	原版阅读      CNKI AI阅读
1867	参芪复方对2型糖尿病患者肠道微生态影响的临床研究	刘万富	成都中医药大学	硕士	2019	5	343	原版阅读      CNKI AI阅读
1868	“紫芸解毒止痛酊”（ZYD）的物质基础及促再生修复作用机制初步研究	韦乐华	西南交通大学	硕士	2019	2	115	原版阅读      CNKI AI阅读
1869	黄堇提取物对N80钢在CO2环境下的缓蚀性能研究	孙志鹏	西南石油大学	硕士	2019	6	276	原版阅读      CNKI AI阅读
1870	基于嵌合适配体和非标记荧光分析方法测定三磷酸腺苷	范瑶瑶	陕西师范大学	硕士	2019		132	原版阅读      CNKI AI阅读
1871	怀地黄连作障碍及块根发育受阻机理研究	黄璐	河南师范大学	硕士	2019	7	289	原版阅读      CNKI AI阅读
1872	UV-B辐照对怀地黄生长发育及连作障碍的影响	崔晓晓	河南师范大学	硕士	2019	3	136	原版阅读      CNKI AI阅读
1873	基于肝脏代谢组学和网络药理学的岩黄连抗肝纤维化作用机制研究	刘旭文	广西医科大学	硕士	2019	9	844	原版阅读      CNKI AI阅读
1874	高分辨质谱技术在化妆品质量安全检测及中药成分分析中的应用	陈萌	北京中医药大学	硕士	2019	9	1279	原版阅读      CNKI AI阅读
1875	基于数据挖掘探讨崔向宁教授治疗冠心病伴焦虑、抑郁状态用药经验	丁玲	北京中医药大学	硕士	2019	18	1087	原版阅读      CNKI AI阅读
1876	刘喜明教授基于“壮火食气”理论治疗难治性甲亢（火热亢盛证）	田娅	北京中医药大学	硕士	2019	21	496	原版阅读      CNKI AI阅读
1877	基于门诊病例探讨仝小林教授诊疗高血压病的理法方药	杨映映	北京中医药大学	硕士	2019	20	967	原版阅读      CNKI AI阅读
1878	小儿疳证的古代文献研究与学术源流探讨	周家颂	北京中医药大学	硕士	2019	11	904	原版阅读      CNKI AI阅读
1879	新诊断2型糖尿病中医证素与胰岛功能相关性研究	王丹玮	北京中医药大学	硕士	2019	15	557	原版阅读      CNKI AI阅读
1880	基于中医传承辅助平台分析王俊宏教授治疗多发性抽动症的用药规律	曹贤佑	北京中医药大学	硕士	2019	4	429	原版阅读      CNKI AI阅读
1881	失眠症痰证证候特征及量化判别研究	张晗	北京中医药大学	硕士	2019	5	283	原版阅读      CNKI AI阅读
1882	从清热化痰法论治急性脑梗死后睡眠障碍的临床研究	王岳青	北京中医药大学	硕士	2019	11	347	原版阅读      CNKI AI阅读
1883	基于隐喻认知的中药生熟异用理论研究	张蓓	北京中医药大学	硕士	2019	10	1016	原版阅读      CNKI AI阅读
1884	中药X用量变则功效异的隐喻认知研究	吴彤	北京中医药大学	硕士	2019	1	244	原版阅读      CNKI AI阅读
1885	基于质—效关联的黄连采收加工方法研究	张久旭	北京中医药大学	硕士	2019	14	688	原版阅读      CNKI AI阅读
1886	半夏泻心汤合黄连温胆汤加味治疗痰热扰心型顽固性失眠的临床观察	张燕弘	河北大学	硕士	2019	7	283	原版阅读      CNKI AI阅读
1887	交泰丸在糖尿病中的应用及其机制的网络药理学分析	杨释岑	宜春学院	硕士	2019	5	506	原版阅读      CNKI AI阅读
1888	西南山地乡村产业重构的实证研究——以重庆黄水镇为例	王恒	西北农林科技大学	硕士	2019	12	858	原版阅读      CNKI AI阅读
1889	《辨证录》脾胃病诊治特色及方药研究	魏楠	浙江中医药大学	硕士	2019	3	573	原版阅读      CNKI AI阅读
1890	古代名家胃脘痛医案的文献整理和数据挖掘研究	张瑜	浙江中医药大学	硕士	2019	5	751	原版阅读      CNKI AI阅读
1891	基于数据挖掘总结蓝肇熙教授调肝方药运用规律及经验	陈忠	成都体育学院	硕士	2019		199	原版阅读      CNKI AI阅读
1892	手机使用与乡土社会社交模式变迁研究——以少数民族社区F村为例	邓礼仪	西南大学	硕士	2019	6	350	原版阅读      CNKI AI阅读
1893	黄连土壤微生物多样性及其酚酸降解菌筛选与降解机制	刘云露	西南大学	硕士	2019	21	1043	原版阅读      CNKI AI阅读
1894	黄连及小檗碱对LPS致猪肠道上皮细胞炎性损伤的调节作用及机制研究	李春林	西南大学	硕士	2019	9	492	原版阅读      CNKI AI阅读
1895	基于方剂基本理论的小方与药对的比较研究	余豆豆	成都中医药大学	硕士	2019	1	194	原版阅读      CNKI AI阅读
1896	疏肝和胃法治疗失眠的Meta分析	霍瑞卿	河北中医学院	硕士	2019	2	213	原版阅读      CNKI AI阅读
1897	刘凤斌教授辨治脾胃病的学术思想和临床经验探讨	杨碧华	广州中医药大学	博士	2019	13	1374	原版阅读      CNKI AI阅读
1898	脑功能和针灸脑图谱光声成像技术	吴丹	电子科技大学	博士	2019	2	1007	原版阅读      CNKI AI阅读
1899	小檗碱肠道氧化代谢物抗炎及抗溃疡性结肠炎的机制研究	李彩兰	广州中医药大学	博士	2019	21	1995	原版阅读      CNKI AI阅读
1900	组蛋白去乙酰化修饰在地黄连作障碍形成中的作用研究	陈淑强	福建农林大学	硕士	2019		7	原版阅读      CNKI AI阅读
	中文题名	作者	学位授予单位	数据库	学位授予年度	被引	下载	操作
1901	干姜黄连汤治疗溃疡性结肠炎的制剂前研究	姜宁	广州中医药大学	硕士	2019	1	155	原版阅读      CNKI AI阅读
1902	生物大分子修饰的可降解介孔有机二氧化硅纳米粒子载体在肝癌治疗中的应用	岳娟	安徽师范大学	硕士	2019	1	412	原版阅读      CNKI AI阅读
1903	黄连中黄连碱及表小檗碱抗幽门螺杆菌作用机制研究	谈丽华	广州中医药大学	硕士	2019	65	1204	原版阅读      CNKI AI阅读
1904	龟板软膏调控HFSCs中的Wnt/β-catenin信号通路修复大鼠急性皮肤创面	申倩	广州中医药大学	硕士	2019		212	原版阅读      CNKI AI阅读
1905	黄连温胆汤加减治疗小儿肠系膜淋巴结炎湿热内蕴证的临床疗效观察	赵倩	成都中医药大学	硕士	2019	3	160	原版阅读      CNKI AI阅读
1906	基于“助脾散精”法探讨半夏泻心汤对T2DM患者肠道菌群及细胞免疫的影响	王晶	成都中医药大学	硕士	2019	9	321	原版阅读      CNKI AI阅读
1907	交泰丸活性成分配伍对T2DM大鼠Orexin A/HPA轴和骨骼肌GLUT4的影响	米佳	广州中医药大学	硕士	2019	6	177	原版阅读      CNKI AI阅读
1908	基于古今文献的黄芩量效关系及运用特点研究	林沐晗	成都中医药大学	硕士	2019	3	275	原版阅读      CNKI AI阅读
1909	黄连解毒汤含药脑脊液对Aβ1-42致BV2细胞炎症反应的机制研究	何小静	成都中医药大学	硕士	2019	6	407	原版阅读      CNKI AI阅读
1910	《千金方》小方选析与文献研究	张晶晶	成都中医药大学	硕士	2019	2	287	原版阅读      CNKI AI阅读
1911	木香不同部位香连丸抗炎活性筛选及新香连丸急性毒性研究	杨琴芳	西南大学	硕士	2019	3	334	原版阅读      CNKI AI阅读
1912	金属酞菁—卟啉缔合物荧光探针的构建及其在分析科学中的若干应用	郑霄	厦门大学	硕士	2019		136	原版阅读      CNKI AI阅读
1913	白头翁汤治疗禽巴氏杆菌病的机理研究	杨雪贞	贵州大学	硕士	2019	1	286	原版阅读      CNKI AI阅读
1914	美宝湿润烧伤膏治疗面部激素依赖性皮炎的临床疗效观察	傅昱	云南中医药大学	硕士	2019	1	254	原版阅读      CNKI AI阅读
1915	加味黄连解毒汤治疗银屑病的临床观察及机制研究	姚艳	云南中医药大学	硕士	2019	3	265	原版阅读      CNKI AI阅读
1916	利川山药（Dioscorea opposite）和蕲山药（D.batatas）的解剖结构和组织化学比较研究	王晓娥	长江大学	硕士	2019	4	265	原版阅读      CNKI AI阅读
1917	传统方剂“升阳益胃汤”的化学研究	岳可心	吉林大学	硕士	2019	5	478	原版阅读      CNKI AI阅读
1918	郁金免煎颗粒联合三联疗法根除幽门螺杆菌的疗效观察	薛百钊	华北理工大学	硕士	2019	3	111	原版阅读      CNKI AI阅读
1919	硫酸小檗碱在白羽肉鸡体内的药动学及冰片对其影响作用研究	马畅	山东农业大学	硕士	2019	1	141	原版阅读      CNKI AI阅读
1920	黄连提取物对白念珠菌丝侵袭OPC小鼠口腔的抑制作用及机制研究	牛会侠	安徽中医药大学	硕士	2019	2	339	原版阅读      CNKI AI阅读
1921	基于黄连多糖对小肠上皮细胞紧密连接的调控作用探讨黄连水煎液中小檗碱肠吸收机制	徐慧慧	安徽中医药大学	硕士	2019		89	原版阅读      CNKI AI阅读
1922	基于数据挖掘的蔡淦教授膏方用药规律研究	潘琦慧	上海中医药大学	硕士	2019	1	202	原版阅读      CNKI AI阅读
1923	鲁中南石灰岩山地侧柏混交林蓄水保土及景观效益AHP分析	张如明	山东农业大学	硕士	2019	4	155	原版阅读      CNKI AI阅读
1924	含黄芩方剂治疗神志病研究	章宸一瑜	南京中医药大学	博士	2019	15	1583	原版阅读      CNKI AI阅读
1925	黄连素对波动性高糖致人冠状动脉内皮细胞损伤的保护机制研究	庄微	南京中医药大学	博士	2019	4	317	原版阅读      CNKI AI阅读
1926	黄芪桂枝五物汤和甘草泻心汤标准颗粒组方单味药质量表征研究	张天一	南京中医药大学	硕士	2019	4	985	原版阅读      CNKI AI阅读
1927	Coptisine舒张小鼠气管平滑肌的作用机理	闻娜娜	中南民族大学	硕士	2019	2	62	原版阅读      CNKI AI阅读
1928	基于数据挖掘的非糜烂性胃食管反流病核心方药的分析	谭欣圆	南京中医药大学	硕士	2019	1	261	原版阅读      CNKI AI阅读
1929	古代不寐方文献整理研究	朱俐颖	安徽中医药大学	硕士	2019	22	1434	原版阅读      CNKI AI阅读
1930	基于Cdk5/p25信号通路的黄连素调控Aβ产生和聚集的机制	卢陶陶	安徽中医药大学	硕士	2019	1	136	原版阅读      CNKI AI阅读
1931	肝豆状核变性患者睡眠障碍的临床特点与中医证候的相关性及加味黄连温胆汤的干预研究	马晓婷	安徽中医药大学	硕士	2019	6	149	原版阅读      CNKI AI阅读
1932	黄连温胆汤加减方治疗肥胖T2DM湿热困脾证的临床疗效观察	张梦芸	南京中医药大学	硕士	2019	11	332	原版阅读      CNKI AI阅读
1933	自拟清心化痰汤治疗痰火扰心型心悸的临床疗效观察	顾慧雯	南京中医药大学	硕士	2019	15	334	原版阅读      CNKI AI阅读
1934	通降合剂治疗肝胃郁热型反流性食管炎的疗效评价及基于“脑-肠”轴作用机制探讨	段欣慧	南京中医药大学	硕士	2019	11	422	原版阅读      CNKI AI阅读
1935	加味温胆汤治疗糖耐量异常痰热互结证的临床研究	王华	南京中医药大学	博士	2019	10	404	原版阅读      CNKI AI阅读
1936	黄连汤方证研究	Daniel Eng（伍天宁）	南京中医药大学	博士	2019	15	1505	原版阅读      CNKI AI阅读
1937	“酒蒸黄连-石菖蒲”组分抗糖尿病认知功能障碍配伍规律研究	陶梦敏	西南民族大学	硕士	2019	6	287	原版阅读      CNKI AI阅读
1938	残黄片制备工艺优化与退黄作用机制研究	吉日木巴图	江西中医药大学	博士	2019		257	原版阅读      CNKI AI阅读
1939	肝肾阴虚型DR中药治疗的临床数据挖掘研究及芪贞降糖颗粒对大鼠VEGF、MIP-1及Lp-PLA2表达的影响	陈志	安徽中医药大学	硕士	2019	1	191	原版阅读      CNKI AI阅读
1940	刘国安主任医师治疗心律失常用药经验研究	牛璐璐	甘肃中医药大学	硕士	2019		97	原版阅读      CNKI AI阅读
1941	四黄止痢复方中药提取物抗禽致病性大肠杆菌作用效果研究	孙嘉一	锦州医科大学	硕士	2019	8	546	原版阅读      CNKI AI阅读
1942	基于通降理论应用经方辨治胃食管反流病经验总结及文献方药规律研究	刘金萍	辽宁中医药大学	硕士	2019	4	199	原版阅读      CNKI AI阅读
1943	灰树花多糖对白色念珠菌肠道感染脾虚小鼠小肠病理改变及TNF-α表达的影响	田君琪	辽宁中医药大学	硕士	2019	3	190	原版阅读      CNKI AI阅读
1944	顺胃降逆颗粒的制备工艺研究	张越	山西省中医药研究院	硕士	2019	1	186	原版阅读      CNKI AI阅读
1945	慢性胃炎的中医遣方用药规律研究	果伟	承德医学院	硕士	2019	1	118	原版阅读      CNKI AI阅读
1946	牛蒡解肌汤加减方联合黄连膏治疗急性过敏性皮炎（面部）的临床疗效观察	李文琦	新疆医科大学	硕士	2019	3	165	原版阅读      CNKI AI阅读
1947	基于中医传承辅助平台分析李遇春教授治疗胃痛的学术思想和组方用药规律	常昊	宁夏医科大学	硕士	2019	10	314	原版阅读      CNKI AI阅读
1948	丁香酚对多重耐药大肠杆菌的抑菌活性及其机制研究	刘婵婵	陕西科技大学	硕士	2019	14	781	原版阅读      CNKI AI阅读
1949	新型聚甲基丙烯酸酯毛细管整体柱的制备及其在加压毛细电管色谱中的应用	潘虹	上海交通大学	硕士	2019	1	144	原版阅读      CNKI AI阅读
1950	黄连阿胶汤合酸枣仁汤治疗阴虚火旺致不寐的临床研究	吴洁岚	福建中医药大学	硕士	2019	8	372	原版阅读      CNKI AI阅读
	中文题名	作者	学位授予单位	数据库	学位授予年度	被引	下载	操作
1951	麻杏石甘汤合葛根芩连汤联合西医常规治疗社区获得性肺炎的临床应用	辛大永	北京中医药大学	硕士	2018	6	311	原版阅读      CNKI AI阅读
1952	中药保留灌肠联合穴位敷贴干预大肠湿热型溃疡性结肠炎的效果研究	胡杨倩	浙江中医药大学	硕士	2018	5	349	原版阅读      CNKI AI阅读
1953	左金丸配方颗粒与其饮片的比较研究	葛淑瑜	浙江中医药大学	硕士	2018	8	397	原版阅读      CNKI AI阅读
1954	盐酸小檗碱缓释片的制备工艺及质量标准研究	陈梦秋	武汉工程大学	硕士	2018	4	1241	原版阅读      CNKI AI阅读
1955	Tob1及黄连素在结肠癌发生发展中的机制研究	李丹丹	厦门大学	博士	2018	3	246	原版阅读      CNKI AI阅读
1956	葛根芩连汤传统煎煮与十功能煎药机煎煮一致性评价的初步研究	招志辉	广州中医药大学	硕士	2018	7	364	原版阅读      CNKI AI阅读
1957	黄连素对2型糖尿病大鼠肝脏的保护作用及机制研究	张韫	北京中医药大学	硕士	2018	9	483	原版阅读      CNKI AI阅读
1958	夏桂成教授诊治月经后期和闭经学术思想及临证经验研究	王静	南京中医药大学	博士	2018	32	2493	原版阅读      CNKI AI阅读
1959	中枢炎症调控在术后认知功能障碍防治中的实验研究	张志捷	南京医科大学	博士	2018	1	311	原版阅读      CNKI AI阅读
1960	黄连解胰汤通过抑制肿瘤微环境M2型巨噬细胞分化介导抗胰腺癌的作用及其机制	陈凯	苏州大学	博士	2018	9	810	原版阅读      CNKI AI阅读
1961	顺德地方社会与集体空间研究	周新年	华南理工大学	博士	2018	35	6320	原版阅读      CNKI AI阅读
1962	滇西石洞河花僳僳人近百年的基督教信仰研究	钟鹭艺	厦门大学	博士	2018		310	原版阅读      CNKI AI阅读
1963	明清时期广东药材的分布与贸易研究	何绪军	暨南大学	硕士	2018	8	1417	原版阅读      CNKI AI阅读
1964	低频率共振电刺激联合复方黄连阿胶汤治疗顽固性失眠的临床研究	谢晓惠	山东中医药大学	博士	2018	4	310	原版阅读      CNKI AI阅读
1965	基于数据挖掘的经方治疗水湿痰饮病的辨治规律研究	赵鼎	山东中医药大学	博士	2018	16	1111	原版阅读      CNKI AI阅读
1966	基于数据挖掘的噎膈病病因病机及用药规律研究	李佳	山东中医药大学	硕士	2018	1	276	原版阅读      CNKI AI阅读
1967	黄连温胆汤加减治疗T2DM合并非酒精性脂肪肝痰热互结证的临床观察	陈霞	山东中医药大学	硕士	2018	5	231	原版阅读      CNKI AI阅读
1968	丁书文教授临床应用当归六黄汤的经验总结	蔡璐	山东中医药大学	硕士	2018	4	369	原版阅读      CNKI AI阅读
1969	《圣济总录·伤寒门》征引文献研究	王飞旋	山东中医药大学	硕士	2018	5	363	原版阅读      CNKI AI阅读
1970	基于数据挖掘方法探讨李勇教授治疗非酒精性脂肪肝学术思想及用药规律	刘明明	山东中医药大学	硕士	2018	5	174	原版阅读      CNKI AI阅读
1971	运用数据挖掘技术分析张鸣鹤教授治疗白塞病的用药规律	孙亚楠	山东中医药大学	硕士	2018	1	279	原版阅读      CNKI AI阅读
1972	黄连温胆汤对室性早搏痰火扰心证患者生存质量的影响研究	王亚利	山东中医药大学	硕士	2018	10	146	原版阅读      CNKI AI阅读
1973	老年2型糖尿病合并高脂血症患者中药应用规律分析	张圆圆	山东中医药大学	硕士	2018	6	147	原版阅读      CNKI AI阅读
1974	基于中医传承辅助平台挖掘薛一涛教授治疗心悸的用药组方特色	高永贵	山东中医药大学	硕士	2018		214	原版阅读      CNKI AI阅读
1975	丁书文教授治疗阴虚火旺型早搏伴焦虑状态临床经验研究	孟雪	山东中医药大学	硕士	2018	1	143	原版阅读      CNKI AI阅读
1976	基于中医传承辅助系统分析曹志群教授治疗溃疡性结肠炎用药规律	马莉莉	山东中医药大学	硕士	2018	4	155	原版阅读      CNKI AI阅读
1977	半夏泻心汤防治胃癌前病变作用机制网络药理学研究	刘明君	山东中医药大学	硕士	2018	11	679	原版阅读      CNKI AI阅读
1978	连翘及其在保和丸中对胃肠动力作用的实验研究	郝菲菲	山东中医药大学	硕士	2018	11	434	原版阅读      CNKI AI阅读
1979	温胆汤加减治疗冠心病心绞痛临床疗效的Meta分析	洪伟男	山东中医药大学	硕士	2018	4	120	原版阅读      CNKI AI阅读
1980	叶天士气味理论研究	郭永胜	山东中医药大学	博士	2018	45	2576	原版阅读      CNKI AI阅读
1981	《辨证录》文献研究	孙亮	中国中医科学院	硕士	2018	12	606	原版阅读      CNKI AI阅读
1982	黄连素对动脉粥样硬化中巨噬细胞自噬功能调控机制的研究	密泗宇	宁波大学	硕士	2018	6	254	原版阅读      CNKI AI阅读
1983	溃结爽口服方不同组分在溃疡性结肠炎治疗中的效应分析	李晶	河北北方学院	硕士	2018	1	103	原版阅读      CNKI AI阅读
1984	《万安方》引录六种亡佚医书考略	王娇	中国中医科学院	硕士	2018	5	449	原版阅读      CNKI AI阅读
1985	基于多成分体内处置影响及转运体调控探讨交泰丸方证内涵及配伍机制	陈宁	北京中医药大学	博士	2018	1	131	原版阅读      CNKI AI阅读
1986	黄连温胆汤对3T3-L1脂肪细胞PI3K/Akt信号通路的干预机制研究	韩宇博	黑龙江中医药大学	博士	2018		197	原版阅读      CNKI AI阅读
1987	秃疮花和白屈菜抗真菌活性部位和生物碱类活性成分研究	田野	西北农林科技大学	博士	2018		239	原版阅读      CNKI AI阅读
1988	AMPK通过核转录和线粒体直接结合调节肿瘤细胞线粒体功能和瓦博格效应	姜珊珊	南昌大学	博士	2018	2	729	原版阅读      CNKI AI阅读
1989	复方中药对鸡大肠杆菌病的治疗效果及其机理研究	张瀚元	东北农业大学	博士	2018	41	1374	原版阅读      CNKI AI阅读
1990	环烯醚萜苷及酯类成分基于抗氧化应激的生物活性研究	王菲菲	北京中医药大学	博士	2018	15	1695	原版阅读      CNKI AI阅读
1991	黄连-4汤对MIRI引起心肌细胞损伤的保护作用机制研究	张青山	内蒙古民族大学	博士	2018	5	319	原版阅读      CNKI AI阅读
1992	中药“复方夏连胶囊”的化学成分分析及体内作用过程研究	李世哲	吉林大学	博士	2018	13	2142	原版阅读      CNKI AI阅读
1993	《外科正宗》基于“消法”治疗阳性痈疡的方剂配伍研究及其学术思想探讨	回雪颖	黑龙江中医药大学	博士	2018	17	774	原版阅读      CNKI AI阅读
1994	黄连温胆汤中黄连最佳剂量对T2DM大鼠肝脏脂代谢PPARα-LXRα-ABCA1信号通路的影响	李雨庭	黑龙江中医药大学	博士	2018	28	1143	原版阅读      CNKI AI阅读
1995	黄连、姜黄连的炮制工艺及质量控制研究	王鑫	北京中医药大学	硕士	2018	3	422	原版阅读      CNKI AI阅读
1996	交泰丸在糖尿病大鼠体内成分与代谢物的质谱鉴定及组织分布规律探究	高兴	北京中医药大学	硕士	2018	1	141	原版阅读      CNKI AI阅读
1997	加味黄连温胆汤治疗代谢综合征合并冠心病心绞痛的临床疗效观察	王强	黑龙江中医药大学	硕士	2018		44	原版阅读      CNKI AI阅读
1998	孟河京派颜正华教授安全用药思想源与流研究	周伟龙	北京中医药大学	硕士	2018	3	497	原版阅读      CNKI AI阅读
1999	消渴1号方对糖尿病大鼠SOD、MDA、TNF-α及NA+-K+-ATP酶影响的实验研究	邵攀辉	黑龙江中医药大学	硕士	2018		67	原版阅读      CNKI AI阅读
2000	胡黄连中环烯醚萜类成分及其药动学研究	高岩	黑龙江中医药大学	硕士	2018	1	202	原版阅读      CNKI AI阅读
	中文题名	作者	学位授予单位	数据库	学位授予年度	被引	下载	操作
2001	叶天士血证证治规律研究	翁逸群	浙江中医药大学	博士	2017	2	398	原版阅读      CNKI AI阅读
2002	黄连解毒汤联合热疗介导JAK/STAT信号通路对HaCat细胞增殖的调控研究	庞艳阳	浙江中医药大学	博士	2018		101	原版阅读      CNKI AI阅读
2003	HOEC和黄连解毒汤的抗炎作用机制的研究	黎丽	沈阳药科大学	博士	2013		86	原版阅读      CNKI AI阅读
2004	基于代谢组学表征的葛根芩连汤解热机制与效应成分的药物动力学研究	刘婷	沈阳药科大学	博士	2018		204	原版阅读      CNKI AI阅读
2005	中医临床基础治则治法的整理与研究	张丹丹	浙江中医药大学	博士	2017		749	原版阅读      CNKI AI阅读
2006	基于巨噬细胞生物学特性研究经典古方抗裸鼠移植胃癌效应机制	岳立云	北京中医药大学	博士	2017	1	75	原版阅读      CNKI AI阅读
2007	基于经穴特异性理论的中药寒热量化评价平台的构建	杨佳敏	北京中医药大学	博士	2017		61	原版阅读      CNKI AI阅读
2008	益气解毒法干预UC复发率的系统评价及其维持肠上皮细胞自噬的机制研究	徐靖雯	广州中医药大学	博士	2017	2	428	原版阅读      CNKI AI阅读
2009	以MRSA多重耐药蛋白PBP2a为靶点从中药中寻找抗菌增敏剂的实验研究	董燕	第三军医大学	博士	2008	8	1284	原版阅读      CNKI AI阅读
2010	Sp1预测鼻咽癌放疗反应及黄连素通过抑制Sp1增加鼻咽癌放疗敏感性的初步研究	王军	广西医科大学	博士	2016	1	67	原版阅读      CNKI AI阅读
2011	金创喷膜剂对大鼠早期压力性损伤的HFSCs和炎症反应的影响研究	李瑜	广州中医药大学	博士	2018	2	450	原版阅读      CNKI AI阅读
2012	基于自噬相关信号通路探讨清热解毒法对AS的影响及AMI证型规律研究	魏伟超	广州中医药大学	博士	2018	1	155	原版阅读      CNKI AI阅读
2013	黄连解毒汤对动物实验性焦虑抑郁的作用及机制研究	叶夷露	浙江中医药大学	博士	2016	1	267	原版阅读      CNKI AI阅读
2014	基于体外吸收-代谢模型构建黄芩黄连药对多组分体内相互作用评价模式	苗青	北京中医药大学	博士	2016	1	298	原版阅读      CNKI AI阅读
2015	糖尿病文献大数据分析和真实世界名中医诊疗糖尿病临床大数据分析研究	赵锡艳	北京中医药大学	博士	2016	3	700	原版阅读      CNKI AI阅读
2016	基于肠道菌群的SCFA/GPR43/GLP-1通路探讨黄连素配伍番泻苷A治疗2型糖尿病的作用机制	乐佳美	上海交通大学	博士	2018	1	747	原版阅读      CNKI AI阅读
2017	黄连通过HDAC3下调STAT3磷酸化水平抑制胶质瘤细胞的活性及效应功能的研究	李江安	南京医科大学	博士	2018		181	原版阅读      CNKI AI阅读
2018	江淮丘陵（皖中）森林群落物种多样性特征及分异	程红梅	南京大学	博士	2015	2	329	原版阅读      CNKI AI阅读
2019	清肠温中方对溃疡性结肠炎大鼠调控机制的研究	毛堂友	北京中医药大学	博士	2017	1	458	原版阅读      CNKI AI阅读
2020	黄连中重金属Cr和Cd的积累研究	黄文丽	西北农林科技大学	博士	2018	8	493	原版阅读      CNKI AI阅读
2021	基于1H-NMR代谢物组学技术的多基源中藏药品种质量评价研究	范刚	成都中医药大学	博士	2012	17	1767	原版阅读      CNKI AI阅读
2022	赤水河上游森林水源涵养功能群及其结构配置与调整对策	喻阳华	贵州大学	博士	2015	23	997	原版阅读      CNKI AI阅读
2023	伏安型电子舌的研发及其在食品检测中的应用	韦真博	浙江大学	博士	2011	28	1581	原版阅读      CNKI AI阅读
2024	辅助降糖颗粒干预ZDF大鼠胰岛素抵抗及代谢组学机制研究	吴希	北京中医药大学	博士	2017	2	320	原版阅读      CNKI AI阅读
2025	交泰丸对东莨菪碱模型小鼠学习记忆功能的作用及其机制的研究	王馨晨	广州中医药大学	博士	2018	5	595	原版阅读      CNKI AI阅读
2026	气候变化下中国七种木本油料树种的潜在分布	代光辉	北京林业大学	博士	2018	14	816	原版阅读      CNKI AI阅读
2027	基于代谢组学的黄连吴茱萸药对药性研究	李文	北京中医药大学	博士	2016	6	842	原版阅读      CNKI AI阅读
2028	根系分泌物介导下的连作地黄根际互作与作用机制研究	吴林坤	福建农林大学	博士	2014	6	700	原版阅读      CNKI AI阅读
2029	“五性”归脾经常用中药对脾虚动物模型的干预作用比较研究	许仕杰	广州中医药大学	博士	2016	11	415	原版阅读      CNKI AI阅读
2030	葛根芩连汤在大肠杆菌致泻小型猪体内药代动力学及药效动力学研究	凌霄	南方医科大学	博士	2017	1	501	原版阅读      CNKI AI阅读
2031	蒙药地格达-4味汤抗急性肝损伤药效物质基础研究	包明兰	黑龙江中医药大学	博士	2015	2	295	原版阅读      CNKI AI阅读
2032	噻唑类新化合物的设计与合成及其抗微生物活性研究	高巍伟	西南大学	博士	2018		486	原版阅读      CNKI AI阅读
2033	王春生学术思想与临床经验总结及开痞活血汤治疗慢性萎缩性胃炎的临床研究	李利荣	北京中医药大学	博士	2016	3	336	原版阅读      CNKI AI阅读
2034	基于红外热成像技术对中药寒热药性研究的方法建立	马小鑫	北京中医药大学	博士	2012	6	430	原版阅读      CNKI AI阅读
2035	中药炮制用辅料（姜汁）规范化的探索性研究	杨春雨	中国中医科学院	博士	2018	17	1575	原版阅读      CNKI AI阅读
2036	基于医案数据分析的当归六黄汤组方与临床应用研究	张永	成都中医药大学	博士	2018	6	813	原版阅读      CNKI AI阅读
2037	黄连吴茱萸等比配伍对高脂模型大鼠胆固醇代谢相关基因及肠道菌群的影响	周昕	成都中医药大学	博士	2018	24	1126	原版阅读      CNKI AI阅读
2038	长链Br?nsted酸功能性离子液体的制备及其催化有机合成反应性能	何乐芹	河北工业大学	博士	2016		212	原版阅读      CNKI AI阅读
2039	郭元峰《伤寒论》学术思想及临床应用研究	莫可珍（Hochun Mok）	广州中医药大学	博士	2018		475	原版阅读      CNKI AI阅读
2040	《临证指南医案》中半夏应用的研究	黄逸伦	广州中医药大学	博士	2018	4	839	原版阅读      CNKI AI阅读
2041	基于蛋白质组学中药寒热药性的研究	杨欣	黑龙江中医药大学	博士	2016	17	1517	原版阅读      CNKI AI阅读
2042	基于代谢组学的中药药性理论研究	郭慧	黑龙江中医药大学	博士	2016	15	1330	原版阅读      CNKI AI阅读
2043	由属性偏序结构图探索古代乌梅丸类方在古文献中规律	谭醒华（Tam Sing Wa）	广州中医药大学	博士	2018	2	373	原版阅读      CNKI AI阅读
2044	基于属性偏序原理对近五十年半夏泻心汤类方加减法研究	尹益均（Wan Yik Kwan）	广州中医药大学	博士	2018	9	616	原版阅读      CNKI AI阅读
2045	治疗寒湿证与湿热证方剂的比较研究	张远哲	成都中医药大学	博士	2018	5	579	原版阅读      CNKI AI阅读
2046	基于1H NMR中药复方朱砂安神丸代谢组学研究及连翘花的化学成分研究	王海峰	沈阳药科大学	博士	2013	1	433	原版阅读      CNKI AI阅读
2047	黄连素对多囊卵巢综合征（pcos）大鼠的疗效及作用机制探讨	王萌影	黑龙江中医药大学	博士	2015	3	295	原版阅读      CNKI AI阅读
2048	少数民族特色村寨建设中人力资源开发研究——以湖北省利川市为例	尹春芬	中南民族大学	博士	2016	15	1085	原版阅读      CNKI AI阅读
2049	从生物钟蛋白CRY相关炎症信号通路探讨交泰丸改善睡眠和胰岛素抵抗的共同分子机制	黄文雅	华中科技大学	博士	2018	8	678	原版阅读      CNKI AI阅读
2050	复方金雄口服液的研制及其对鸡大肠杆菌病的防治效果研究	李伟跃	南京农业大学	博士	2017	6	454	原版阅读      CNKI AI阅读
	中文题名	作者	学位授予单位	数据库	学位授予年度	被引	下载	操作
2051	黄芩素促进三氧化二砷诱导人肝癌细胞株凋亡的分子机制及相关临床研究	何莉	武汉大学	博士	2016	1	195	原版阅读      CNKI AI阅读
2052	反流性食管炎中医辨证分型及用药规律的研究	廖淑秋	广州中医药大学	博士	2017	14	908	原版阅读      CNKI AI阅读
2053	基于属性偏序结构理论的李赛美六经辨治糖尿病患者失眠知识发现	张楠	广州中医药大学	博士	2017	24	951	原版阅读      CNKI AI阅读
2054	基于数据挖掘研究当代名老中医治疗银屑病方药证治规律	谈依菱	广州中医药大学	博士	2017	31	2192	原版阅读      CNKI AI阅读
2055	基于古今医案数据分析的偏头痛病证治规律研究	王文静	广州中医药大学	博士	2017	32	1383	原版阅读      CNKI AI阅读
2056	基于中华医典对宋金元时期医家治疗胃痛用药的规律整理	谢英峰	广州中医药大学	博士	2017	17	1030	原版阅读      CNKI AI阅读
2057	皮肤“癣”类病名考证及其规范研究	刘涛	中国中医科学院	博士	2017	61	5351	原版阅读      CNKI AI阅读
2058	王永炎学术思想与经验总结及养阴熄风复脉汤治疗室早的临床研究	张丽梅	中国中医科学院	博士	2017	23	1299	原版阅读      CNKI AI阅读
2059	“黄连—干姜”药对预防炎症性肠病及其相关结肠癌作用机制研究	李阳	广州中医药大学	博士	2017	22	1442	原版阅读      CNKI AI阅读
2060	小陷胸汤药效物质基础研究	许颖	沈阳药科大学	博士	2012	7	444	原版阅读      CNKI AI阅读
2061	田黄片有效成分（群）治疗脂肪肝的效应和机理研究	范辉	南方医科大学	博士	2014		398	原版阅读      CNKI AI阅读
2062	疫病（急性传染性疾病）古今用药特点及配伍规律研究	张稚鲲	南京中医药大学	博士	2017	23	2545	原版阅读      CNKI AI阅读
2063	黄连生物碱及其衍生物抗动脉粥样硬化作用和机制研究	冯敏	西南大学	博士	2017	8	766	原版阅读      CNKI AI阅读
2064	潮湿墓葬环境出土丝织品的植物染料鉴定技术研究	柏小剑	中国科学技术大学	博士	2014	12	722	原版阅读      CNKI AI阅读
2065	胡黄连苷Ⅱ抗脑缺血再灌注损伤作用及其机制研究	翟丽	青岛大学	博士	2017	3	435	原版阅读      CNKI AI阅读
2066	扶正祛邪方对APP/PS1 HEK293细胞自噬功能调节作用的研究	王志勇	北京中医药大学	博士	2017	6	442	原版阅读      CNKI AI阅读
2067	基于复杂网络的2型糖尿病中医核心用药挖掘及其机制研究	陈澈	北京中医药大学	博士	2018	31	2556	原版阅读      CNKI AI阅读
2068	高脂饲料诱导的SD大鼠肠道菌群分布特征及糖肾胶囊干预后的影响	黄飞	北京中医药大学	博士	2018	14	1152	原版阅读      CNKI AI阅读
2069	基于数据挖掘的王庆国运用柴胡类方组方规律研究	林依璇	北京中医药大学	博士	2018	18	2037	原版阅读      CNKI AI阅读
2070	葛根岑连汤四种表征成分效阈浓度下配伍的抗肝细胞IR效应及机理	黄伟	北京中医药大学	博士	2018	8	1506	原版阅读      CNKI AI阅读
2071	基于代谢组学和网络药理学的白头翁汤治疗湿热泄泻的作用机制研究	马琪	甘肃农业大学	博士	2018	46	3511	原版阅读      CNKI AI阅读
2072	加味不忘散对阿尔茨海默病模型大鼠学习记忆的影响及其抗炎机制的研究	刘晓蕾	山西医科大学	博士	2018	11	1774	原版阅读      CNKI AI阅读
2073	徐力教授截断疗法治疗胃癌前病变经验及临床研究	陈海乾（TAN HAI CHYAN）	南京中医药大学	博士	2018	8	663	原版阅读      CNKI AI阅读
2074	超重/肥胖相关高血压疾病中医体质特点及多胺调节米色脂肪生物合成机制初探	袁方	南京中医药大学	博士	2018	9	678	原版阅读      CNKI AI阅读
2075	基于数据挖掘李家庚教授辨治肿瘤临床经验研究	陈赛里	湖北中医药大学	博士	2018	18	1978	原版阅读      CNKI AI阅读
2076	《伤寒论》黄芩汤方证研究	田明敏	南京中医药大学	博士	2018	35	2222	原版阅读      CNKI AI阅读
2077	三才连梅颗粒毒性研究与临床疗效评价	郭强	成都中医药大学	博士	2017	4	287	原版阅读      CNKI AI阅读
2078	朱致纯教授脑病学术思想及不寐诊治临床经验整理与研究	黄宏烨	湖北中医药大学	博士	2015	4	568	原版阅读      CNKI AI阅读
2079	刘华为学术思想及开降分消汤治疗冠心病心绞痛（痰浊痹阻）临床研究	高安	中国中医科学院	博士	2016	17	801	原版阅读      CNKI AI阅读
2080	丹溪学派诊治痰证的理论研究	衣标美	中国中医科学院	博士	2016	50	2684	原版阅读      CNKI AI阅读
2081	沈舒文辨治萎缩性胃炎经验诠释及萎缩性胃炎癌前病变医案挖掘研究	许永攀	中国中医科学院	博士	2016	36	1342	原版阅读      CNKI AI阅读
2082	王道坤脾胃病学术思想与经验总结及消化性溃疡用药规律的研究	王凤仪	中国中医科学院	博士	2016	18	1877	原版阅读      CNKI AI阅读
2083	基于MLCK-MLC信号通路研究肠安Ⅱ号方对肠上皮细胞紧密连接的分子调控机制	陈婷	中国中医科学院	博士	2016	24	2005	原版阅读      CNKI AI阅读
2084	中药有效组分配伍调控p38MAPK通路改善糖尿病心肌病的机理研究	相田园	中国中医科学院	博士	2016	6	1388	原版阅读      CNKI AI阅读
2085	基于XBP1激活的抗溃疡性结肠炎活性黄连碱衍生物的设计合成及其构效关系研究	谢猛	北京协和医学院	博士	2016	8	423	原版阅读      CNKI AI阅读
2086	李赛美运用经方寒温并用方辨治疑难杂病临床经验整理与探讨	陈氏红明	广州中医药大学	博士	2016	25	1602	原版阅读      CNKI AI阅读
2087	基于数据挖掘的《临证指南医案》脾胃病证治规律研究	信楠	广州中医药大学	博士	2016	22	2800	原版阅读      CNKI AI阅读
2088	基于数据挖掘技术分析当代中医名家痤疮验方经验研究	蓝永豪（LAM Wing Ho）	南京中医药大学	博士	2016	14	1721	原版阅读      CNKI AI阅读
2089	张小萍教授脾胃气化理论及临证经验的研究	李龙华	南京中医药大学	博士	2016	4	407	原版阅读      CNKI AI阅读
2090	邱家廷主任中医师脾胃学术思想及临床应用研究	谢建寰	南京中医药大学	博士	2015	5	351	原版阅读      CNKI AI阅读
2091	胡国俊祛邪助运治疗老年病学术思想和经验总结	钱力维	南京中医药大学	博士	2016	3	512	原版阅读      CNKI AI阅读
2092	张小萍教授脾胃气化学说学术思想及用药规律的传承研究	何凌	南京中医药大学	博士	2015	11	773	原版阅读      CNKI AI阅读
2093	何晓晖教授脾胃学术思想及其运用衡法治疗脾胃病的经验研究	葛来安	南京中医药大学	博士	2015	9	718	原版阅读      CNKI AI阅读
2094	基于明清医著数据挖掘的温病养阴药及其组方运用规律的研究	季梅	南京中医药大学	博士	2016	15	1427	原版阅读      CNKI AI阅读
2095	左金胃漂浮—生物黏附小丸制备关键技术与评价研究	许锋	广州中医药大学	博士	2015	3	273	原版阅读      CNKI AI阅读
2096	乌梅丸及其拆方对溃疡性结肠炎大鼠TLR9/MyD88/NF-κBp65及IL-6/JAK/STAT3信号通路的影响	李斌	辽宁中医药大学	博士	2016	40	3166	原版阅读      CNKI AI阅读
2097	中医医案文本挖掘的若干关键技术研究	袁锋	山东师范大学	博士	2016	14	1844	原版阅读      CNKI AI阅读
2098	李玉贤内科学术思想总结及“和胃汤”治疗慢性萎缩性胃炎的临床研究	杨舒淳	北京中医药大学	博士	2016	10	1029	原版阅读      CNKI AI阅读
2099	细胞TAG代谢调控及相关降脂化合物黄连素的作用机制研究	房志家	东华大学	博士	2016	4	486	原版阅读      CNKI AI阅读
2100	新型黄连素唑类化合物的设计合成及其抗微生物活性研究	Ponmani Jeyakkumar	西南大学	博士	2016		402	原版阅读      CNKI AI阅读
	中文题名	作者	学位授予单位	数据库	学位授予年度	被引	下载	操作
2101	黄连木叶片提取物对小鼠3T3-L1脂肪细胞的作用研究	张乐乐	安徽农业大学	博士	2016	7	740	原版阅读      CNKI AI阅读
2102	黄连素制药废水物化前处理工艺及机理研究	崔晓宇	中国矿业大学(北京)	博士	2017	9	1232	原版阅读      CNKI AI阅读
2103	王常绮老中医脾胃病学术思想及临床经验的总结、继承及相关临床研究	齐洪军	成都中医药大学	博士	2016	31	1701	原版阅读      CNKI AI阅读
2104	加味清肠解毒汤对溃疡性结肠炎模型大鼠炎症细胞因子及血小板活化功能的影响	屈杰	成都中医药大学	博士	2016	16	713	原版阅读      CNKI AI阅读
2105	吴光炯从脾胃论治代谢综合征的学术思想及经验总结——基于数据挖掘技术的研究	毕莲	成都中医药大学	博士	2016	8	993	原版阅读      CNKI AI阅读
2106	新型液相色谱固定相的制备、表征及应用研究	王轻	华中科技大学	博士	2016		815	原版阅读      CNKI AI阅读
2107	色谱—质谱联用技术分析方法和葛根芩连汤疗效机制及代谢组学研究	张启云	武汉大学	博士	2016	15	4070	原版阅读      CNKI AI阅读
2108	李玉贤学术思想与临床经验总结及化脂丸治疗血脂异常（脾虚痰浊证）的临床研究	李龑	北京中医药大学	博士	2017	13	596	原版阅读      CNKI AI阅读
2109	栗德林学术思想与临床经验总结及三甲肾消汤治疗气阴两虚瘀浊内阻糖尿病肾脏病（Ⅲ～Ⅳ期）临床研究	钟柳娜	北京中医药大学	博士	2017	21	1459	原版阅读      CNKI AI阅读
2110	宋明锁学术思想与临床经验总结及调脾承气汤治疗小儿急乳蛾肺胃热盛证的临床研究	王小芸	北京中医药大学	博士	2017	7	720	原版阅读      CNKI AI阅读
2111	胡兰贵学术思想与临床经验总结及清肝宁心汤治疗肝火扰心型不寐的临床研究	李晓东	北京中医药大学	博士	2017	8	704	原版阅读      CNKI AI阅读
2112	栗德林教授学术思想与临床经验总结及自拟连夏芪麦汤治疗慢性非萎缩性胃炎寒热错杂证的临床研究	沈艳莉	北京中医药大学	博士	2017	20	881	原版阅读      CNKI AI阅读
2113	从痰论治失眠的理论探讨和临床证治规律研究	蔡玮凌（Tsai Weiling）	南京中医药大学	博士	2017	38	1533	原版阅读      CNKI AI阅读
2114	新加坡胃食管反流病的证候规律和辨证治疗临床研究	何宇瑛	南京中医药大学	博士	2017	9	443	原版阅读      CNKI AI阅读
2115	子宫内膜病变中医证型、证素分析及清热解毒方干预的分子机制	唐瑶	北京中医药大学	博士	2017	11	1030	原版阅读      CNKI AI阅读
2116	黄连煎剂对代谢综合征SD大鼠肠道菌群及GPR43通路glp-1和pyy的影响	黄倜	北京中医药大学	博士	2017	39	4415	原版阅读      CNKI AI阅读
2117	心速宁胶囊的物质基础研究	张霄潇	北京中医药大学	博士	2017	8	1866	原版阅读      CNKI AI阅读
2118	黄连素对骨髓间充质干细胞成骨分化作用的初步研究	张瑞	南京大学	博士	2017	10	1130	原版阅读      CNKI AI阅读
2119	圣草酚、黄连素、B-乳香酸对UVA照射人皮肤细胞的光保护效应	Muhammad Farrukh Nisar	重庆大学	博士	2016	1	349	原版阅读      CNKI AI阅读
2120	新型场效应晶体管生物传感器用于心衰相关标志物和中药调控心肌细胞钙离子释放的监测	雷用敏	湖北中医药大学	博士	2017	3	1011	原版阅读      CNKI AI阅读
2121	梅国强教授辨治心系疾病临证经验数据挖掘研究	胡旭	湖北中医药大学	博士	2017	23	1509	原版阅读      CNKI AI阅读
2122	痢疾相关明清文献中医诊治经验挖掘研究	王一战	中国中医科学院	博士	2017	16	1328	原版阅读      CNKI AI阅读
2123	张凤武脾胃病学术经验总结及治疗慢性萎缩性胃炎的临床研究	王立平	中国中医科学院	博士	2017	53	1784	原版阅读      CNKI AI阅读
2124	黄连生物碱调节高脂C57BL/6J小鼠胆汁酸信号通路和肠道微生物改善血脂异常研究	贺凯	西南大学	博士	2017	72	4487	原版阅读      CNKI AI阅读
2125	黄连素对肉鸡P-糖蛋白表达和功能的影响	孙勇	南京农业大学	博士	2015	1	150	原版阅读      CNKI AI阅读
2126	代综方干预骨骼肌细胞胰岛素抵抗及其作用机制研究	赵玉雪	中国中医科学院	博士	2017	9	574	原版阅读      CNKI AI阅读
2127	基于以AMPK为靶点的药物抗肝癌和抗乳腺癌多药耐药作用及其机制探讨	潘悦	吉林大学	博士	2017	10	853	原版阅读      CNKI AI阅读
2128	半夏泻心汤加味方配合针灸治疗寒热错杂型胃食管反流病的临床研究	廖礼国(Liew LayKok)	南京中医药大学	博士	2015	7	730	原版阅读      CNKI AI阅读
2129	基于红外辅助提取和现代色谱技术的中药活性成分分析技术应用研究	李发洁	复旦大学	博士	2013	12	917	原版阅读      CNKI AI阅读
2130	基于压电检测的光声技术研究	赵斌兴	电子科技大学	博士	2015	10	581	原版阅读      CNKI AI阅读
2131	越橘多药和毒性化合物排出转运蛋白(MATE)基因的克隆、表达及其亚细胞定位研究	陈丽	吉林农业大学	博士	2015	3	569	原版阅读      CNKI AI阅读
2132	小檗碱治疗糠尿病的肠道作用靶点及分子机制研究	李增强	沈阳药科大学	博士	2012	3	361	原版阅读      CNKI AI阅读
2133	Vaspin调控糖尿病炎症通路及苦酸通调法的干预机制研究	米佳	长春中医药大学	博士	2015	3	249	原版阅读      CNKI AI阅读
2134	基于黄连化感物质与微生物群落结构变化的连作障碍机制研究	张丹	成都中医药大学	博士	2015	30	962	原版阅读      CNKI AI阅读
2135	张发荣教授临床经验与学术思想研究	胡波	成都中医药大学	博士	2015	12	613	原版阅读      CNKI AI阅读
2136	黄连解毒汤对2型糖尿病大鼠海马Alzheimer病样tau蛋白磷酸化途径的影响及机制研究	李斌	成都中医药大学	博士	2015	5	658	原版阅读      CNKI AI阅读
2137	加味三才汤对糖尿病SD大鼠肝脏脂肪变性和keap1-Nrf2通路影响的实验研究	岳明强	成都中医药大学	博士	2015	11	498	原版阅读      CNKI AI阅读
2138	高脂日粮诱导团头鲂脂肪肝发生机制及黄连素调控的研究	鲁康乐	南京农业大学	博士	2014	28	638	原版阅读      CNKI AI阅读
2139	防己黄芪汤对高脂血症的临床干预及对RBP4、HFABP/CFABP 及ICAM-1表达的影响	蔡欣蕊	山东中医药大学	博士	2015	3	508	原版阅读      CNKI AI阅读
2140	糖敏灵丸质量控制与相关成分的药动学研究	佟玲	沈阳药科大学	博士	2011		248	原版阅读      CNKI AI阅读
2141	奶牛肝功能酶检测与乳房炎白色念珠菌快速诊断试纸条研究	刘平	广西大学	博士	2013	3	300	原版阅读      CNKI AI阅读
2142	基于古今医案数据分析的肺痈证治规律研究	阎闯	黑龙江中医药大学	博士	2016	6	758	原版阅读      CNKI AI阅读
2143	《温病条辨》治疗温病组方特点研究	辜炳锐	黑龙江中医药大学	博士	2016	8	2110	原版阅读      CNKI AI阅读
2144	牛兴东学术思想与经验总结及健脾理肠汤加灌肠治疗溃疡性结肠炎临床研究	高原	北京中医药大学	博士	2016	7	941	原版阅读      CNKI AI阅读
2145	代谢综合征中医证素、Heath-Carter体型特征及胰岛素抵抗相关指标关联性研究	闫旭	北京中医药大学	博士	2016	6	648	原版阅读      CNKI AI阅读
2146	魏执真学术思想和临床经验总结及从调脉饮拆方探讨凉血清热法在快速性心律失常的应用	韩垚	北京中医药大学	博士	2016	8	636	原版阅读      CNKI AI阅读
2147	宋明锁学术思想与临床经验总结及小儿厌食症证治规律研究	赵怀舟	北京中医药大学	博士	2016	9	949	原版阅读      CNKI AI阅读
2148	王庆国教授学术思想、临床经验总结及其治疗脾胃病的用药规律研究	赵琰	北京中医药大学	博士	2016	20	2764	原版阅读      CNKI AI阅读
2149	田金洲教授学术思想与临床经验总结及从肝论治失眠整理与研究	田颖欣	北京中医药大学	博士	2016	22	1603	原版阅读      CNKI AI阅读
2150	刘景源教授学术经验及其加味黄芪建中方治疗慢性萎缩性胃炎（脾胃虚弱证）的临床研究	刘宁	北京中医药大学	博士	2016	11	1336	原版阅读      CNKI AI阅读
	中文题名	作者	学位授予单位	数据库	学位授予年度	被引	下载	操作
2151	姜良铎教授学术思想与临床经验总结和从三焦论治萎缩性胃炎理论及临床研究	王春勇	北京中医药大学	博士	2016	12	1409	原版阅读      CNKI AI阅读
2152	刘景源教授学术思想与临床经验总结及辨治胸痹心痛的组方用药规律研究	郑丰杰	北京中医药大学	博士	2016	1	1709	原版阅读      CNKI AI阅读
2153	基于数据库挖掘的经方治疗台湾人失眠与抑郁症的研究	陈懿琳	北京中医药大学	博士	2016	8	1718	原版阅读      CNKI AI阅读
2154	交通心肾治法源流与应用规律研究	杨正	北京中医药大学	博士	2016	22	2277	原版阅读      CNKI AI阅读
2155	甘爱萍脾胃病学术思想及诊治功能性消化不良临床经验研究	梅应兵	湖北中医药大学	博士	2015	38	1534	原版阅读      CNKI AI阅读
2156	基于数据挖掘从毒痰瘀虚治疗肝炎肝硬化的用药规律与效果比较研究	吴辉坤	湖北中医药大学	博士	2015	15	784	原版阅读      CNKI AI阅读
2157	庞安时《伤寒总病论》学术思想研究	高小威	湖北中医药大学	博士	2016	17	1242	原版阅读      CNKI AI阅读
2158	基于数据挖掘方法的慢性胃炎脾胃湿热证量化诊断标准研究	张平	湖北中医药大学	博士	2016	27	1272	原版阅读      CNKI AI阅读
2159	有机阳离子转运体和CYP酶在Nitidine转运及毒性中的作用	李丽萍	浙江大学	博士	2014	1	362	原版阅读      CNKI AI阅读
2160	葛根芩连汤发酵液对T2DM大鼠降糖降脂作用及机理研究	李津	湖北中医药大学	博士	2016	17	1200	原版阅读      CNKI AI阅读
2161	黄连素对多囊卵巢综合征大鼠高雄激素状态及StAR蛋白质、mRNA表达的影响	郑慧颖	湖北中医药大学	博士	2016	5	891	原版阅读      CNKI AI阅读
2162	关于动脉粥样硬化和败血症免疫治疗的研究——重组人尿激酶原氨基末端片段对动脉粥样硬化的免疫治疗及抗巨噬细胞抗体对败血症的过继免疫治疗	裘旭华	南京大学	博士	2011	1	149	原版阅读      CNKI AI阅读
2163	NE在非酒精性脂肪性肝炎kupffer细胞活化中的作用和机制以及黄连素对其影响	臧淑妃	浙江中医药大学	博士	2016	1	493	原版阅读      CNKI AI阅读
2164	黄癸固体分散体通过调控肝脏HNF4α/miR122通路纠正糖尿病糖脂代谢紊乱机制研究	魏胜男	吉林大学	博士	2016	8	796	原版阅读      CNKI AI阅读
2165	《临证指南医案》中黄柏应用的研究	王志坚（Wong Chi Kin）	广州中医药大学	博士	2016	6	1310	原版阅读      CNKI AI阅读
2166	清代名医王旭高、吴鞠通肝证临证医案整理研究及理论探讨	施丞修	广州中医药大学	博士	2016	14	1438	原版阅读      CNKI AI阅读
2167	抗幽门螺杆菌方四联方案对幽门螺杆菌根除失败的功能性消化不良患者补救治疗的临床研究	宋贵发	山东中医药大学	博士	2015	5	505	原版阅读      CNKI AI阅读
2168	《伤寒论》“方后注”文献研究	刘芳	北京中医药大学	博士	2014	27	6084	原版阅读      CNKI AI阅读
2169	基于近20年中医期刊文献的肠易激综合征辨证用药规律研究	赵健	北京中医药大学	博士	2014	29	3510	原版阅读      CNKI AI阅读
2170	余无言临床药物用量经验研究	周易	北京中医药大学	博士	2014	2	837	原版阅读      CNKI AI阅读
2171	李赛美教授经方辨治2型糖尿病学术思想及经验传承研究	徐笋晶	广州中医药大学	博士	2014	34	2686	原版阅读      CNKI AI阅读
2172	化痰法干预动脉粥样硬化机制的初步研究	燕珊	广州中医药大学	博士	2014	22	1316	原版阅读      CNKI AI阅读
2173	基于半结构式访谈和多阶段随机问卷调研的中医临床方药量效关系研究	倪胜楼	北京中医药大学	博士	2014	42	3029	原版阅读      CNKI AI阅读
2174	基于GIS的山地景观生态综合评价研究——以越南老街省沙巴县为例	Kieu Quoc Lap（桥国立）	中国地质大学	博士	2014	19	3509	原版阅读      CNKI AI阅读
2175	仲景辨治失眠理论及其临床应用研究	黄咨庆（Wong Wan Yuan）	南京中医药大学	博士	2014	45	6991	原版阅读      CNKI AI阅读
2176	基于实证视角的中药注射剂不良反应评价研究	刘雅莉	天津大学	博士	2013	6	743	原版阅读      CNKI AI阅读
2177	当归—川芎药对功效物质与配伍作用机理研究	李伟霞	南京中医药大学	博士	2014	88	7810	原版阅读      CNKI AI阅读
2178	治疗猪链球菌性脑膜炎中药方剂筛选及其作用机理的初步研究	郭洋	吉林大学	博士	2014	12	956	原版阅读      CNKI AI阅读
2179	健脾消渴方对糖尿病大鼠胰腺nesfatin-1表达及AMPK/mTORC1/SAD-A信号通路的干预机制研究	黄延芹	山东中医药大学	博士	2014	9	1202	原版阅读      CNKI AI阅读
2180	黄连、栀子、附子、仙茅对甲状腺及胰腺内分泌功能的影响及机制研究	李红专	山东中医药大学	博士	2014	9	1091	原版阅读      CNKI AI阅读
2181	地黄转录组的构建及响应连作障碍关键基因和特异miRNAs的鉴定	杨艳会	河南农业大学	博士	2011	11	805	原版阅读      CNKI AI阅读
2182	基于贝叶斯网络的中药寒热药性、药效及物质成分相关性的研究	王晓燕	山东中医药大学	博士	2014	27	2242	原版阅读      CNKI AI阅读
2183	黄连解毒汤对CLP诱导的脓毒症大鼠的保护作用及其代谢组学研究	魏玉芬	第二军医大学	博士	2014	24	2398	原版阅读      CNKI AI阅读
2184	中西医汇通学派主要医家临证用药规律方剂计量学研究	沙塔娜提·穆罕默德	新疆医科大学	博士	2014	6	1120	原版阅读      CNKI AI阅读
2185	黄煌经方医学思想整理研究暨2004-2007临证病案分析	黄波	南京中医药大学	博士	2008	33	4522	原版阅读      CNKI AI阅读
2186	温疫学派治法研究	孙敏	南京中医药大学	博士	2008	11	1098	原版阅读      CNKI AI阅读
2187	黄连解毒汤对高脂血症引发主动脉病变的预防作用及其机制	王瑞国	南京中医药大学	博士	2008	2	357	原版阅读      CNKI AI阅读
2188	防风通圣散方证及其相关的体质学研究	古求知	南京中医药大学	博士	2008	10	1735	原版阅读      CNKI AI阅读
2189	即抛型5-羟色胺传感器研制及在抑郁研究中的应用	刘敏	武汉大学	博士	2010		300	原版阅读      CNKI AI阅读
2190	几种中药及生物样品的液相色谱分离—电化学检测新方法	刘丽红	武汉大学	博士	2012		422	原版阅读      CNKI AI阅读
2191	加味黄连温胆汤干预脂代谢紊乱预防糖尿病的研究	田奕	成都中医药大学	博士	2014	7	577	原版阅读      CNKI AI阅读
2192	抗畜禽支原体中药复方肺康明颗粒剂的研制及其化学成分研究	陈美安	成都中医药大学	博士	2014	5	1356	原版阅读      CNKI AI阅读
2193	寒热并用治疗脾胃病方剂配伍规律研究	白洁	成都中医药大学	博士	2014	13	1428	原版阅读      CNKI AI阅读
2194	胡黄连苷Ⅱ对过氧化氢诱导的L02细胞损伤的保护作用机制研究	李白雪	成都中医药大学	博士	2014	8	1061	原版阅读      CNKI AI阅读
2195	CypA和CD147配体受体在舌癌细胞增殖与侵袭中的作用及机制研究	黄从发	武汉大学	博士	2012		250	原版阅读      CNKI AI阅读
2196	铝/铁双电极周期换向电凝聚处理印染及制药废水研究	孙兆楠	东北大学	博士	2013	4	757	原版阅读      CNKI AI阅读
2197	复方白头翁颗粒的研制及其药效学研究	葛冰	中国农业大学	博士	2015	17	1420	原版阅读      CNKI AI阅读
2198	葛根芩连汤治疗2型糖尿病的配伍规律及作用机制研究	李冰涛	湖南中医药大学	博士	2015	57	5928	原版阅读      CNKI AI阅读
2199	基于真实世界和临床研究的清热降浊法治疗2型糖尿病人群疗效分析	周强	中国中医科学院	博士	2014	14	1883	原版阅读      CNKI AI阅读
2200	基于葛根芩连汤治疗糖尿病的随症施量用药策略研究	陈欣燕	中国中医科学院	博士	2014	11	894	原版阅读      CNKI AI阅读
	中文题名	作者	学位授予单位	数据库	学位授予年度	被引	下载	操作
2201	基于数据挖掘方法的聂莉芳教授治疗慢性肾功能衰竭经验研究	孙鹏	中国中医科学院	博士	2014	38	1693	原版阅读      CNKI AI阅读
2202	多医师辨证论治失眠有效治疗方药的发现研究	江丽杰	中国中医科学院	博士	2014	34	4872	原版阅读      CNKI AI阅读
2203	基于M1/M2型Mφ极化及炎症调控效应探索黄连解毒汤干预AS的作用与机制	田维毅	湖南中医药大学	博士	2015	18	1066	原版阅读      CNKI AI阅读
2204	基于肠易激综合征模型的戊己丸药代动力学研究	巩仔鹏	中国中医科学院	博士	2014	5	635	原版阅读      CNKI AI阅读
2205	《伤寒论》方的中医妇科临床应用现代文献研究	金丽华	浙江中医药大学	博士	2015	7	2536	原版阅读      CNKI AI阅读
2206	基于属性偏序结构图原理-李赛美运用葛根汤类方辨治经验整理	黄炳添（Wong Ping Tim）	广州中医药大学	博士	2015	17	985	原版阅读      CNKI AI阅读
2207	基于《伤寒论》热利三方医案文献的中药处方用量研究	王倩	北京中医药大学	博士	2015	7	1260	原版阅读      CNKI AI阅读
2208	中药品质整合评价方法研创——以黄连为例	熊吟	北京中医药大学	博士	2015	18	1943	原版阅读      CNKI AI阅读
2209	中药组分对糖尿病肾病大鼠肾功能保护作用的机理研究	许建梅	北京中医药大学	博士	2015	13	1680	原版阅读      CNKI AI阅读
2210	经方量效关系及相关影响因素的理论研究	高卫平	北京中医药大学	博士	2012	17	1981	原版阅读      CNKI AI阅读
2211	基于文献的痉病、疫痉学术源流探讨和证素分布、用药规律研究	王玉贤	中国中医科学院	博士	2015	19	1902	原版阅读      CNKI AI阅读
2212	辛开苦降法及半夏泻心汤治疗结肠癌的临床和基础研究	李凯	中国中医科学院	博士	2015	52	2301	原版阅读      CNKI AI阅读
2213	《金匮要略》“酸焦苦甘法”方药运用研究	关子赫	黑龙江中医药大学	博士	2015	9	2086	原版阅读      CNKI AI阅读
2214	国医大师夏桂成教授“心—肾—子宫轴”理论及临床应用研究	胡荣魁	南京中医药大学	博士	2015	91	3135	原版阅读      CNKI AI阅读
2215	黄连素对2型糖尿病肾病大鼠及QDPR基因启动子的作用及机制研究	孙斯凡	北京协和医学院	博士	2015	13	1397	原版阅读      CNKI AI阅读
2216	巴马汀降脂活性及作用机理研究	宁娜	西南大学	博士	2015	11	566	原版阅读      CNKI AI阅读
2217	椴树蜜、苕子蜜和刺槐蜜红外指纹图谱及抗氧化研究	董蕊	吉林农业大学	博士	2011	27	1358	原版阅读      CNKI AI阅读
2218	超级细菌NDM-1基因检测方法、抑菌评价模型的建立及黄连抑菌探索试验的研究	李蕙如	广州中医药大学	博士	2011	3	1168	原版阅读      CNKI AI阅读
2219	黄连吴茱萸药对在药物吸收模型上的生物表达研究	黄雪君	广州中医药大学	博士	2011	7	1048	原版阅读      CNKI AI阅读
2220	针刺加药物治疗心脾两虚型失眠症的临床研究	许世峯	广州中医药大学	博士	2011	7	998	原版阅读      CNKI AI阅读
2221	小檗碱治疗实验性糖尿病心肌病作用和机制研究	董世芬	北京中医药大学	博士	2011	8	2322	原版阅读      CNKI AI阅读
2222	基于“方剂—体质—主治疾病谱”模式的大柴胡汤方证研究	刘志刚	南京中医药大学	博士	2010	16	2535	原版阅读      CNKI AI阅读
2223	温胆汤方证研究	刘西强	南京中医药大学	博士	2010	49	4814	原版阅读      CNKI AI阅读
2224	黄连温胆汤对代谢综合征大鼠NF-κB、PPARα及糖脂代谢调控的干预作用	隋艳波	黑龙江中医药大学	博士	2011	14	1055	原版阅读      CNKI AI阅读
2225	温热药（方）在温病治疗中运用的研究	张飞龙	南京中医药大学	博士	2011	12	1650	原版阅读      CNKI AI阅读
2226	黄连素诱导人肝癌细胞自噬与凋亡及分子机制研究	侯倩	第四军医大学	博士	2011	21	2887	原版阅读      CNKI AI阅读
2227	盱眙火山岩山地典型植被群落结构及抗旱机理	刘中亮	南京林业大学	博士	2011	2	229	原版阅读      CNKI AI阅读
2228	中草药对铜绿微囊藻的抑制作用及机理研究	张树林	中国海洋大学	博士	2011	25	1343	原版阅读      CNKI AI阅读
2229	李乾构学术思想与临床经验总结及健脾理气汤治疗上腹疼痛综合征的研究	朱培一	北京中医药大学	博士	2011	17	1643	原版阅读      CNKI AI阅读
2230	魏执真学术思想与临床经验总结及对其治疗快速型心律失常证治规律的研究	戴梅	北京中医药大学	博士	2011	10	1335	原版阅读      CNKI AI阅读
2231	历史时期武陵山区药材产地分布变迁研究（618-1840）	胡安徽	西南大学	博士	2011	22	1853	原版阅读      CNKI AI阅读
2232	天然植物黄连提取物的染色性及其功能性	柯贵珍	东华大学	博士	2011	20	1390	原版阅读      CNKI AI阅读
2233	南宁市郊奶牛乳腺炎相关研究及其对繁殖性能的影响	杨丰利	广西大学	博士	2011	8	444	原版阅读      CNKI AI阅读
2234	液相萃取新方法的建立和应用	吴昊	山西师范大学	博士	2012	5	1011	原版阅读      CNKI AI阅读
2235	经方50味常用药物在宋朝用量研究	丁毅	北京中医药大学	博士	2012	42	1808	原版阅读      CNKI AI阅读
2236	知识管理在刘渡舟学术思想传承中应用的研究	赵宇明	北京中医药大学	博士	2012	11	805	原版阅读      CNKI AI阅读
2237	以方元为核心的经方组方规律研究	杨莎莎	北京中医药大学	博士	2012	7	2362	原版阅读      CNKI AI阅读
2238	吴鞠通论湿温及其治湿法的研究	厍宇	北京中医药大学	博士	2012	19	2530	原版阅读      CNKI AI阅读
2239	白兆芝教授学术思想和临床经验总结及中医小肠病治法的临床研究	王健	北京中医药大学	博士	2012	8	1061	原版阅读      CNKI AI阅读
2240	湿疹方微乳凝胶制备及其质量评价的研究	李绍林	广州中医药大学	博士	2012	12	2317	原版阅读      CNKI AI阅读
2241	近30年研究《伤寒论》论文数据库创建与研究述要	严新杰	广州中医药大学	博士	2012	2	2240	原版阅读      CNKI AI阅读
2242	1949年以前岭南中医喉科眼科文献整理研究	郭强	广州中医药大学	博士	2012	13	1757	原版阅读      CNKI AI阅读
2243	基于方剂数据分析方法的脾虚证及用药配伍规律研究	聂建华	南京中医药大学	博士	2012	14	2476	原版阅读      CNKI AI阅读
2244	“半蒌贝蔹及攻乌”同方配伍规律研究	于大猛	南京中医药大学	博士	2012	14	2847	原版阅读      CNKI AI阅读
2245	黄连生物碱降低卷烟烟气中有害成分的作用及机理研究	吴金凤	西南大学	博士	2012	9	932	原版阅读      CNKI AI阅读
2246	不同外源物质提高盐胁迫下黄连种子及幼苗抗逆性机理研究	张春平	西南大学	博士	2012	84	5100	原版阅读      CNKI AI阅读
2247	黄连化学成分的分离及其降糖活性研究	陈红英	西南大学	博士	2012	84	6201	原版阅读      CNKI AI阅读
2248	珍珠菜属植物狭叶落地梅和山高粱保肝、降血糖作用及化学成分研究	魏金凤	河南大学	博士	2012	10	970	原版阅读      CNKI AI阅读
2249	黄连素抑制TNF-α刺激ARPE-19细胞分泌炎症因子的作用及机制研究	王茜	重庆医科大学	博士	2012	7	681	原版阅读      CNKI AI阅读
2250	陈家礼老中医学术思想与临床经验总结	陈筱云	北京中医药大学	博士	2012	9	2874	原版阅读      CNKI AI阅读
	中文题名	作者	学位授予单位	数据库	学位授予年度	被引	下载	操作
2251	基于数据挖掘的仝小林教授应用干姜黄芩黄连人参汤治疗T2DM用药规律研究	金末淑	北京中医药大学	博士	2012	26	2402	原版阅读      CNKI AI阅读
2252	施今墨学派名老中医诊治糖尿病学术思想与经验传承研究	庞博	北京中医药大学	博士	2012	181	19053	原版阅读      CNKI AI阅读
2253	快律宁胶囊抗快速性心律失常实验研究	陶有青	山东中医药大学	博士	2012	11	950	原版阅读      CNKI AI阅读
2254	加味黄连温胆汤调控PI3K通路改善代谢综合征大鼠胰岛素抵抗的研究	邓晓威	黑龙江中医药大学	博士	2012	23	1610	原版阅读      CNKI AI阅读
2255	快律宁胶囊抗快速心律失常的离体药效学实验研究	于晓明	山东中医药大学	博士	2012	6	483	原版阅读      CNKI AI阅读
2256	莳萝子和黄连花提取物抗菌与抗氧化活性研究	班小泉	华中农业大学	博士	2011	15	1487	原版阅读      CNKI AI阅读
2257	基于知识元的中医古籍方剂知识表示研究	丁侃	中国中医科学院	博士	2012	39	2429	原版阅读      CNKI AI阅读
2258	庄曾渊研究员谨守病机论治内外障眼病的思路和经验研究	张励	中国中医科学院	博士	2012	8	683	原版阅读      CNKI AI阅读
2259	高荣林教授调理脾胃治疗失眠研究	章波	中国中医科学院	博士	2012	30	3188	原版阅读      CNKI AI阅读
2260	薛伯寿教授应用升降散方证规律及临床传承研究	刘文军	中国中医科学院	博士	2012	31	5609	原版阅读      CNKI AI阅读
2261	中医“和法”的概念与范畴研究	张立平	中国中医科学院	博士	2012	75	4962	原版阅读      CNKI AI阅读
2262	《伤寒论》泄热三方对AS模型大鼠炎症机制影响的比较研究	蒋跃文	湖北中医药大学	博士	2012	13	771	原版阅读      CNKI AI阅读
2263	复方中药连萸胃滞留渗透泵控释制剂的设计与评价	方瑜	河北医科大学	博士	2012	7	1117	原版阅读      CNKI AI阅读
2264	张小萍教授脾胃学术思想研究	高生	南京中医药大学	博士	2012	2	1762	原版阅读      CNKI AI阅读
2265	张小萍教授脾胃气化学说的学术思想及临床应用的传承研究	王茂泓	南京中医药大学	博士	2012	20	2011	原版阅读      CNKI AI阅读
2266	基于数据挖掘的张炳秀教授诊治胃脘痛临床经验研究	唐伟	南京中医药大学	博士	2012	7	1605	原版阅读      CNKI AI阅读
2267	乌梅丸及其拆方对溃疡性结肠炎大鼠细胞因子、炎性介质及TLR4/NF-κB信号通路影响的实验研究	闫曙光	成都中医药大学	博士	2012	20	3434	原版阅读      CNKI AI阅读
2268	薛伯寿教授学术思想及小柴胡汤相关传承研究	胡东鹏	中国中医科学院	博士	2012	7	3647	原版阅读      CNKI AI阅读
2269	自毒物质与病原真菌协同对连作地黄的致害作用研究	李振方	福建农林大学	博士	2011	28	1076	原版阅读      CNKI AI阅读
2270	葛根芩连汤、麻杏石甘汤量效的循证医学评价	赵思佳	北京中医药大学	博士	2013	6	1603	原版阅读      CNKI AI阅读
2271	基于汤液经法图“五味十法”的《伤寒论》方药运用规律研究	高亮	北京中医药大学	博士	2013	15	4495	原版阅读      CNKI AI阅读
2272	《伤寒论》脾胃学术思想对隋唐宋金元时期脾胃学说形成的影响	刘琼	湖北中医药大学	博士	2013	15	2818	原版阅读      CNKI AI阅读
2273	黄连多糖的提取、分离及抗大鼠2型糖尿病作用的实验研究	姜爽	吉林大学	博士	2013	32	3294	原版阅读      CNKI AI阅读
2274	黄连素对糖尿病心肌病的保护作用及机制研究	常文光	吉林大学	博士	2013	26	4856	原版阅读      CNKI AI阅读
2275	阿尔茨海默病中I2PP2A/SET核运输障碍的机制研究	余光	华中科技大学	博士	2012	1	561	原版阅读      CNKI AI阅读
2276	药物分子对葫芦脲空腔的竞争作用研究及分析应用	王广泉	山西师范大学	博士	2013	5	550	原版阅读      CNKI AI阅读
2277	新型苯乙烯系吸附树脂的研究	肖谷清	湖南师范大学	博士	2009	8	1022	原版阅读      CNKI AI阅读
2278	黄连解毒汤提取过程及大孔树脂精制机理的初步研究	潘林梅	南京中医药大学	博士	2007		677	原版阅读      CNKI AI阅读
2279	催化湿式氧化—好氧颗粒污泥处理高浓度制药废水研究	王国文	大连理工大学	博士	2012	17	1721	原版阅读      CNKI AI阅读
2280	2型糖尿病火热病机与代谢指标相关性和清热益气中药作用机制研究	周迪夷	北京中医药大学	博士	2013	32	1643	原版阅读      CNKI AI阅读
2281	湿疹的治法与方剂配伍规律研究	曾少峰	南京中医药大学	博士	2007	11	1751	原版阅读      CNKI AI阅读
2282	黄连副产物综合开发利用关键技术研究	屠大伟	西南大学	博士	2007	10	718	原版阅读      CNKI AI阅读
2283	蒙药复方特润舒都乐石油醚提取物及其主要单体抗炎信号通路的研究	纳仁高娃	内蒙古农业大学	博士	2013	2	449	原版阅读      CNKI AI阅读
2284	香莲方对咪康唑抗念珠菌增效作用的临床和实验研究	吴盘红	广州中医药大学	博士	2013	8	608	原版阅读      CNKI AI阅读
2285	许鑫梅教授治疗胃痛的经验总结	林迪卫	广州中医药大学	博士	2013	13	2050	原版阅读      CNKI AI阅读
2286	台湾医家朱木通学术思想和方证辨证临床经验整理研究	林素琴	广州中医药大学	博士	2013	4	1072	原版阅读      CNKI AI阅读
2287	闽台名医临证处方用药配伍特色研究——陈修园临证处方用药配伍特色研究	王巍	黑龙江中医药大学	博士	2013	5	922	原版阅读      CNKI AI阅读
2288	基于数据挖掘的《伤寒杂病论》和导师医案脾胃病证治规律研究	沈淑华	浙江中医药大学	博士	2013	3	1190	原版阅读      CNKI AI阅读
2289	从G蛋白偶联受体119表达探讨清热降浊方调控GLP-1分泌的分子机制	刘文科	中国中医科学院	博士	2013	10	782	原版阅读      CNKI AI阅读
2290	玄参和黄连的化学成分分离及其生物活性研究	田金凤	西南大学	博士	2013	73	2846	原版阅读      CNKI AI阅读
2291	抗自由基中药对小鼠脑片及PC12细胞脑缺血损伤模型的保护作用及作用机制研究	钱晓东	浙江中医药大学	博士	2013	7	2354	原版阅读      CNKI AI阅读
2292	基于5-羟色胺信号系统的戊己丸不同配伍方改善结肠运动的机制研究	王迎寒	中国中医科学院	博士	2013	14	1288	原版阅读      CNKI AI阅读
2293	PPARs筛选模型的构建及抗糖尿病天然药物活性成分的筛选	林叶新	重庆大学	博士	2013	12	2009	原版阅读      CNKI AI阅读
2294	阿月浑子杂交亲和性及杂种胚挽救研究	李旭新	河北农业大学	博士	2013	2	368	原版阅读      CNKI AI阅读
2295	快律宁对急性缺血性心律失常模型及心室肌细胞钾通道的影响	李东娜	山东中医药大学	博士	2013	2	588	原版阅读      CNKI AI阅读
2296	大黄、黄连及其提取物对实热证模型大鼠肝基因表达谱的影响	张发艳	山东中医药大学	博士	2012	14	1075	原版阅读      CNKI AI阅读
2297	济泰片药效物质基础及药代动力学研究	王淑萍	第二军医大学	博士	2013	13	1929	原版阅读      CNKI AI阅读
2298	基于古今医案数据分析的消渴病证治规律研究	郭君哲	南京中医药大学	博士	2013	20	1761	原版阅读      CNKI AI阅读
2299	复发性口腔溃疡的证候特点与遣药组方规律研究	王虹	成都中医药大学	博士	2013	11	1642	原版阅读      CNKI AI阅读
2300	基于半夏泻心汤及其拆方治疗胃溃疡的实验研究探讨寒热并用配伍规律	王江	成都中医药大学	博士	2013	19	1933	原版阅读      CNKI AI阅读
	中文题名	作者	学位授予单位	数据库	学位授予年度	被引	下载	操作
2301	益气清化法联合干扰素治疗慢性丙型肝炎正虚邪恋证的临床研究	黎氏白贤(LE THI BACH HIEN)	南京中医药大学	博士	2013	10	501	原版阅读      CNKI AI阅读
2302	北宋校正医书局研究	孟永亮	北京中医药大学	博士	2014	40	3503	原版阅读      CNKI AI阅读
2303	基于治疗NAFLD的三味中药及有效成分的活性研究	匡双玉	湖南中医药大学	博士	2014	9	858	原版阅读      CNKI AI阅读
2304	丙酸杆菌的耐药研究及盐酸小檗碱对耐药株的抑制机制研究	曾宪玉	湖南中医药大学	博士	2014	5	412	原版阅读      CNKI AI阅读
2305	降糖消渴颗粒对DM大鼠的作用及AMPK信号通路的影响研究	赵丹丹	北京中医药大学	博士	2014	34	3316	原版阅读      CNKI AI阅读
2306	《伤寒论》治疗脾胃病的理法方药特色	吴中山	北京中医药大学	博士	2013	8	1996	原版阅读      CNKI AI阅读
2307	溃疡性结肠炎的中医证候学研究	王鹏	北京中医药大学	博士	2014	64	4004	原版阅读      CNKI AI阅读
2308	从肝论治失眠的文献与实验研究	刘晓萌	北京中医药大学	博士	2014	72	8067	原版阅读      CNKI AI阅读
2309	黄癸固体分散体的制备及对2型糖尿病治疗作用与机制研究	孟昭杰	吉林大学	博士	2014	9	1046	原版阅读      CNKI AI阅读
2310	黄连素预处理对H9C2心肌细胞缺氧/复氧损伤保护作用的机制研究	曹雪明	南方医科大学	博士	2014	19	5612	原版阅读      CNKI AI阅读
2311	《伤寒杂病论》病证通用药的研究	李晶晶	湖北中医药大学	博士	2014	12	2184	原版阅读      CNKI AI阅读
2312	预后营养指数对恶性胸膜间皮瘤预后的影响及黄连素诱导其凋亡、自噬的机制研究	姚周虹	山东大学	博士	2014	6	491	原版阅读      CNKI AI阅读
2313	胡黄连苷抑制乙型肝炎病毒共价闭合环状DNA作用的体外研究	杨德刚	第二军医大学	博士	2008	7	494	原版阅读      CNKI AI阅读
2314	戊己丸不同配伍的肠吸收特征及与P-gp相互作用研究	董宇	中国中医科学院	博士	2008	19	1121	原版阅读      CNKI AI阅读
2315	慢性萎缩性胃炎中医证治规律探讨及临床疗效评价研究	王萍	中国中医科学院	博士	2008	15	3409	原版阅读      CNKI AI阅读
2316	肝脾不调证候结构、分层的临床研究	张润顺	中国中医科学院	博士	2008	9	1791	原版阅读      CNKI AI阅读
2317	不同模式“液质”联用技术用于陆源及海洋天然药物分析	陈军辉	中国海洋大学	博士	2008	10	2548	原版阅读      CNKI AI阅读
2318	活血解毒中药干预动脉粥样硬化易损斑块的作用及机理研究	周明学	中国中医科学院	博士	2008	12	1384	原版阅读      CNKI AI阅读
2319	太行山低山丘陵区退化生态系统植被恢复过程生态特征分析与评价	赵勇	河南农业大学	博士	2007	30	1774	原版阅读      CNKI AI阅读
2320	黄连总生物碱的提取及其对实验性糖尿病肾病大鼠的保护作用及机制的初步研究	徐颖	第三军医大学	博士	2006	20	2534	原版阅读      CNKI AI阅读
2321	医疗废物热解特性实验研究	马洪亭	天津大学	博士	2007	6	682	原版阅读      CNKI AI阅读
2322	木本能源植物黄连木单株选择、类型划分与群落调查研究	吴志庄	中国林业科学研究院	博士	2008	29	951	原版阅读      CNKI AI阅读
2323	胃脘痛有效方药的筛选与评价	王为群	南京中医药大学	博士	2008	13	1291	原版阅读      CNKI AI阅读
2324	中药二黄散对宫颈炎症及宫颈上皮内瘤变治疗作用的初步探讨	姚冬梅	华中科技大学	博士	2007	18	711	原版阅读      CNKI AI阅读
2325	毛茛科植物胚珠形态、结构、发育及其系统学意义	王自芬	陕西师范大学	博士	2008	8	1195	原版阅读      CNKI AI阅读
2326	三黄方抗内毒素活性的药代动力学和药效学研究	邓翀	成都中医药大学	博士	2008	7	1356	原版阅读      CNKI AI阅读
2327	基于热力学表达的黄连炮制与配伍变化的生物活性差异及化学表征研究	樊冬丽	中国协和医科大学	博士	2006	10	897	原版阅读      CNKI AI阅读
2328	基于化感作用的环境友好型抑藻剂的研究	周立红	厦门大学	博士	2008	28	1340	原版阅读      CNKI AI阅读
2329	山莓叶形态解剖与抗菌成分及毒副作用研究	周双德	湖南农业大学	博士	2009	5	406	原版阅读      CNKI AI阅读
2330	模式识别技术在几种天然产物红外光谱分析中的应用研究	张勇	吉林大学	博士	2009	4	1013	原版阅读      CNKI AI阅读
2331	马兜铃酸类物质的液相色谱联用技术及应用	袁金斌	湖南大学	博士	2008	17	1237	原版阅读      CNKI AI阅读
2332	西藏胡黄连的化学成分研究	邹连春	吉林大学	博士	2009	5	891	原版阅读      CNKI AI阅读
2333	延胡索中生物碱类化合物的分离纯化及指纹图谱研究	张少君	大连理工大学	博士	2009	12	1892	原版阅读      CNKI AI阅读
2334	解毒饮防治雷公藤所致药物性肝损害作用机制的实验研究	李大可	山东中医药大学	博士	2008	14	799	原版阅读      CNKI AI阅读
2335	清热解毒益气活血法治疗2型糖尿病并脑梗塞的理论与临床研究	孙志升	山东中医药大学	博士	2008	4	653	原版阅读      CNKI AI阅读
2336	赵炳南中医皮肤科学术渊源及学术特点研究	耿学英	北京中医药大学	博士	2009	51	2823	原版阅读      CNKI AI阅读
2337	呕吐病证的古今文献研究与学术源流探讨	陈蕾蕾	北京中医药大学	博士	2009	33	2869	原版阅读      CNKI AI阅读
2338	腹痛病证的古今文献研究与学术源流探讨	李永红	北京中医药大学	博士	2009	33	3505	原版阅读      CNKI AI阅读
2339	呃逆病证的古今文献研究与学术源流探讨	梁克玮	北京中医药大学	博士	2009	23	3062	原版阅读      CNKI AI阅读
2340	王长洪教授治疗溃疡性结肠炎的学术经验研究	陆宇平	中国人民解放军军医进修学院	博士	2009	2	809	原版阅读      CNKI AI阅读
2341	HERG K+通道参与急性白血病细胞迁移及黄连素的抑制作用	郭林林	华中科技大学	博士	2009	4	282	原版阅读      CNKI AI阅读
2342	小檗碱促进胰岛素分泌改善胰岛素抵抗的分子机制	王增四	华中科技大学	博士	2009	5	1090	原版阅读      CNKI AI阅读
2343	大黄黄连泻心汤、理中丸（汤）抗醋酸涂抹型胃溃疡药效学及作用机理的研究	张洋	黑龙江中医药大学	博士	2009	4	504	原版阅读      CNKI AI阅读
2344	大黄黄连泻心汤、理中丸（汤）对束缚水浸应激胃溃疡模型大鼠的药效学及作用机理研究	左军	黑龙江中医药大学	博士	2009	5	832	原版阅读      CNKI AI阅读
2345	水浸应激型胃溃疡寒热证模型的建立与相关性方剂对其影响的研究	毕珺辉	黑龙江中医药大学	博士	2009	1	628	原版阅读      CNKI AI阅读
2346	加减黄连温胆汤对膳食诱导MS大鼠内皮功能及脂肪细胞因子干预的研究	刘丰	黑龙江中医药大学	博士	2009	7	409	原版阅读      CNKI AI阅读
2347	角膜炎中医文献及证治规律研究	朱晓林	山东中医药大学	博士	2008	4	732	原版阅读      CNKI AI阅读
2348	益气活血解毒法抗溃疡性结肠炎复发的临床疗效评价及理论机制研究	刘果	北京中医药大学	博士	2009	5	989	原版阅读      CNKI AI阅读
2349	中医治疗文献质量评价方法及示范应用研究	李敬华	中国中医科学院	博士	2009	52	2372	原版阅读      CNKI AI阅读
2350	黄连温胆汤加味治疗老年轻度认知障碍的临床研究和临床疗效评价	郭仁真	中国中医科学院	博士	2009	13	1122	原版阅读      CNKI AI阅读
	中文题名	作者	学位授予单位	数据库	学位授予年度	被引	下载	操作
2351	《东医宝鉴》方剂引文与主要中医原著比较研究	姜赫俊	中国中医科学院	博士	2009	17	956	原版阅读      CNKI AI阅读
2352	醋酸涂抹型胃溃疡寒热证模型的建立及相关性方剂影响的研究	赵伟国	黑龙江中医药大学	博士	2009	3	465	原版阅读      CNKI AI阅读
2353	幽门结扎型胃溃疡寒热证模型的建立与相关性方剂对其影响的研究	柴剑波	黑龙江中医药大学	博士	2009	3	631	原版阅读      CNKI AI阅读
2354	不同外源扰动因素对肠道菌群组成结构影响的研究	魏华	上海交通大学	博士	2008	42	3036	原版阅读      CNKI AI阅读
2355	银纳米粒子的局域表面等离子体共振散射在生化药物分析中的应用研究	凌剑	西南大学	博士	2009	23	2173	原版阅读      CNKI AI阅读
2356	左金丸抗幽门螺杆菌药效物质筛选及其现代制剂研究	廖庆文	湖南中医药大学	博士	2007	7	758	原版阅读      CNKI AI阅读
2357	代谢综合征大鼠心血管重构的基础及药物干预研究	李晓星	山东大学	博士	2009	3	706	原版阅读      CNKI AI阅读
2358	柴苓汤方证研究	何永明	南京中医药大学	博士	2009	15	1705	原版阅读      CNKI AI阅读
2359	白头翁汤方证研究	陈薇莉	南京中医药大学	博士	2009	16	1793	原版阅读      CNKI AI阅读
2360	温病燥湿法的研究	柏芸芸	南京中医药大学	博士	2009	5	702	原版阅读      CNKI AI阅读
2361	数据挖掘模型的创建及其在中医药文献中的应用研究	麦乔智	南京中医药大学	博士	2009	17	1770	原版阅读      CNKI AI阅读
2362	基于模拟体系定量构效（QSAR）与传质模型和动力学分析的黄连解毒汤超滤机理研究	董洁	南京中医药大学	博士	2009	21	675	原版阅读      CNKI AI阅读
2363	清热解毒、消痈生肌法对乙酸致胃溃疡大鼠溃疡愈合影响的实验研究	肖景东	辽宁中医药大学	博士	2008	12	763	原版阅读      CNKI AI阅读
2364	基于色谱质谱联用技术的大肠癌代谢组学研究	邱云平	上海交通大学	博士	2008	23	3446	原版阅读      CNKI AI阅读
2365	以李东垣阴火学说论治快速性心律失常的理论探讨及临床研究	仇玉平	山东中医药大学	博士	2009	9	1056	原版阅读      CNKI AI阅读
2366	黄连素对2型糖尿病血管内皮功能障碍的保护作用及机制研究	王春梅	吉林大学	博士	2010	21	1912	原版阅读      CNKI AI阅读
2367	黄连木种群雌雄异株的结构特征研究	赵亚洲	北京林业大学	博士	2010	11	662	原版阅读      CNKI AI阅读
2368	滋养肝肾法加针灸治疗围绝经期妇女失眠症的临床对照研究	赵云安	广州中医药大学	博士	2010	14	1898	原版阅读      CNKI AI阅读
2369	岭南伤寒名家何志雄教授主要学术思想整理研究	张毅之	广州中医药大学	博士	2010	3	950	原版阅读      CNKI AI阅读
2370	糖尿病心脏病中医药文献研究与方药证治规律探微	陈方敏	广州中医药大学	博士	2010	10	1976	原版阅读      CNKI AI阅读
2371	穴位敷贴治疗脾胃湿热证慢性胃炎临床优化方案研究	佘世锋	广州中医药大学	博士	2010	19	1017	原版阅读      CNKI AI阅读
2372	温病学理论指导治疗台湾地区湿热泄泻的研究	庄鹤麟	北京中医药大学	博士	2010	6	762	原版阅读      CNKI AI阅读
2373	基于《伤寒论》中寒热错杂证的辨治方法探讨艾滋病的辨治思路	程五中	北京中医药大学	博士	2010	5	1066	原版阅读      CNKI AI阅读
2374	《伤寒论》汤剂煎煮法与汤剂制备规范化研究	王竹兰	北京中医药大学	博士	2010	70	5668	原版阅读      CNKI AI阅读
2375	戊己丸提取物不同配伍组方对大鼠CYP450酶的影响研究	翁小刚	中国中医科学院	博士	2010	13	1343	原版阅读      CNKI AI阅读
2376	基于不确定性推理方法的《伤寒论》方证知识挖掘	汤尔群	北京中医药大学	博士	2010	7	1501	原版阅读      CNKI AI阅读
2377	慢性肾衰竭中医证治规律研究	李赛	中国中医科学院	博士	2010	13	2367	原版阅读      CNKI AI阅读
2378	抗增殖蛋白参与定心方减轻心肌缺血再灌注损伤的初步机制	李杰	南方医科大学	博士	2010		369	原版阅读      CNKI AI阅读
2379	加味泻黄散治疗复发性口腔溃疡的临床研究	刘国富	南京中医药大学	博士	2010	14	1090	原版阅读      CNKI AI阅读
2380	王灿晖教授应用苦寒清热法治疗内伤杂病的研究	张振宇	南京中医药大学	博士	2010	7	520	原版阅读      CNKI AI阅读
2381	李东垣组方配伍规律研究	卫向龙	南京中医药大学	博士	2010	16	2558	原版阅读      CNKI AI阅读
2382	经方治疗神志病证治规律研究	黄芳	湖北中医药大学	博士	2010	9	3370	原版阅读      CNKI AI阅读
2383	徐州石灰岩山地退化植被特征及恢复重建研究	陈平	南京林业大学	博士	2010	10	687	原版阅读      CNKI AI阅读
2384	跨膜TACE活性原位测定及膜脂微环境对TACE活性的调节	冯文芳	华中科技大学	博士	2009		269	原版阅读      CNKI AI阅读
2385	影响厚朴在复方中功效发挥方向的多因素研究	王洪	成都中医药大学	博士	2009	9	762	原版阅读      CNKI AI阅读
2386	影响大黄在复方中功效发挥方向的多因素研究	曹宁	成都中医药大学	博士	2009	8	930	原版阅读      CNKI AI阅读
2387	影响方剂中地黄功效发挥方向的诸因素研究	李卫民	成都中医药大学	博士	2009	21	1753	原版阅读      CNKI AI阅读
2388	影响方剂中附子功效发挥方向的诸因素研究	叶俏波	成都中医药大学	博士	2009	12	1356	原版阅读      CNKI AI阅读
2389	失眠的证治规律研究	蒋俊	湖南中医药大学	博士	2009	4	1662	原版阅读      CNKI AI阅读
2390	8-烷基小檗碱同系物的合成与药理活性	杨勇	西南大学	博士	2008	32	603	原版阅读      CNKI AI阅读
2391	白头翁汤及其主要成分抗大肠杆菌内毒素的作用机理研究	胡屹屹	南京农业大学	博士	2009	23	1419	原版阅读      CNKI AI阅读
2392	林木生物质能源开发利用及其产业支撑体系构建研究	孙凤莲	华中农业大学	博士	2010	29	2221	原版阅读      CNKI AI阅读
2393	复方胡黄连胶囊治疗肝损伤的药效学研究	王晓源	黑龙江中医药大学	博士	2010	5	564	原版阅读      CNKI AI阅读
2394	大黄黄连泻心汤、理中丸（汤）对水浸应激型胃溃疡寒热证模型大鼠影响的研究	蒋蕾	黑龙江中医药大学	博士	2010	7	639	原版阅读      CNKI AI阅读
2395	大黄黄连泻心汤、理中丸对消炎痛型胃溃疡寒热证模型大鼠的影响及其方证相应性研究	于海	黑龙江中医药大学	博士	2010	3	445	原版阅读      CNKI AI阅读
2396	大黄黄连泻心汤、理中丸对消炎痛型胃溃疡寒热证模型影响的相关性研究	徐峰	黑龙江中医药大学	博士	2010	2	416	原版阅读      CNKI AI阅读
2397	方剂组方法则研究	王烨燃	黑龙江中医药大学	博士	2010	18	1636	原版阅读      CNKI AI阅读
2398	热性、寒性中药对大鼠肝全基因表达谱影响的研究	于华芸	山东中医药大学	博士	2010	23	1021	原版阅读      CNKI AI阅读
2399	高血压病心肝火旺、热毒内生病机的临床依据和实验研究	王诗源	山东中医药大学	博士	2010	3	590	原版阅读      CNKI AI阅读
2400	生物柴油制备的反应过程强化方法的研究	文振中	华东理工大学	博士	2010	6	1007	原版阅读      CNKI AI阅读
	中文题名	作者	学位授予单位	数据库	学位授予年度	被引	下载	操作
2401	TCMAI对奶牛乳腺炎耐药菌的抗菌活性及抗菌作用机制研究	代敏	成都中医药大学	博士	2010	2	563	原版阅读      CNKI AI阅读
2402	黄连素减轻缺氧无血清诱导的骨髓间充质干细胞凋亡以及减轻四氯化碳诱导的急性肝损伤	张伟	南京医科大学	博士	2010	3	398	原版阅读      CNKI AI阅读
2403	半夏泻心汤配伍原理研究	童荣生	成都中医药大学	博士	2010	6	1318	原版阅读      CNKI AI阅读
2404	癸酸钠增强黄连素对2型糖尿病治疗作用及机制研究	吕晓艳	吉林大学	博士	2011	8	1102	原版阅读      CNKI AI阅读
2405	8-烷基黄连碱同系物的合成与药理活性	蒋小飞	西南大学	博士	2011	3	337	原版阅读      CNKI AI阅读
2406	9-O-小檗碱糖苷同系物的合成与降糖药理活性	陈竹	西南大学	博士	2011	10	597	原版阅读      CNKI AI阅读
2407	经方50味药物在明代13位医家中的用量规律研究	宋佳	北京中医药大学	博士	2011	47	3882	原版阅读      CNKI AI阅读
2408	金元四大家对经方50味常用药物的临床用量研究	宋延强	北京中医药大学	博士	2011	48	2556	原版阅读      CNKI AI阅读
2409	《神农本草经》对研发抗肿瘤中药的贡献	林铭堉	广州中医药大学	博士	2011	60	7544	原版阅读      CNKI AI阅读
2410	《伤寒论》的“方—证要素”对应体系及其神经网络数学模型的构建	陈擎文	北京中医药大学	博士	2011	12	1220	原版阅读      CNKI AI阅读
2411	《名医类案》《续名医类案》不寐医案的研究	邱婉婷	广州中医药大学	博士	2011	4	1190	原版阅读      CNKI AI阅读
2412	中国木本油料能源树种资源开发潜力与产业发展研究	刘轩	北京林业大学	博士	2011	37	2808	原版阅读      CNKI AI阅读
2413	交泰丸的药代动力学及其治疗2型糖尿病的代谢组学研究	黄召谊	华中科技大学	博士	2011	19	2006	原版阅读      CNKI AI阅读
2414	岩黄连中小檗碱型生物碱生物合成途径相关基因的研究及藜芦中甾体生物碱的微生物转化	陈柯羽	第二军医大学	博士	2011	11	1543	原版阅读      CNKI AI阅读
2415	附子应用环节活性物质变化与热性程度虚拟评价	叶强	成都中医药大学	博士	2011	6	745	原版阅读      CNKI AI阅读
2416	影响黄连在复方中功效发挥方向的多因素研究	陈西平	成都中医药大学	博士	2011	8	855	原版阅读      CNKI AI阅读
2417	日本汉方伤寒派腹诊方法与理论研究	岩崎	北京中医药大学	博士	2011	26	2886	原版阅读      CNKI AI阅读
2418	失眠症伤寒六经辨治规律探讨及临床研究	李巨奇	广州中医药大学	博士	2011	23	3736	原版阅读      CNKI AI阅读
2419	葛根芩连汤有效部位制剂的标准化研究	谭晓梅	第一军医大学	博士	2006	5	1405	原版阅读      CNKI AI阅读
2420	基于本草知识的酒蒸黄连“止消渴”系统研究	李佳川	成都中医药大学	博士	2011	21	1105	原版阅读      CNKI AI阅读
2421	基于肠—肝灌流模型的戊己丸配伍机制的研究	王怡薇	中国中医科学院	博士	2011	4	639	原版阅读      CNKI AI阅读
2422	从《临证指南医案》看叶天士对仲景学说的继承和发展	孙晓光	北京中医药大学	博士	2011	37	4715	原版阅读      CNKI AI阅读
2423	消化性溃疡的中医证治规律研究及临床疗效的系统评价	石绍顺	辽宁中医药大学	博士	2011	20	1858	原版阅读      CNKI AI阅读
2424	“瘀血生风”假说检验——基于现代中风病病案的统计学处理探讨瘀血与内风的相关性	向楠	山东中医药大学	博士	2011	28	921	原版阅读      CNKI AI阅读
2425	清热解毒、凉血化瘀治疗温病湿热证的实验研究	张艺平	广州中医药大学	博士	2000	2	894	原版阅读      CNKI AI阅读
2426	用于电化学与光化学传感器研制的单卟啉与双卟啉类分子识别载体的制备与分析特性研究	张晓兵	湖南大学	博士	2001	2	712	原版阅读      CNKI AI阅读
2427	黄连清降合剂治疗高血压病的临床与实验研究	李运伦	山东中医药大学	博士	2001	10	580	原版阅读      CNKI AI阅读
2428	《伤寒论》方族的文献及组方规律研究	郑全雄	北京中医药大学	博士	2002	20	3268	原版阅读      CNKI AI阅读
2429	胃脘痛中医文献与证治研究	何永	山东中医药大学	博士	2002	39	4214	原版阅读      CNKI AI阅读
2430	肠安康微丸制备工艺及其结肠定位释药评价	闫惠俊	北京中医药大学	博士	2003	10	1417	原版阅读      CNKI AI阅读
2431	半夏泻心汤调节胃电节律的拆方研究	陈萌	北京中医药大学	博士	2003	20	1281	原版阅读      CNKI AI阅读
2432	论中药的双向调节	朴商均	山东中医药大学	博士	2003	8	2430	原版阅读      CNKI AI阅读
2433	中药复方血糖宁有效部位的研究	魏英勤	山东中医药大学	博士	2003	3	1950	原版阅读      CNKI AI阅读
2434	黄连清降合剂治疗高血压病的临床与实验研究	袁成民	山东中医药大学	博士	2003	4	1061	原版阅读      CNKI AI阅读
2435	清透火热法抗化疗呕吐的机制研究	张再康	北京中医药大学	博士	2003	10	810	原版阅读      CNKI AI阅读
2436	黄连解毒汤提取物对脑缺血动物的促智作用及机制探讨	徐静华	沈阳药科大学	博士	2000	5	758	原版阅读      CNKI AI阅读
2437	阿月浑子在我国适生区域的研究	刘忠华	北京林业大学	博士	2003	14	660	原版阅读      CNKI AI阅读
2438	中药七情配伍的研究	郭平	成都中医药大学	博士	2004	11	1543	原版阅读      CNKI AI阅读
2439	SBBR技术特性和动力学机制及其在废水处理中的应用	胡龙兴	上海大学	博士	2004	20	1153	原版阅读      CNKI AI阅读
2440	失眠证方药证治规律研究	宋咏梅	山东中医药大学	博士	2004	46	5961	原版阅读      CNKI AI阅读
2441	三种中药药对的物质基础研究	潘浪胜	浙江大学	博士	2004	2	1048	原版阅读      CNKI AI阅读
2442	基于新型分子导线载体的信号放大化学传感理论和应用研究	黄红梅	湖南大学	博士	2004	4	400	原版阅读      CNKI AI阅读
2443	高血糖—糖化氧化—系膜细胞肥大和基质积聚与糖尿病肾病及其高血糖记忆的细胞病理学关系的研究	孙敏	南京中医药大学	博士	2004	5	712	原版阅读      CNKI AI阅读
2444	复方白毛藤注射剂有效成份及其药理作用研究	孙志良	湖南农业大学	博士	2003	3	523	原版阅读      CNKI AI阅读
2445	珍珠、雄黄和黄连纳米粉体的制备与特性研究	丁志平	北京中医药大学	博士	2004	16	1209	原版阅读      CNKI AI阅读
2446	基于近红外光谱的中药过程分析方法研究	杨南林	浙江大学	博士	2003	22	2374	原版阅读      CNKI AI阅读
2447	半夏泻心汤及其类方对胃运动影响的作用机理及物质基础研究	刘晓霓	北京中医药大学	博士	2004	15	1854	原版阅读      CNKI AI阅读
2448	复方黄连乳膏治疗银屑病血热证的临床和实验研究——中医外科211工程立项子课题之一	黄青	北京中医药大学	博士	2004	8	1313	原版阅读      CNKI AI阅读
2449	清热解毒理气活血方药防治LPS性多器官功能衰竭的机制研究	王华东	北京中医药大学	博士	2004	4	466	原版阅读      CNKI AI阅读
2450	黄连解毒汤有效部位对实验性脑缺血的保护作用及机理研究	吴彦	北京中医药大学	博士	2004	6	856	原版阅读      CNKI AI阅读
	中文题名	作者	学位授予单位	数据库	学位授予年度	被引	下载	操作
2451	半夏、甘草、生姜三泻心汤药味配伍的实验研究	高艳青	北京中医药大学	博士	2004	3	1330	原版阅读      CNKI AI阅读
2452	半夏泻心汤配伍规律数据挖掘方法初探	尚景盛	北京中医药大学	博士	2005	19	2464	原版阅读      CNKI AI阅读
2453	清心安虑胶囊抗焦虑作用药效学研究和机理探讨	张建军	北京中医药大学	博士	2005	28	1966	原版阅读      CNKI AI阅读
2454	芪蓝糖脂宁胶囊治疗实验性糖尿病合并高脂血症的药效学研究及机理探讨	张德芹	北京中医药大学	博士	2005	5	2044	原版阅读      CNKI AI阅读
2455	基于“OD-IM-RD”模式的半夏泻心汤及其类方配伍规律的研究	宋小莉	北京中医药大学	博士	2005	16	1264	原版阅读      CNKI AI阅读
2456	消渴病及其并病方药证治规律研究	郑红	山东中医药大学	博士	2005	20	1665	原版阅读      CNKI AI阅读
2457	糖尿病与消渴病关系诠释及糖尿病辨治理念的探索	胡春宇	中国中医研究院	博士	2005	32	2054	原版阅读      CNKI AI阅读
2458	黄连解毒胶囊治疗不稳定型心绞痛的临床及作用机理研究	卢笑晖	山东中医药大学	博士	2005	18	959	原版阅读      CNKI AI阅读
2459	历代方论有关方剂配伍理论的研究	常惟智	黑龙江中医药大学	博士	2005	9	1387	原版阅读      CNKI AI阅读
2460	消渴病中医文献与证治方药规律研究	吴童	黑龙江中医药大学	博士	2005	24	2544	原版阅读      CNKI AI阅读
2461	黄前流域不同配置经济林防护林水源涵养功能与价值评估	张永涛	山东农业大学	博士	2005	21	991	原版阅读      CNKI AI阅读
2462	中国有贸易数据的野生植物人工培植现状及管理对策	王小岩	东北林业大学	博士	2005	5	658	原版阅读      CNKI AI阅读
2463	表征抗菌药物杀菌动力学的新方法以及细菌抗药性与耐药性区分的研究	刘玉庆	山东大学	博士	2005	11	1399	原版阅读      CNKI AI阅读
2464	功能基松聚合物的合成及应用研究	雷福厚	南京林业大学	博士	2005	19	1064	原版阅读      CNKI AI阅读
2465	某些天然药物中活性成分的化学发光、电化学及毛细管电泳行为研究	许雪琴	福州大学	博士	2006		1102	原版阅读      CNKI AI阅读
2466	岩黄连活性成分系统研究及藜芦毒性成分研究	李慧梁	第二军医大学	博士	2006	31	1586	原版阅读      CNKI AI阅读
2467	明代方剂学成就与特点研究（公元1368年～1644年）	赵艳	中国中医科学院	博士	2006	19	1851	原版阅读      CNKI AI阅读
2468	降糖通脉方对糖尿病大鼠血管病变影响的实验研究	郑承红	湖北中医学院	博士	2006	3	371	原版阅读      CNKI AI阅读
2469	邪毒内侵致动脉粥样硬化的机制及清热解毒法的干预研究	王嵩	广州中医药大学	博士	2006	8	1037	原版阅读      CNKI AI阅读
2470	台湾《伤寒论》近五十年研究述要	施建邦	广州中医药大学	博士	2006	6	7468	原版阅读      CNKI AI阅读
2471	黄连解毒汤抗肿瘤活性成分及作用机制研究	孙健	吉林大学	博士	2006	7	1907	原版阅读      CNKI AI阅读
2472	滇中岩溶山地半湿润常绿阔叶林植物繁殖体与森林更新	沈有信	中国科学院研究生院（西双版纳热带植物园）	博士	2006	18	750	原版阅读      CNKI AI阅读
2473	中药双黄补治疗牙周炎的基础与应用研究	许彦枝	河北医科大学	博士	2004	4	758	原版阅读      CNKI AI阅读
2474	珍珠菜属两种药用植物化学成分的研究	田景奎	中国协和医科大学	博士	2002	21	934	原版阅读      CNKI AI阅读
2475	糖代谢细胞实验方法学及千金黄连丸加味方抗糖尿病作用及其机理研究	邹晨辉	中国协和医科大学	博士	2005	1	1314	原版阅读      CNKI AI阅读
2476	黄连人参对药改善2型糖尿病胰岛素抵抗机制研究	姜淼	北京中医药大学	博士	2006	18	5883	原版阅读      CNKI AI阅读
2477	五运六气与《伤寒论》相关研究	蔡坤坐	北京中医药大学	博士	2006	25	5959	原版阅读      CNKI AI阅读
2478	天然产物以及寡脱氧核苷酸的质谱分析方法研究	项赟	中国协和医科大学	博士	2003	1	339	原版阅读      CNKI AI阅读
2479	常用中药广藿香和胡黄连药物代谢动力学研究	杨甫传	中国协和医科大学	博士	2004	5	1856	原版阅读      CNKI AI阅读
2480	葛根芩连汤的复方研究	孟宪生	辽宁中医药大学	博士	2006	6	1862	原版阅读      CNKI AI阅读
2481	经方之传承脉络：仲景方探源	阿尔诺德·福尔斯莱斯（Arnaud Versluys）	成都中医药大学	博士	2006	7	1740	原版阅读      CNKI AI阅读
2482	辛开苦降、活血通络法改善2型糖尿病胰岛功能的临床和实验研究	陈良	北京中医药大学	博士	2006	9	999	原版阅读      CNKI AI阅读
2483	不寐病证的文献研究与学术源流探讨	孙洪生	北京中医药大学	博士	2006	254	20701	原版阅读      CNKI AI阅读
2484	岭南名医陈映山从湿热论治胆汁返流性胃炎的学术研究	陈润东	南京中医药大学	博士	2006	2	490	原版阅读      CNKI AI阅读
2485	胡黄连提取物对缺血再灌注肾损伤的保护作用及其机制的研究	杨永红	第一军医大学	博士	2006		373	原版阅读      CNKI AI阅读
2486	乌头碱等中药有效成分质谱行为的量子化学研究	陈兰慧	东北师范大学	博士	2006	7	1115	原版阅读      CNKI AI阅读
2487	云南干热河谷退化生态系统植被恢复影响因子研究	郎南军	北京林业大学	博士	2005	36	1867	原版阅读      CNKI AI阅读
2488	生物碱的分离分析及其液相色谱保留机理的研究	罗旭彪	湖南大学	博士	2006	17	3257	原版阅读      CNKI AI阅读
2489	参夏合剂对培养血管平滑肌和动脉粥样硬化斑块细胞凋亡的影响	宋鲁成	山东中医药大学	博士	2006	4	380	原版阅读      CNKI AI阅读
2490	生物指纹谱分析方法研究中药提取物和DNA的相互作用	苏兴业	中国科学院研究生院（大连化学物理研究所）	博士	2006	3	1136	原版阅读      CNKI AI阅读
2491	医疗废物热解特性及动力学模型研究	邓娜	天津大学	博士	2005	46	1347	原版阅读      CNKI AI阅读
2492	太行山南段石灰岩低山区植被构建主要技术研究	李良厚	北京林业大学	博士	2007	13	591	原版阅读      CNKI AI阅读
2493	鱼腥草对糖尿病大鼠肾脏早期病变的影响及其分子机制	王芳	华中科技大学	博士	2006	2	598	原版阅读      CNKI AI阅读
2494	防治阿尔茨海默病药物筛选组合基因靶标的初步研究	郑越	中国人民解放军军事医学科学院	博士	2007	1	1426	原版阅读      CNKI AI阅读
2495	黄连总生物碱泡腾片治疗女性下生殖道解脲支原体感染的作用机理研究	张红	黑龙江中医药大学	博士	2007	2	551	原版阅读      CNKI AI阅读
2496	黄连素纳米乳给药系统的研究	孙红武	西北农林科技大学	博士	2007	29	2103	原版阅读      CNKI AI阅读
2497	吴茱萸碱和小檗碱对结肠癌HT29细胞的抗癌作用及机理研究	常金荣	广州中医药大学	博士	2007	10	1393	原版阅读      CNKI AI阅读
2498	糖目宁治疗早期糖尿病视网膜病变的临床及实验研究	陈晨	中国中医科学院	博士	2007	5	637	原版阅读      CNKI AI阅读
2499	葛根芩连汤与其有效部位群对实验性代谢综合征的比较研究	孟晓红	黑龙江中医药大学	博士	2007	10	800	原版阅读      CNKI AI阅读
2500	桂枝汤等解表/清热方和相关成分对TLRs及其信号转导通路的影响	赵保胜	中国中医科学院	博士	2007	17	1066	原版阅读      CNKI AI阅读
	中文题名	作者	学位授予单位	数据库	学位授予年度	被引	下载	操作
2501	段富津教授治疗胃脘痛经验的研究	闫忠红	黑龙江中医药大学	博士	2007	5	1382	原版阅读      CNKI AI阅读
2502	安宫牛黄丸生产过程质量评价方法研究	马群	北京中医药大学	博士	2007	6	1106	原版阅读      CNKI AI阅读
2503	利胆排毒口服液抗内毒素的作用研究	常明向	湖北中医学院	博士	2007	8	599	原版阅读      CNKI AI阅读
2504	《伤寒论》用药剂量及其相关问题的研究	黄英杰	北京中医药大学	博士	2007	118	9648	原版阅读      CNKI AI阅读
2505	清热益气中药配伍治疗2型糖尿病机制研究	王世东	北京中医药大学	博士	2007	32	3499	原版阅读      CNKI AI阅读
2506	从急性脑缺血再灌注炎症因子动态变化探讨内毒的形成及作用	柳洪胜	北京中医药大学	博士	2007	4	481	原版阅读      CNKI AI阅读
2507	冠心病心绞痛古今中医文献整理与研究	李柳骥	北京中医药大学	博士	2007	288	23945	原版阅读      CNKI AI阅读
2508	苦酸制甜法保护2型糖尿病胰岛β细胞功能的作用及机制研究	李洪皎	北京中医药大学	博士	2007	13	1430	原版阅读      CNKI AI阅读
2509	化瘀降浊合剂干预代谢综合征的疗效评价及其对部分致动脉粥样硬化因子的影响	周晖	北京中医药大学	博士	2007	3	535	原版阅读      CNKI AI阅读
2510	肠激安胶囊制剂学及干预腹泻型肠易激综合征机理研究	唐洪梅	广州中医药大学	博士	2007	10	1689	原版阅读      CNKI AI阅读
2511	岩黄连细胞培养合成生物碱研究	程华	华中科技大学	博士	2006	9	768	原版阅读      CNKI AI阅读
2512	益气补肾中药改善糖尿病脑功能的作用及其机制研究	刘德山	山东中医药大学	博士	2007	5	1108	原版阅读      CNKI AI阅读
2513	烟酸、吖啶、黄连素对热浸镀钢材的缓蚀作用及其量化构效关系	鞠虹	中国科学院研究生院（海洋研究所）	博士	2008	5	586	原版阅读      CNKI AI阅读
2514	几种天然中药材的光谱分析	金向军	吉林大学	博士	2007	1	1239	原版阅读      CNKI AI阅读
2515	赵冠英教授治疗慢性胃炎学术经验研究	梁光宇	中国人民解放军军医进修学院	博士	2008	9	952	原版阅读      CNKI AI阅读
2516	连香方自微乳化给药系统的制备与评价	卢文彪	广州中医药大学	博士	2008	6	1093	原版阅读      CNKI AI阅读
2517	逍遥散加味治疗不寐的研究	郭桂月	广州中医药大学	博士	2008	11	1533	原版阅读      CNKI AI阅读
2518	柴胡方治疗病毒感染性疾病之研究	陈素蝉	广州中医药大学	博士	2008	2	1092	原版阅读      CNKI AI阅读
2519	古代情志相关医案中心身现象的症治规律研究	王斌	广州中医药大学	博士	2008	18	1874	原版阅读      CNKI AI阅读
2520	中医七情之“怒”的古代与近代医案证治规律的研究	李强	广州中医药大学	博士	2008	10	1983	原版阅读      CNKI AI阅读
2521	《伤寒论》柴胡类方“药对”研究	张智华	湖北中医学院	博士	2008	17	3288	原版阅读      CNKI AI阅读
2522	两种美国岩榆的资源培育及抗逆性研究	夏尚光	南京林业大学	博士	2008	16	473	原版阅读      CNKI AI阅读
2523	部分城市绿化树种的生理特性及其对大气污染的响应	梁淑英	南京林业大学	博士	2008	37	1413	原版阅读      CNKI AI阅读
2524	南京椴生态学及园林应用研究	汤诗杰	南京林业大学	博士	2008	9	620	原版阅读      CNKI AI阅读
2525	防治Alzheimer病药物作用候选基因靶标的初步验证	张癸荣	中国人民解放军军事医学科学院	博士	2008	2	1220	原版阅读      CNKI AI阅读
2526	黄连解毒汤化学成分分析及其抗高脂血症作用的研究	金瑾	吉林大学	博士	2008	22	1735	原版阅读      CNKI AI阅读
2527	黄连素对成年鼠神经再生的影响及其对缺血性脑卒中神经保护的作用机制	周希乔	南京医科大学	博士	2008	20	1468	原版阅读      CNKI AI阅读
2528	香连丸抗消化性溃疡（胃脘痛）及其作用机理的实验研究	刘环清	黑龙江中医药大学	博士	2008	5	534	原版阅读      CNKI AI阅读
2529	胃脘痛病证的古今文献研究与学术源流探讨	于晓	北京中医药大学	博士	2008	45	3462	原版阅读      CNKI AI阅读
2530	《伤寒论》有关误治的理论研究	李朝喧	北京中医药大学	博士	2008	12	2658	原版阅读      CNKI AI阅读
2531	《伤寒论》阳明、太阴病证与肠道微生态及人体反应性关系研究	彭鑫	北京中医药大学	博士	2008	24	2079	原版阅读      CNKI AI阅读
2532	清宫医案病证与方药的关联性研究	谢元华	北京中医药大学	博士	2008	16	1702	原版阅读      CNKI AI阅读
2533	自制黄连总生物碱阴道黏附栓改善外阴阴道假丝酵母菌病患者阴道微生态的应用研究	杨洋	浙江中医药大学	硕士	2018		26	原版阅读      CNKI AI阅读
2534	清肠温中颗粒制备工艺及质量标准研究	张欣	北京中医药大学	硕士	2017		119	原版阅读      CNKI AI阅读
2535	基于药效学的苦味中药的活血化瘀作用的味-效关系研究	梁耀月	北京中医药大学	硕士	2017	1	145	原版阅读      CNKI AI阅读
2536	复方葛根降糖颗粒的药学研究	刘伯宇	浙江中医药大学	硕士	2017		89	原版阅读      CNKI AI阅读
2537	基于TLRs信号通路的中药寒热药对黄连—厚朴抗流感病毒的作用机制研究	刘园	浙江中医药大学	硕士	2018	1	58	原版阅读      CNKI AI阅读
2538	基于数据挖掘法的王晖教授治疗糖尿病用药规律研究	黄利兵	浙江中医药大学	硕士	2018		27	原版阅读      CNKI AI阅读
2539	基于数据挖掘探讨王邦才教授治疗慢性泄泻的用药规律研究	王丽娜	浙江中医药大学	硕士	2018		38	原版阅读      CNKI AI阅读
2540	抗真菌药物白屈菜总碱凝胶剂的研制	刘霜琪	黑龙江中医药大学	硕士	2017		45	原版阅读      CNKI AI阅读
2541	利用秀丽隐杆线虫进行抗衰老化合物的筛选及其药效评价	唐娟	西南医科大学	硕士	2018		66	原版阅读      CNKI AI阅读
2542	消渴1号方对糖尿病大鼠糖及脂肪代谢影响的实验研究	孙晶	黑龙江中医药大学	硕士	2017		28	原版阅读      CNKI AI阅读
2543	基于Hippo/Notch信号通路的活血解毒方活性成分调控内皮细胞功能的物质基础研究	吕甜甜	北京中医药大学	硕士	2017		49	原版阅读      CNKI AI阅读
2544	黄连素调控GRP78及Wnt/β-catenin信号通路防治结肠癌的研究	贡晨雪	浙江中医药大学	硕士	2017		32	原版阅读      CNKI AI阅读
2545	肠道菌群及血浆氨基酸水平与2型糖尿病的相关性研究	赵海霞	新疆医科大学	硕士	2015	1	83	原版阅读      CNKI AI阅读
2546	从新疆哈萨克族、维吾尔族2型糖尿病人粪便分离的D菌、V菌对小鼠影响的研究	胡珊珊	新疆医科大学	硕士	2016		36	原版阅读      CNKI AI阅读
2547	葛根芩连混悬剂制备工艺研究	张明明	南方医科大学	硕士	2012		219	原版阅读      CNKI AI阅读
2548	黄连碱在糖尿病大鼠体内的排泄特性及其机制初探	陈红影	北京中医药大学	硕士	2017	1	174	原版阅读      CNKI AI阅读
2549	基于“方证相应”和单胺类递质体内处置特性探讨“心肾不交”失眠证和交泰丸治疗机制	郭嫦娥	北京中医药大学	硕士	2017	3	164	原版阅读      CNKI AI阅读
2550	黄连素治疗痰湿型PCOS患者的临床疗效观察及其作用机制的研究	孙晓妍	黑龙江中医药大学	硕士	2017		42	原版阅读      CNKI AI阅读
	中文题名	作者	学位授予单位	数据库	学位授予年度	被引	下载	操作
2551	侧孢短芽孢杆菌抗菌肽与中草药联合应用的研究	王菁	河北科技大学	硕士	2017	1	78	原版阅读      CNKI AI阅读
2552	基于数据挖掘研究陆拯教授运用天癸至神理论治疗不寐的用药规律	来亭亭	浙江中医药大学	硕士	2017	1	73	原版阅读      CNKI AI阅读
2553	中药千世杨的安全性和药理药效学研究	赵翠莉	天津农学院	硕士	2012	4	231	原版阅读      CNKI AI阅读
2554	膀胱经取穴隔姜灸治疗脾肾阳虚型溃疡性结肠炎的临床研究	陶玉雪	北京中医药大学	硕士	2007	7	761	原版阅读      CNKI AI阅读
2555	基于群体遗传学的黄连属DNA条形码研究	刘晓光	山东中医药大学	硕士	2012	11	759	原版阅读      CNKI AI阅读
2556	抗新城疫病毒中药活性组分筛选的研究	霍晓青	河北农业大学	硕士	2011	7	347	原版阅读      CNKI AI阅读
2557	中国境内中越边境地区苔类植物区系研究	黄乐乐	华东师范大学	硕士	2015	7	250	原版阅读      CNKI AI阅读
2558	泻火护心方指纹图谱及对高糖诱导的H9C2心肌细胞自噬的干预研究	林勇凯	广州中医药大学	硕士	2018		92	原版阅读      CNKI AI阅读
2559	岩黄连化学成分及抗肿瘤活性研究	张斌	广西师范大学	硕士	2017	1	191	原版阅读      CNKI AI阅读
2560	类中药汤剂纳米粒制备与促小檗碱肠吸收作用机制研究	袁秀妍	安徽中医药大学	硕士	2018		149	原版阅读      CNKI AI阅读
2561	糖网明目颗粒制备工艺和质量标准研究报告	张桂杰	延边大学	硕士	2018		147	原版阅读      CNKI AI阅读
2562	基于数据挖掘的中医药治疗放射性肠炎用药规律研究	欧海亚	广州中医药大学	硕士	2018	1	117	原版阅读      CNKI AI阅读
2563	基于RP-HPLC法构建吡啶类化合物QSRR/QRAR模型及logkw影响因素考察	陈静雅	南京中医药大学	硕士	2017		76	原版阅读      CNKI AI阅读
2564	黄连素和顺铂联合作用抑制乳腺癌细胞增殖的研究	赵玉婉	大连医科大学	硕士	2016		51	原版阅读      CNKI AI阅读
2565	儿黄散白及胶缓释双层膜剂的制备工艺和质量标准研究	王超	黑龙江中医药大学	硕士	2016		148	原版阅读      CNKI AI阅读
2566	三黄泻心汤有效成分溶出规律研究	傅丹青	浙江中医药大学	硕士	2016	1	132	原版阅读      CNKI AI阅读
2567	治疗多囊卵巢综合征补肾活血颗粒的药学研究	孙忠扬	黑龙江中医药大学	硕士	2016		54	原版阅读      CNKI AI阅读
2568	萸黄连有效组分诱导SMMC-7721肝癌细胞凋亡线粒体通路机制的初步研究	沈芸	哈尔滨商业大学	硕士	2016	1	57	原版阅读      CNKI AI阅读
2569	基于原发性肝癌模型大鼠的萸黄连抗肝癌有效组分的筛选	杨新宇	哈尔滨商业大学	硕士	2016	1	75	原版阅读      CNKI AI阅读
2570	黄连素对分枝杆菌抑菌作用的机制研究及结核分枝杆菌MurA酶抑制剂筛选	钱磊	大连医科大学	硕士	2016	2	146	原版阅读      CNKI AI阅读
2571	双花百合片多指标成分含量测定及大鼠体内药动学的研究	张寿吉	大连医科大学	硕士	2016		79	原版阅读      CNKI AI阅读
2572	疡必愈止痛胶囊制备工艺与质量标准的研究	陈叶童	湖南中医药大学	硕士	2017		52	原版阅读      CNKI AI阅读
2573	基于HPLC-DAD/MS技术的清清颗粒指纹图谱质量评价体系研究	李洁	南京中医药大学	硕士	2017		206	原版阅读      CNKI AI阅读
2574	和降颗粒制备工艺及质量标准研究	范文硕	北京中医药大学	硕士	2018		421	原版阅读      CNKI AI阅读
2575	黄连素治疗多囊卵巢综合征的系统评价和Meta分析	刘洋	黑龙江中医药大学	硕士	2018		99	原版阅读      CNKI AI阅读
2576	地黄中响应连作胁迫的根组织膜蛋白的分离与功能分析	田云鹤	福建农林大学	硕士	2017		89	原版阅读      CNKI AI阅读
2577	超细羊毛围巾产品设计与性能研究	吴秀霞	北京服装学院	硕士	2017		80	原版阅读      CNKI AI阅读
2578	“寒热错杂”动物模型的建立和“附子—黄连”药对对模型大鼠影响的研究	刘梦婷	浙江中医药大学	硕士	2015	1	212	原版阅读      CNKI AI阅读
2579	黄连总生物碱及其阴道黏附栓的制备与评价	丁美红	浙江中医药大学	硕士	2015		269	原版阅读      CNKI AI阅读
2580	变通香薷饮的提取工艺优化及抗流感作用初步研究	徐冰婉	浙江中医药大学	硕士	2015		104	原版阅读      CNKI AI阅读
2581	黄连素改善非酒精性脂肪肝的疗效及机制初探	张园园	南京医科大学	硕士	2018	3	333	原版阅读      CNKI AI阅读
2582	连作地黄根际群体感应菌群变化及其作用机理	吴艳红	福建农林大学	硕士	2017	1	262	原版阅读      CNKI AI阅读
2583	益气养阴清热方对T2DM小鼠肠道GLP-2及紧密连接蛋白ZO-1、Occludin表达的影响	陈薇宇	广西中医药大学	硕士	2018	1	299	原版阅读      CNKI AI阅读
2584	罗非鱼链球菌分子检测技术的建立及抗菌中草药筛选	张辉杰	暨南大学	硕士	2018	1	187	原版阅读      CNKI AI阅读
2585	地黄连作障碍因子水苏糖的发现及其作用机理	王红阳	河南农业大学	硕士	2018	1	180	原版阅读      CNKI AI阅读
2586	薄层色谱与表面增强拉曼光谱联用及其在中草药活性成分的追踪、预测和发现中的应用	顾晓玲	南京医科大学	硕士	2017	1	162	原版阅读      CNKI AI阅读
2587	不同环境条件下湿地植物可溶性碳水化合物含量与其竞争能力关系研究	王颖	东北师范大学	硕士	2018	2	184	原版阅读      CNKI AI阅读
2588	基于HPLC/DAD(ELSD)/MS技术的中药复方制剂舒糖络颗粒指纹图谱质量评价体系研究	赵妍	南京中医药大学	硕士	2016	1	373	原版阅读      CNKI AI阅读
2589	初步探讨P糖蛋白在黄连素调节胰岛素分泌机制中的作用	乌洪芳	天津医科大学	硕士	2015		42	原版阅读      CNKI AI阅读
2590	安徽省石台县药用植物资源调查	罗汉	安徽中医药大学	硕士	2018		405	原版阅读      CNKI AI阅读
2591	黄连素抗氧化活性及其对癌细胞毒性的研究	杨玉玲	西北师范大学	硕士	2010	19	702	原版阅读      CNKI AI阅读
2592	再加热双脉冲LIBS技术对中药材中金属元素检测研究	郑慧娟	重庆邮电大学	硕士	2018		146	原版阅读      CNKI AI阅读
2593	基于数据挖掘技术分析现代中医药治疗复发性口腔溃疡的用药规律	赵立军	山东中医药大学	硕士	2017	2	258	原版阅读      CNKI AI阅读
2594	马链球菌马亚种的分离鉴定、致病性检测和抗菌药物筛选	王雨朦	新疆农业大学	硕士	2017	11	225	原版阅读      CNKI AI阅读
2595	盐酸小檗碱对小鼠细胞DNA损伤和氧化性损伤的研究	王璐	辽宁大学	硕士	2014		144	原版阅读      CNKI AI阅读
2596	云南省建水县防火树种的筛选研究	李逸凡	北京林业大学	硕士	2018	4	354	原版阅读      CNKI AI阅读
2597	八个北京浅山区彩色树种抗旱性比较	徐浩敏	北京林业大学	硕士	2018	1	110	原版阅读      CNKI AI阅读
2598	4个种源黄连木苗木生长节律和叶色变化及调控技术研究	郭欢欢	北京林业大学	硕士	2018	4	276	原版阅读      CNKI AI阅读
2599	不同施肥处理对黄连木幼苗栽植生长和叶色变化的影响	刘邵宇	北京林业大学	硕士	2017	4	183	原版阅读      CNKI AI阅读
2600	中国黄连木雌雄同株资源授粉技术研究	杨子玥	北京林业大学	硕士	2018	3	107	原版阅读      CNKI AI阅读
	中文题名	作者	学位授予单位	数据库	学位授予年度	被引	下载	操作
2601	大黄鱼内脏白点病病原菌的快速鉴定及其抗感染中药预防免疫	李梅芳	浙江中医药大学	硕士	2014	3	203	原版阅读      CNKI AI阅读
2602	雅连多糖的分离、纯化及免疫活性研究	管勇舟	黑龙江中医药大学	硕士	2016	3	247	原版阅读      CNKI AI阅读
2603	黄连生物碱与UGT和OCTs相互作用及基于OCTs的交泰丸催眠作用机制初探	赵园园	北京中医药大学	硕士	2016	1	172	原版阅读      CNKI AI阅读
2604	葛根芩连汤药效组分及其质量评价体研究	毛莹	北京中医药大学	硕士	2014	2	485	原版阅读      CNKI AI阅读
2605	表小檗碱体内外生物代谢反应研究	叶静	北京中医药大学	硕士	2014	3	336	原版阅读      CNKI AI阅读
2606	基于液质联用技术的胡黄连苷Ⅱ体内外代谢初步研究	王红月	黑龙江中医药大学	硕士	2014		174	原版阅读      CNKI AI阅读
2607	叉头蛋白O1/3介导黄连素抗肺腺癌的机制研究	刘红岗	中国人民解放军空军军医大学	硕士	2018		79	原版阅读      CNKI AI阅读
2608	基于药物体系的连泰方药物制备与质量表征研究	王倩	北京中医药大学	硕士	2014	2	77	原版阅读      CNKI AI阅读
2609	岩黄连总碱对人肺腺癌A549细胞转移的影响及其与Vav1/Cdc42信号通路的关系	李蜜蜜	桂林医学院	硕士	2016		71	原版阅读      CNKI AI阅读
2610	多核分子双黄苷、双黄素的合成及其抗菌、抗炎活性研究	刘丽贤	广州中医药大学	硕士	2014		130	原版阅读      CNKI AI阅读
2611	七箭颗粒制备工艺及质量标准研究	党晓芳	北京中医药大学	硕士	2014		147	原版阅读      CNKI AI阅读
2612	黄连解毒汤抗脑缺血有效部位的大孔树脂组合筛选及其“方证对应”的整合PK-PD初步研究	邱碧菡	南京中医药大学	硕士	2012	1	131	原版阅读      CNKI AI阅读
2613	左金丸超微配方颗粒与传统汤剂的药效学比较研究	易成玉	湖南中医药大学	硕士	2017	1	145	原版阅读      CNKI AI阅读
2614	延胡索对照提取物的制备及质量评价研究与应用	王欢	广州中医药大学	硕士	2017	1	414	原版阅读      CNKI AI阅读
2615	葛根芩连汤主要功效成分在大肠杆菌致泻小型猪肠道吸收及代谢的研究	项煜强	南方医科大学	硕士	2017		197	原版阅读      CNKI AI阅读
2616	黄连抗炎作用机理及其与黄柏，附子，干姜的比较研究	陈宇	浙江中医药大学	硕士	2018	44	485	原版阅读      CNKI AI阅读
2617	基于秀丽隐杆线虫模型探讨黄连抗肿瘤活性及黄连碱抗肿瘤机制研究	张亚丽	北京中医药大学	硕士	2018		398	原版阅读      CNKI AI阅读
2618	PGP9.5、GFAP、GDNF在NSAIDs肠病大鼠中的表达及黄连素保护机制的研究	袁媛	浙江中医药大学	硕士	2014		96	原版阅读      CNKI AI阅读
2619	黄连花臺及蒙花苷美白活性研究	郭清扬	武汉大学	硕士	2017	2	303	原版阅读      CNKI AI阅读
2620	黄连不同剂型对2型糖尿病大鼠的血糖及肠道二糖酶活性的影响研究	涂萱	成都中医药大学	硕士	2017	1	114	原版阅读      CNKI AI阅读
2621	黄连不同剂型对糖尿病大鼠空腹血糖及胃肠动力、胃肠激素的调控作用研究	董久艳	成都中医药大学	硕士	2017	1	159	原版阅读      CNKI AI阅读
2622	南京市三个综合公园秋冬观果树种资源调查及观赏期研究	周珍珍	南京农业大学	硕士	2018	4	330	原版阅读      CNKI AI阅读
2623	黄连素投喂模式对摄食高能饲料的团头鲂生长和免疫机能的影响	陈丹红	南京农业大学	硕士	2018	2	188	原版阅读      CNKI AI阅读
2624	小檗碱及其衍生物的除草活性和构效关系的研究	黄伦	华南农业大学	硕士	2017	4	197	原版阅读      CNKI AI阅读
2625	小檗碱及其类似物对薇甘菊和胜红蓟的防治及机理研究	田延琴	华南农业大学	硕士	2018	3	191	原版阅读      CNKI AI阅读
2626	连南茶树种质资源综合评价	李华锋	华南农业大学	硕士	2017	3	151	原版阅读      CNKI AI阅读
2627	单方中草药对半滑舌鳎生化指标和抗病力的影响	葛婧	天津农学院	硕士	2016	3	150	原版阅读      CNKI AI阅读
2628	秃疮花抗植物病原真菌化学成分研究	童宗博	西北农林科技大学	硕士	2016	2	62	原版阅读      CNKI AI阅读
2629	一清缓释片制备工艺及质量标准研究	蔡晨晨	哈尔滨商业大学	硕士	2018		261	原版阅读      CNKI AI阅读
2630	复方三黄汤抗白色念珠菌活性成分及机制研究	卢文颖	哈尔滨商业大学	硕士	2018	2	247	原版阅读      CNKI AI阅读
2631	外源物质对无机磷细菌生长和溶磷作用的影响	王玉书	西南大学	硕士	2018	7	241	原版阅读      CNKI AI阅读
2632	川西北地区上三叠统卡尼阶海相碳酸盐岩中硅质结核研究	吴冰	成都理工大学	硕士	2018		226	原版阅读      CNKI AI阅读
2633	诱导相分离溶剂特性研究及在中药活性成分分离中的应用	王莹	湖南师范大学	硕士	2018		213	原版阅读      CNKI AI阅读
2634	玻璃尖端电喷雾离子化质谱分析与中药黄连中小檗碱分布的MALDI-MS成像	黄煜宇	上海应用技术大学	硕士	2018	1	421	原版阅读      CNKI AI阅读
2635	陕西小檗中次生代谢产物的提取工艺及生理活性研究	李小燕	西北大学	硕士	2018		164	原版阅读      CNKI AI阅读
2636	共载阿霉素和黄连素的磁介孔复合纳米粒子治疗肝癌及复发的研究	张帆	吉林大学	硕士	2018		251	原版阅读      CNKI AI阅读
2637	新型黄连素唑类衍生物的设计合成及其抗微生物活性研究	张国彪	西南大学	硕士	2018		248	原版阅读      CNKI AI阅读
2638	药用保健功效植物染色的服饰研究	黄玉婷	大连工业大学	硕士	2015	10	503	原版阅读      CNKI AI阅读
2639	微波活性炭—微生物联合技术处理盐酸黄连素废水的研究	包坤	辽宁大学	硕士	2013	2	125	原版阅读      CNKI AI阅读
2640	地黄连作障碍形成过程中关键响应基因的筛选与功能分析	冯法节	福建农林大学	硕士	2015	3	281	原版阅读      CNKI AI阅读
2641	穿心莲超微粉对三黄鸡保健作用及其机理研究	邓文琼	福建农林大学	硕士	2015	7	161	原版阅读      CNKI AI阅读
2642	三黄连合剂的抗炎作用和质量标准的研究	牛晓艺	广西大学	硕士	2014	4	117	原版阅读      CNKI AI阅读
2643	中药白痢散治疗仔猪白痢的有效性和安全性研究	李浩然	吉林大学	硕士	2018	6	393	原版阅读      CNKI AI阅读
2644	“金青颗粒”的研制及其药效学研究	荣茜	四川农业大学	硕士	2017	3	155	原版阅读      CNKI AI阅读
2645	中兽药乌梅颗粒的药效学与安全性研究	翁启彬	西北农林科技大学	硕士	2018		301	原版阅读      CNKI AI阅读
2646	交泰丸对心肾不交型失眠患者胰岛素抵抗的影响	支海鸯	浙江中医药大学	硕士	2016		142	原版阅读      CNKI AI阅读
2647	安胃汤加味治疗慢性萎缩性胃炎胃阴亏虚证的临床研究	朱健敏	广西中医药大学	硕士	2018	6	213	原版阅读      CNKI AI阅读
2648	周仲瑛教授辨治慢性腹泻的证素、证型及治疗研究	曹俊	南京中医药大学	硕士	2018	2	312	原版阅读      CNKI AI阅读
2649	壮泰安神贴治疗失眠的临床疗效及其对血清褪黑素的影响	覃甘梅	广西中医药大学	硕士	2018	2	298	原版阅读      CNKI AI阅读
2650	明清时期吴中名医治疗泄泻的经验研究	朱茂君	南京中医药大学	硕士	2018	2	258	原版阅读      CNKI AI阅读
	中文题名	作者	学位授予单位	数据库	学位授予年度	被引	下载	操作
2651	《刘涓子鬼遗方》治疗外科疾病方药规律研究	陆玲	南京中医药大学	硕士	2018	9	443	原版阅读      CNKI AI阅读
2652	理气化痰法在脾胃病中的应用研究	赵增艳	南京中医药大学	硕士	2018	3	243	原版阅读      CNKI AI阅读
2653	黄连温胆汤加减治疗肝脾湿热型白塞氏综合征	黄华玉	黑龙江中医药大学	硕士	2018	3	168	原版阅读      CNKI AI阅读
2654	《景岳全书》治疗头面五官病的辨治特点研究	李懿琳	黑龙江中医药大学	硕士	2018	4	392	原版阅读      CNKI AI阅读
2655	黄连温胆汤加减治疗儿童多动症痰火扰心型的临床观察	罗斌	黑龙江中医药大学	硕士	2018	10	292	原版阅读      CNKI AI阅读
2656	清热化湿和胃法治疗原发性胆汁反流性胃炎（湿热中阻证）的临床观察	高越	黑龙江中医药大学	硕士	2018	3	167	原版阅读      CNKI AI阅读
2657	滋水清心颗粒治疗围绝经期心肾不交型失眠的临床研究	刘晓龙	山西中医药大学	硕士	2017	1	153	原版阅读      CNKI AI阅读
2658	基于组效关系的壮药岩黄连抑制HSC-T6细胞增殖活性成分的辨识研究	陆世银	广西医科大学	硕士	2017	4	256	原版阅读      CNKI AI阅读
2659	黄连素治疗慢性肾小球肾炎湿热内蕴证的临床观察	祝家乐	湖南中医药大学	硕士	2018	2	199	原版阅读      CNKI AI阅读
2660	黄连素对慢性肾炎湿热证患者蛋白尿、VEGF的影响	王雅晴	湖南中医药大学	硕士	2018	1	128	原版阅读      CNKI AI阅读
2661	喻斌教授治疗肠易激综合征（腹泻型）的辨治特点和用药规律研究	陈思思	湖南中医药大学	硕士	2018	5	169	原版阅读      CNKI AI阅读
2662	乌梅枣仁汤治疗2型糖尿病合并失眠的临床观察	杨紫皓	湖南中医药大学	硕士	2018	7	242	原版阅读      CNKI AI阅读
2663	喻斌教授治疗功能性便秘的辨治特点与用药规律研究	李晓瑛	湖南中医药大学	硕士	2018	3	150	原版阅读      CNKI AI阅读
2664	戊己清肠汤保留灌肠治疗腹泻型肠易激综合征（湿热夹瘀证）的临床疗效观察	张蓓	湖南中医药大学	硕士	2018	22	153	原版阅读      CNKI AI阅读
2665	陈大舜教授治疗失眠的学术思想研究	高玉萍	湖南中医药大学	硕士	2018	2	185	原版阅读      CNKI AI阅读
2666	《伤寒论》里热证辨治规律研究	黄振	湖南中医药大学	硕士	2018	1	426	原版阅读      CNKI AI阅读
2667	基于模块网络的尿路感染膀胱湿热证的核心中药处方筛选	刘琼	中国中医科学院	硕士	2018	6	488	原版阅读      CNKI AI阅读
2668	胃食管反流病的文献研究及李振华教授经验总结	刘南阳	中国中医科学院	硕士	2018	5	541	原版阅读      CNKI AI阅读
2669	孔令诩从肝论治五脏病证用药规律研究	黄江鹏	中国中医科学院	硕士	2018	5	457	原版阅读      CNKI AI阅读
2670	《育宁堂颐世方书》文献研究	王亚楠	中国中医科学院	硕士	2018	6	274	原版阅读      CNKI AI阅读
2671	从标本中气理论探讨《伤寒论》寒热错杂证证候机理	李天鹏	甘肃中医药大学	硕士	2018	4	665	原版阅读      CNKI AI阅读
2672	外用三黄粉治疗宫颈高危型HPV感染的临床观察	李大娟	甘肃中医药大学	硕士	2018	5	224	原版阅读      CNKI AI阅读
2673	参白合剂保留灌肠治疗湿热型溃疡性结肠炎的疗效观察及对IL-12/IL-13 的调节作用	施鋆男	甘肃中医药大学	硕士	2018	3	122	原版阅读      CNKI AI阅读
2674	张再康教授运用刘完素玄府学说的学术思想研究	盖红肖	河北医科大学	硕士	2018	4	389	原版阅读      CNKI AI阅读
2675	柴附温胆汤联合雷贝拉唑治疗非糜烂性胃食管反流病（肝胃郁热证）多中心随机对照研究	聂源	成都中医药大学	硕士	2018	4	234	原版阅读      CNKI AI阅读
2676	代天宣化导赤散治疗小儿心脾积热型手足口病临床疗效观察	杨潮	成都中医药大学	硕士	2018	2	157	原版阅读      CNKI AI阅读
2677	冯全生教授运用通法治疗肠易激综合征经验总结	曾婷	成都中医药大学	硕士	2018	5	225	原版阅读      CNKI AI阅读
2678	李培教授从气机升降论治功能性消化不良经验总结	李天赐	成都中医药大学	硕士	2018	5	265	原版阅读      CNKI AI阅读
2679	反交泰丸合黄连阿胶汤加味治疗2型糖尿病伴失眠的临床观察	邬丹	成都中医药大学	硕士	2018	13	317	原版阅读      CNKI AI阅读
2680	加味黄连温胆汤治疗高血压左心室肥厚所致的室性期前收缩（痰火扰心证）患者的临床疗效及对心率震荡的影响	曹杰	成都中医药大学	硕士	2018	5	194	原版阅读      CNKI AI阅读
2681	黄连素通过对c-Met和EGFR双重抑制发挥抗神经胶质瘤的作用	朱婷	南方医科大学	硕士	2015		130	原版阅读      CNKI AI阅读
2682	千金降糖方现代提取工艺研究	张科	天津医科大学	硕士	2013	1	147	原版阅读      CNKI AI阅读
2683	LMG对2型糖尿病模型GK大鼠的降糖作用及机制研究	杨涛	广州中医药大学	硕士	2016	2	80	原版阅读      CNKI AI阅读
2684	方后注服药食忌研究	李筠	南京中医药大学	硕士	2016	4	223	原版阅读      CNKI AI阅读
2685	肠康颗粒的药学研究	华俊磊	南京中医药大学	硕士	2014	1	244	原版阅读      CNKI AI阅读
2686	治疗汗证方剂的配伍规律研究	韩苗苗	南京中医药大学	硕士	2018	21	917	原版阅读      CNKI AI阅读
2687	荆芥连翘汤的适用人群研究	刘明翰（LOW MING HAN）	南京中医药大学	硕士	2018	5	638	原版阅读      CNKI AI阅读
2688	泻心汤剂量配伍变化及其药物代谢动力学研究	邓丽红	广西中医药大学	硕士	2018	4	383	原版阅读      CNKI AI阅读
2689	栀子豉汤类方配伍文献整理研究	邓鸿玉	黑龙江中医药大学	硕士	2018	3	815	原版阅读      CNKI AI阅读
2690	柴瑞霁教授运用附子泻心汤方证研究	柴馥馨	山西中医药大学	硕士	2017	1	211	原版阅读      CNKI AI阅读
2691	基于谱效关系分析的胡黄连泻下新功效及其物质基础研究	赵敏	山西中医药大学	硕士	2017	3	241	原版阅读      CNKI AI阅读
2692	岩黄连指纹图谱及其抗肝纤维化的血清代谢组学研究	唐超玲	广西医科大学	硕士	2017	5	368	原版阅读      CNKI AI阅读
2693	复方黄连搽剂用于输液性静脉炎的实验研究	林永乐	广西医科大学	硕士	2018	2	250	原版阅读      CNKI AI阅读
2694	复方岩杖胶囊对肉瘤的增效减毒作用及其主要成分对肝癌细胞增殖抑制作用	黄鹏	广西医科大学	硕士	2015	1	72	原版阅读      CNKI AI阅读
2695	清营汤抑制多重耐药菌的实验研究	李汉永	湖北中医药大学	硕士	2018	11	396	原版阅读      CNKI AI阅读
2696	野生与种植黄连总生物碱总蛋白的检测及其盐酸小檗碱的生源代谢酶初探	曾燕	湖南中医药大学	硕士	2018	1	288	原版阅读      CNKI AI阅读
2697	基于系统药理模式探索中药寒热药性的分子基础	戴逸飞	中国中医科学院	硕士	2018	7	577	原版阅读      CNKI AI阅读
2698	UCP1/PGC-1a通路与中药寒热药性相关的分子基础研究	周炜炜	中国中医科学院	硕士	2018	11	629	原版阅读      CNKI AI阅读
2699	高脂饮食和ApoE基因缺失导致的小鼠肠道菌群失衡及黄连解毒汤干预研究	姜楠	中国中医科学院	硕士	2018	11	351	原版阅读      CNKI AI阅读
2700	坤泰胶囊对环磷酰胺致卵巢储备功能低下大鼠卵巢因子GDF-9、Egr-1的影响	崔亚萌	华北理工大学	硕士	2018	3	246	原版阅读      CNKI AI阅读
	中文题名	作者	学位授予单位	数据库	学位授予年度	被引	下载	操作
2701	黄连素对肠黏膜上皮细胞分泌细胞因子的影响研究	刘小艺	中国医科大学	硕士	2018	16	300	原版阅读      CNKI AI阅读
2702	基于抑制PI3K/Akt/NF-κB信号通路的黄连碱改善LPS诱导急性肺损伤的研究	洪凌	中国医科大学	硕士	2018	7	616	原版阅读      CNKI AI阅读
2703	葛根芩连汤对自发2型糖尿病ZDF大鼠胰岛细胞IRS-2/PI3K/Akt信号通路的影响	周琦	甘肃中医药大学	硕士	2018	4	606	原版阅读      CNKI AI阅读
2704	基于肠道微生物对HPA轴的调控作用探讨通腑降浊方治疗IBS-C模型大鼠的机制研究	赵丹阳	河北医科大学	硕士	2018	8	358	原版阅读      CNKI AI阅读
2705	黄连碱抗肝癌及对急性肝损伤保护作用的初步研究	柴芳妮	西南大学	硕士	2018	17	412	原版阅读      CNKI AI阅读
2706	黄连素通过增强脂肪酸氧化减轻棕榈酸诱导的肾小管上皮细胞凋亡	孙继业	重庆医科大学	硕士	2018	1	273	原版阅读      CNKI AI阅读
2707	孙思邈小方选析与应用研究	夏敏心	成都中医药大学	硕士	2018	5	504	原版阅读      CNKI AI阅读
2708	三才连梅颗粒对2型糖尿病模型小鼠血糖影响的研究	王胜菊	成都中医药大学	硕士	2018	9	271	原版阅读      CNKI AI阅读
2709	三才连梅颗粒对2型糖尿病肾病小鼠早期肾功能影响初探	鲁燕	成都中医药大学	硕士	2018	2	271	原版阅读      CNKI AI阅读
2710	小檗碱对人卵巢癌细胞PD-L1和PD-1 mRNA的表达的作用	孟囿园	成都中医药大学	硕士	2018	11	330	原版阅读      CNKI AI阅读
2711	小檗碱对人卵巢癌细胞SKOV-3、A2780 TDO、AhR mRNA表达影响的研究	马丽莎	成都中医药大学	硕士	2018	1	129	原版阅读      CNKI AI阅读
2712	王孟英治湿方剂之配伍特点研究	刘兰	成都中医药大学	硕士	2018	6	467	原版阅读      CNKI AI阅读
2713	黄连碱对内毒素发热大鼠解热、抗炎作用的PK-PD模型研究	王丽	成都中医药大学	硕士	2018	10	815	原版阅读      CNKI AI阅读
2714	基于胆固醇吸收研究黄连吴茱萸降脂的配伍机制	魏宏	成都中医药大学	硕士	2017		180	原版阅读      CNKI AI阅读
2715	黄连碱体外抑制caspase-1剪切活性及其基于TLR-4炎症信号转导通路抗炎机制研究	吴嘉思	成都中医药大学	硕士	2017	3	288	原版阅读      CNKI AI阅读
2716	三七和黄连提取物肠道菌群代谢及药代动力学初步研究	周律	广东药科大学	硕士	2018	6	1045	原版阅读      CNKI AI阅读
2717	三黄祛痘凝胶的研制及其安全性与功效性评价	刘晓敏	广东药科大学	硕士	2018	11	1852	原版阅读      CNKI AI阅读
2718	连朴饮联合恩替卡韦治疗脾胃湿热型慢性乙型肝炎的回顾性分析	石雪莹	成都中医药大学	硕士	2018	6	134	原版阅读      CNKI AI阅读
2719	不同糖代谢人群肝脏脂肪含量及2型糖尿病患者肝脏脂肪含量与骨密度的关系	彭亚娟	广西医科大学	硕士	2017	3	106	原版阅读      CNKI AI阅读
2720	龙血竭散对低位肛周脓肿术后创面愈合情况的临床观察	常君	成都中医药大学	硕士	2018	7	265	原版阅读      CNKI AI阅读
2721	黄连素联合顺铂诱导人肺癌顺铂耐药细胞A549/DDP凋亡的实验研究	曾玲芳	湖南中医药大学	硕士	2018	1	251	原版阅读      CNKI AI阅读
2722	黄连素联合索拉菲尼或奥沙利铂抗肝癌细胞作用的初步研究	黄月朝	广东药科大学	硕士	2018	2	173	原版阅读      CNKI AI阅读
2723	丝素蛋白载药抗菌医用缝合线的制备和性能研究	贺超恒	苏州大学	硕士	2018	7	675	原版阅读      CNKI AI阅读
2724	清代云贵川地区药材资源东运研究	刘小燕	西南大学	硕士	2018	7	435	原版阅读      CNKI AI阅读
2725	乡村共同体变迁中的村民公共事务参与机制探究——以F村修路事件为例	杨叶欣	西南大学	硕士	2018	1	353	原版阅读      CNKI AI阅读
2726	三峡库区边际土地能源植物生产与开发适宜性评价	王金柱	西南大学	硕士	2018	6	343	原版阅读      CNKI AI阅读
2727	湖北省重点保护野生植物保护优先序及其保护策略	徐芷妍	湖北大学	硕士	2018	12	616	原版阅读      CNKI AI阅读
2728	漓江流域喀斯特地区檵木群落不同恢复阶段群落学特征及其恢复状态评价研究	张雅君	广西师范大学	硕士	2018	3	261	原版阅读      CNKI AI阅读
2729	Ni/MCM-41催化剂制备、测试表征及应用研究	齐广	沈阳化工大学	硕士	2018		357	原版阅读      CNKI AI阅读
2730	磁性复合氧化石墨烯/纤维素微球固载磷钨酸催化剂制备、表征及其催化黄连木种子油甲酯化	李天凤	东北林业大学	硕士	2018	1	266	原版阅读      CNKI AI阅读
2731	磁性纤维素微球固载化杂多酸催化黄连木种子油合成脂肪酸甲酯的研究	韩盈枝	东北林业大学	硕士	2017	1	155	原版阅读      CNKI AI阅读
2732	盐酸小檗碱对LPS诱导的炎性反应的抗炎作用研究	丁娜娜	安徽农业大学	硕士	2017	7	327	原版阅读      CNKI AI阅读
2733	中草药对育肥猪肠道有害菌、生长性能和血液指标的影响	陈作栋	江西农业大学	硕士	2018	12	496	原版阅读      CNKI AI阅读
2734	黄连温胆汤对2型糖尿病合并脂质代谢紊乱患者LCAT、EL的影响	刘小转	安徽中医药大学	硕士	2018	4	237	原版阅读      CNKI AI阅读
2735	化瘀柔筋法对Wilson病肌张力障碍患者肌肉损伤临床研究	李彪	安徽中医药大学	硕士	2018	3	149	原版阅读      CNKI AI阅读
2736	国医大师徐经世先生临床治疗疾病规律性研究	季青青	安徽中医药大学	硕士	2018	4	185	原版阅读      CNKI AI阅读
2737	慢性萎缩性胃炎发病危险因素的Logistic回归分析及扶正清幽汤对其脾胃湿热型的疗效探索	江欢欢	安徽中医药大学	硕士	2018	7	172	原版阅读      CNKI AI阅读
2738	明清新安医家经方医案诊治特色研究	崔海镇	安徽中医药大学	硕士	2018	5	367	原版阅读      CNKI AI阅读
2739	基于10位新安医家医案的温病辨治特色与用药规律研究	章洁	安徽中医药大学	硕士	2018	4	460	原版阅读      CNKI AI阅读
2740	血透患者便秘的中医证候调查及大黄黄连颗粒的疗效观察	张上鹏	广州中医药大学	硕士	2018	2	250	原版阅读      CNKI AI阅读
2741	基于数学属性偏序原理探讨《伤寒杂病论》寒温并用法证治规律	张久雪	广州中医药大学	硕士	2018	4	235	原版阅读      CNKI AI阅读
2742	黄连解毒汤对MODS患者弥散性血管内凝血防治研究	吴俊林	广州中医药大学	硕士	2018	2	229	原版阅读      CNKI AI阅读
2743	栀子豉汤合酸枣仁汤治疗马来西亚阴虚火旺失眠的临床疗效观察	戴雪佳(Tay Sye Jia)	广州中医药大学	硕士	2018	2	232	原版阅读      CNKI AI阅读
2744	基于属性偏序结构理论的《仲景归真》知识发现	陈学禅（Tan Sekchang）	广州中医药大学	硕士	2018	3	140	原版阅读      CNKI AI阅读
2745	基于属性偏序原理探讨《伤寒杂病论》呕吐证治规律	梁嘉鸣	广州中医药大学	硕士	2017	9	203	原版阅读      CNKI AI阅读
2746	加味黄连温胆颗粒治疗癫痫（痰火扰神型）的临床疗效观察	冯勤勤	河南中医药大学	硕士	2018	2	135	原版阅读      CNKI AI阅读
2747	柴胡陷胸汤治疗肥胖2型糖尿病（肝胃郁热夹痰证）的临床观察	栗春芳	河南中医药大学	硕士	2018	6	191	原版阅读      CNKI AI阅读
2748	杨国红教授治疗胆汁反流性胃炎用药规律探讨	张越亚	河南中医药大学	硕士	2018	4	104	原版阅读      CNKI AI阅读
2749	王新志教授运用经方从五脏论治情志病经验总结	汪道静	河南中医药大学	硕士	2018	7	553	原版阅读      CNKI AI阅读
2750	“黄连降糖片”治疗2型糖尿病（痰热互结型）量效关系的临床研究	徐伶俐	河南中医药大学	硕士	2018	4	216	原版阅读      CNKI AI阅读	中文题名	作者	学位授予单位	数据库	学位授予年度	被引	下载	操作
2701	黄连素对肠黏膜上皮细胞分泌细胞因子的影响研究	刘小艺	中国医科大学	硕士	2018	16	300	原版阅读      CNKI AI阅读
2702	基于抑制PI3K/Akt/NF-κB信号通路的黄连碱改善LPS诱导急性肺损伤的研究	洪凌	中国医科大学	硕士	2018	7	616	原版阅读      CNKI AI阅读
2703	葛根芩连汤对自发2型糖尿病ZDF大鼠胰岛细胞IRS-2/PI3K/Akt信号通路的影响	周琦	甘肃中医药大学	硕士	2018	4	606	原版阅读      CNKI AI阅读
2704	基于肠道微生物对HPA轴的调控作用探讨通腑降浊方治疗IBS-C模型大鼠的机制研究	赵丹阳	河北医科大学	硕士	2018	8	358	原版阅读      CNKI AI阅读
2705	黄连碱抗肝癌及对急性肝损伤保护作用的初步研究	柴芳妮	西南大学	硕士	2018	17	412	原版阅读      CNKI AI阅读
2706	黄连素通过增强脂肪酸氧化减轻棕榈酸诱导的肾小管上皮细胞凋亡	孙继业	重庆医科大学	硕士	2018	1	273	原版阅读      CNKI AI阅读
2707	孙思邈小方选析与应用研究	夏敏心	成都中医药大学	硕士	2018	5	504	原版阅读      CNKI AI阅读
2708	三才连梅颗粒对2型糖尿病模型小鼠血糖影响的研究	王胜菊	成都中医药大学	硕士	2018	9	271	原版阅读      CNKI AI阅读
2709	三才连梅颗粒对2型糖尿病肾病小鼠早期肾功能影响初探	鲁燕	成都中医药大学	硕士	2018	2	271	原版阅读      CNKI AI阅读
2710	小檗碱对人卵巢癌细胞PD-L1和PD-1 mRNA的表达的作用	孟囿园	成都中医药大学	硕士	2018	11	330	原版阅读      CNKI AI阅读
2711	小檗碱对人卵巢癌细胞SKOV-3、A2780 TDO、AhR mRNA表达影响的研究	马丽莎	成都中医药大学	硕士	2018	1	129	原版阅读      CNKI AI阅读
2712	王孟英治湿方剂之配伍特点研究	刘兰	成都中医药大学	硕士	2018	6	467	原版阅读      CNKI AI阅读
2713	黄连碱对内毒素发热大鼠解热、抗炎作用的PK-PD模型研究	王丽	成都中医药大学	硕士	2018	10	815	原版阅读      CNKI AI阅读
2714	基于胆固醇吸收研究黄连吴茱萸降脂的配伍机制	魏宏	成都中医药大学	硕士	2017		180	原版阅读      CNKI AI阅读
2715	黄连碱体外抑制caspase-1剪切活性及其基于TLR-4炎症信号转导通路抗炎机制研究	吴嘉思	成都中医药大学	硕士	2017	3	288	原版阅读      CNKI AI阅读
2716	三七和黄连提取物肠道菌群代谢及药代动力学初步研究	周律	广东药科大学	硕士	2018	6	1045	原版阅读      CNKI AI阅读
2717	三黄祛痘凝胶的研制及其安全性与功效性评价	刘晓敏	广东药科大学	硕士	2018	11	1852	原版阅读      CNKI AI阅读
2718	连朴饮联合恩替卡韦治疗脾胃湿热型慢性乙型肝炎的回顾性分析	石雪莹	成都中医药大学	硕士	2018	6	134	原版阅读      CNKI AI阅读
2719	不同糖代谢人群肝脏脂肪含量及2型糖尿病患者肝脏脂肪含量与骨密度的关系	彭亚娟	广西医科大学	硕士	2017	3	106	原版阅读      CNKI AI阅读
2720	龙血竭散对低位肛周脓肿术后创面愈合情况的临床观察	常君	成都中医药大学	硕士	2018	7	265	原版阅读      CNKI AI阅读
2721	黄连素联合顺铂诱导人肺癌顺铂耐药细胞A549/DDP凋亡的实验研究	曾玲芳	湖南中医药大学	硕士	2018	1	251	原版阅读      CNKI AI阅读
2722	黄连素联合索拉菲尼或奥沙利铂抗肝癌细胞作用的初步研究	黄月朝	广东药科大学	硕士	2018	2	173	原版阅读      CNKI AI阅读
2723	丝素蛋白载药抗菌医用缝合线的制备和性能研究	贺超恒	苏州大学	硕士	2018	7	675	原版阅读      CNKI AI阅读
2724	清代云贵川地区药材资源东运研究	刘小燕	西南大学	硕士	2018	7	435	原版阅读      CNKI AI阅读
2725	乡村共同体变迁中的村民公共事务参与机制探究——以F村修路事件为例	杨叶欣	西南大学	硕士	2018	1	353	原版阅读      CNKI AI阅读
2726	三峡库区边际土地能源植物生产与开发适宜性评价	王金柱	西南大学	硕士	2018	6	343	原版阅读      CNKI AI阅读
2727	湖北省重点保护野生植物保护优先序及其保护策略	徐芷妍	湖北大学	硕士	2018	12	616	原版阅读      CNKI AI阅读
2728	漓江流域喀斯特地区檵木群落不同恢复阶段群落学特征及其恢复状态评价研究	张雅君	广西师范大学	硕士	2018	3	261	原版阅读      CNKI AI阅读
2729	Ni/MCM-41催化剂制备、测试表征及应用研究	齐广	沈阳化工大学	硕士	2018		357	原版阅读      CNKI AI阅读
2730	磁性复合氧化石墨烯/纤维素微球固载磷钨酸催化剂制备、表征及其催化黄连木种子油甲酯化	李天凤	东北林业大学	硕士	2018	1	266	原版阅读      CNKI AI阅读
2731	磁性纤维素微球固载化杂多酸催化黄连木种子油合成脂肪酸甲酯的研究	韩盈枝	东北林业大学	硕士	2017	1	155	原版阅读      CNKI AI阅读
2732	盐酸小檗碱对LPS诱导的炎性反应的抗炎作用研究	丁娜娜	安徽农业大学	硕士	2017	7	327	原版阅读      CNKI AI阅读
2733	中草药对育肥猪肠道有害菌、生长性能和血液指标的影响	陈作栋	江西农业大学	硕士	2018	12	496	原版阅读      CNKI AI阅读
2734	黄连温胆汤对2型糖尿病合并脂质代谢紊乱患者LCAT、EL的影响	刘小转	安徽中医药大学	硕士	2018	4	237	原版阅读      CNKI AI阅读
2735	化瘀柔筋法对Wilson病肌张力障碍患者肌肉损伤临床研究	李彪	安徽中医药大学	硕士	2018	3	149	原版阅读      CNKI AI阅读
2736	国医大师徐经世先生临床治疗疾病规律性研究	季青青	安徽中医药大学	硕士	2018	4	185	原版阅读      CNKI AI阅读
2737	慢性萎缩性胃炎发病危险因素的Logistic回归分析及扶正清幽汤对其脾胃湿热型的疗效探索	江欢欢	安徽中医药大学	硕士	2018	7	172	原版阅读      CNKI AI阅读
2738	明清新安医家经方医案诊治特色研究	崔海镇	安徽中医药大学	硕士	2018	5	367	原版阅读      CNKI AI阅读
2739	基于10位新安医家医案的温病辨治特色与用药规律研究	章洁	安徽中医药大学	硕士	2018	4	460	原版阅读      CNKI AI阅读
2740	血透患者便秘的中医证候调查及大黄黄连颗粒的疗效观察	张上鹏	广州中医药大学	硕士	2018	2	250	原版阅读      CNKI AI阅读
2741	基于数学属性偏序原理探讨《伤寒杂病论》寒温并用法证治规律	张久雪	广州中医药大学	硕士	2018	4	235	原版阅读      CNKI AI阅读
2742	黄连解毒汤对MODS患者弥散性血管内凝血防治研究	吴俊林	广州中医药大学	硕士	2018	2	229	原版阅读      CNKI AI阅读
2743	栀子豉汤合酸枣仁汤治疗马来西亚阴虚火旺失眠的临床疗效观察	戴雪佳(Tay Sye Jia)	广州中医药大学	硕士	2018	2	232	原版阅读      CNKI AI阅读
2744	基于属性偏序结构理论的《仲景归真》知识发现	陈学禅（Tan Sekchang）	广州中医药大学	硕士	2018	3	140	原版阅读      CNKI AI阅读
2745	基于属性偏序原理探讨《伤寒杂病论》呕吐证治规律	梁嘉鸣	广州中医药大学	硕士	2017	9	203	原版阅读      CNKI AI阅读
2746	加味黄连温胆颗粒治疗癫痫（痰火扰神型）的临床疗效观察	冯勤勤	河南中医药大学	硕士	2018	2	135	原版阅读      CNKI AI阅读
2747	柴胡陷胸汤治疗肥胖2型糖尿病（肝胃郁热夹痰证）的临床观察	栗春芳	河南中医药大学	硕士	2018	6	191	原版阅读      CNKI AI阅读
2748	杨国红教授治疗胆汁反流性胃炎用药规律探讨	张越亚	河南中医药大学	硕士	2018	4	104	原版阅读      CNKI AI阅读
2749	王新志教授运用经方从五脏论治情志病经验总结	汪道静	河南中医药大学	硕士	2018	7	553	原版阅读      CNKI AI阅读
2750	“黄连降糖片”治疗2型糖尿病（痰热互结型）量效关系的临床研究	徐伶俐	河南中医药大学	硕士	2018	4	216	原版阅读      CNKI AI阅读
	中文题名	作者	学位授予单位	数据库	学位授予年度	被引	下载	操作
2751	黄连温胆汤治疗小儿胃食管反流性咳嗽（痰热内蕴，兼食积证）的临床疗效观察	李叶雨	成都中医药大学	硕士	2018	5	192	原版阅读      CNKI AI阅读
2752	川派名医黄济川“连栀矾溶液”保留灌肠预防痔病PPH术后吻合口增生狭窄的临床观察	向艳飞	成都中医药大学	硕士	2018	4	95	原版阅读      CNKI AI阅读
2753	糖尿病肾病古籍用药及黄芪复方组方规律探讨	王静	河南中医药大学	硕士	2018	16	768	原版阅读      CNKI AI阅读
2754	基于数据挖掘技术总结董湘玉教授治疗胃痛的经验	朱晓霞	贵阳中医学院	硕士	2017	3	189	原版阅读      CNKI AI阅读
2755	基于栅藻生物发光检测的不同炮制和复方中药药性的初步研究	张玉风	济南大学	硕士	2018	3	205	原版阅读      CNKI AI阅读
2756	黄连素通过SIRT1/ER stress通路保护糖尿病脑病的机制初探	李宏英	广州中医药大学	硕士	2018	8	355	原版阅读      CNKI AI阅读
2757	黄连素通过p38MAPK调节骨骼肌葡萄糖代谢的机制研究	邬春莹	广州中医药大学	硕士	2018	5	273	原版阅读      CNKI AI阅读
2758	醇式黄连碱的合成与抗炎、抗胃溃疡作用研究	陈汉斌	广州中医药大学	硕士	2018	13	428	原版阅读      CNKI AI阅读
2759	乌梅丸的证治规律演变和理论溯源初探	李骢豪（Lee Chung How）	广州中医药大学	硕士	2018	1	481	原版阅读      CNKI AI阅读
2760	黄连素对细胞因子诱导的胰岛β细胞炎症损伤的保护作用	耿锐娜	天津医科大学	硕士	2018	2	143	原版阅读      CNKI AI阅读
2761	黄连解毒汤与小檗碱在治疗2型糖尿病大鼠过程中对肾脏的影响及差异	申倩玉	天津医科大学	硕士	2018	2	227	原版阅读      CNKI AI阅读
2762	芪连温胆汤对H.pylori相关性胃炎（脾虚湿热证）小鼠胃黏膜NF-κb p65、I κB α水平的影响	郑育卿	成都中医药大学	硕士	2018	10	509	原版阅读      CNKI AI阅读
2763	芪连温胆汤对H.pylori相关性胃炎（脾虚湿热证）小鼠胃黏膜Cox-2、CagA蛋白水平的影响	王见文	成都中医药大学	硕士	2018	8	446	原版阅读      CNKI AI阅读
2764	《伤寒论》方剂对人食管癌TE-1、EC-1、EC109、EC9706细胞株生物学特性的影响	刘锋	河南中医药大学	硕士	2018	6	249	原版阅读      CNKI AI阅读
2765	小檗碱对晚期糖基化终末产物（AGEs）诱导的小鼠小胶质细胞活化的干预作用	万瑾舒	北京协和医学院	硕士	2018	3	343	原版阅读      CNKI AI阅读
2766	葛根芩连汤指纹图谱、药效学及谱效关系初步研究	王钰乐	贵阳中医学院	硕士	2017	3	1005	原版阅读      CNKI AI阅读
2767	Wilson病精神症状的临床特征及肝豆汤干预治疗的临床研究	詹宇婷	安徽中医药大学	硕士	2018	7	140	原版阅读      CNKI AI阅读
2768	地黄化感自毒物质时空分布及根区微生物群落结构研究	张宝	福建农林大学	硕士	2015	7	257	原版阅读      CNKI AI阅读
2769	天然环烯醚萜类的质谱裂解规律及应用研究	骆亚薇	河北科技大学	硕士	2015	7	663	原版阅读      CNKI AI阅读
2770	左金丸及其类方HPLC指纹图谱与其药效的相关性研究	王朝润	湖南中医药大学	硕士	2012		181	原版阅读      CNKI AI阅读
2771	中药烫伤制剂的制备研究	侯爽	长春中医药大学	硕士	2018		239	原版阅读      CNKI AI阅读
2772	“三黄连”合剂预防罗非鱼链球菌病的临床药效学研究及安全性评价	黄明	广西大学	硕士	2014	4	148	原版阅读      CNKI AI阅读
2773	基于中医传承辅助系统挖掘刘铁军教授治疗痞满组方规律的研究	李琳	长春中医药大学	硕士	2018	5	157	原版阅读      CNKI AI阅读
2774	黄连膏外用治疗肛痈（肛周脓肿）术后创面愈合的临床应用研究	司媛媛	长春中医药大学	硕士	2018	10	272	原版阅读      CNKI AI阅读
2775	肛门坠痛方保留灌肠治疗湿热下注型肛窦炎的临床研究	郝美玲	长春中医药大学	硕士	2018	8	128	原版阅读      CNKI AI阅读
2776	“四气五味”学说在《伤寒论》组方用药中的应用研究	盛鹤群	长春中医药大学	硕士	2018	9	771	原版阅读      CNKI AI阅读
2777	湘西地区非粮柴油植物调查与评价	张洁	吉首大学	硕士	2015	2	99	原版阅读      CNKI AI阅读
2778	儿黄新型缓控释双层栓的研究	姜继宗	黑龙江中医药大学	硕士	2014	1	169	原版阅读      CNKI AI阅读
2779	益气复脉颗粒的制备工艺及质量标准研究	王敏	北京中医药大学	硕士	2017	3	546	原版阅读      CNKI AI阅读
2780	地黄根部特异响应连作基因的鉴定	李鑫宇	河南农业大学	硕士	2015		107	原版阅读      CNKI AI阅读
2781	连作地黄根部磷酸化蛋白组差异分析	王翠英	河南农业大学	硕士	2016	3	157	原版阅读      CNKI AI阅读
2782	从LncRNA初探降糖调脂方干预肥胖T2DM合并血脂异常机制	王松	中国中医科学院	硕士	2015	5	169	原版阅读      CNKI AI阅读
2783	加味小柴胡颗粒的药学及药理学研究	吴欢欢	湖北中医药大学	硕士	2016	1	468	原版阅读      CNKI AI阅读
2784	复方白芍肠康颗粒制备工艺与质量标准研究	陈锋	湖北中医药大学	硕士	2016		379	原版阅读      CNKI AI阅读
2785	黄连总生物碱治疗溃疡性结肠炎及其结肠靶向制剂研究	胡元利	南方医科大学	硕士	2012	2	415	原版阅读      CNKI AI阅读
2786	从Leptin-AMPK调脂通路研究黄连吴茱萸配伍降血脂作用机制	林晶晶	成都中医药大学	硕士	2016	2	213	原版阅读      CNKI AI阅读
2787	差异蛋白质组研究延胡索活性单体的抗血小板聚集作用机制	谭程宁	重庆大学	硕士	2018	9	229	原版阅读      CNKI AI阅读
2788	辅助降血糖保健食品三黄桃葛胶囊的制备工艺及质量控制研究	段园园	广州中医药大学	硕士	2013	1	322	原版阅读      CNKI AI阅读
2789	影响地黄连作关键发育时期的基因表达与组织培养鉴定	杨录	河南农业大学	硕士	2017	2	206	原版阅读      CNKI AI阅读
2790	基于遗传多样性的金佛山方竹采样策略初探	陈云飞	贵州大学	硕士	2018	8	178	原版阅读      CNKI AI阅读
2791	天然保健植物饲料添加剂组方防治仔猪早期断奶应激的研究	赵鹏	贵州大学	硕士	2018	9	268	原版阅读      CNKI AI阅读
2792	中蜂蜂房哈夫尼菌病的诊断与中西药防治	邱吉宇	贵州大学	硕士	2018	2	121	原版阅读      CNKI AI阅读
2793	金乌贼幼体弧菌性坏死病的病原病理学及防治药物的筛选	安沛	上海海洋大学	硕士	2018	1	143	原版阅读      CNKI AI阅读
2794	长岛地区深水网箱养殖许氏平鲉主要疾病的流行病学调查与病原病理学研究	王凯	上海海洋大学	硕士	2018	12	360	原版阅读      CNKI AI阅读
2795	基于体外神经血管单元模型的益气解毒方抗脑损伤轩同作用研究	文丽梅	西南交通大学	硕士	2014	1	129	原版阅读      CNKI AI阅读
2796	四黄止痛喷雾剂的制备工艺及质量标准研究	李辉标	广州中医药大学	硕士	2016		439	原版阅读      CNKI AI阅读
2797	交泰丸有效部位自乳化释药体系的建立及抗抑郁作用研究	张菁楠	佳木斯大学	硕士	2018	2	156	原版阅读      CNKI AI阅读
2798	中药五味的量化表征及其物质基础研究	刘杨茜	中南民族大学	硕士	2018	18	1095	原版阅读      CNKI AI阅读
2799	盐酸小檗碱、阿莫西林、兰索拉唑、铋剂四联疗法根除幽门螺杆菌283例临床研究	梁丽娟	中国人民解放军空军军医大学	硕士	2018	2	272	原版阅读      CNKI AI阅读
2800	小檗碱与光叶花椒碱的集合式全合成及构效关系研究	江训金	厦门大学	硕士	2017	1	142	原版阅读      CNKI AI阅读
	中文题名	作者	学位授予单位	数据库	学位授予年度	被引	下载	操作
2801	鸡蛋清洗和保鲜技术的研究	谭香玉	山西农业大学	硕士	2015	5	356	原版阅读      CNKI AI阅读
2802	M.suis ENO1和MSG1蛋白分析及单味中药对其mRNA表达的影响	梁睿	山西农业大学	硕士	2018	2	45	原版阅读      CNKI AI阅读
2803	黄连抑制NLRP3炎症小体激活治疗肥胖相关性肾病的机制研究	任妍林	华中科技大学	硕士	2018	2	223	原版阅读      CNKI AI阅读
2804	基于血浆蛋白质组学研究黄连治疗2型糖尿病的多靶点作用机制	邱鑫	华中科技大学	硕士	2018	2	210	原版阅读      CNKI AI阅读
2805	南京市公园及广场秋色叶植物调查及其变色周期	王陀陀	南京农业大学	硕士	2017	4	408	原版阅读      CNKI AI阅读
2806	黄连素对高脂诱导下团头鲂生长性能、免疫性能及脂肪代谢的影响	陈青青	南京农业大学	硕士	2017	3	212	原版阅读      CNKI AI阅读
2807	于睿教授从心肾论治失眠的学术思想及经验研究	郭鹤	辽宁中医药大学	硕士	2018	6	245	原版阅读      CNKI AI阅读
2808	从痰火内扰论治室性早搏的临床研究	何蕾	辽宁中医药大学	硕士	2018	4	93	原版阅读      CNKI AI阅读
2809	基于数据挖掘的名老中医治疗腹泻型肠易激综合征的用药规律研究	王迪	辽宁中医药大学	硕士	2018	7	299	原版阅读      CNKI AI阅读
2810	基于文献分析的中医药治疗肛周脓肿的古今用药规律研究	麻学英	辽宁中医药大学	硕士	2018	3	282	原版阅读      CNKI AI阅读
2811	黄连素通过RXRα抑制人结肠癌生长机制的结构基础初探及相关药物的初步改造	田媛	厦门大学	硕士	2017	2	160	原版阅读      CNKI AI阅读
2812	黄连素预防大肠腺瘤内镜下摘除后复发的临床随机对照研究	刘丽丽	厦门大学	硕士	2018	3	145	原版阅读      CNKI AI阅读
2813	十九畏之肉桂与赤石脂同方配伍规律研究	黑峥峥	南京中医药大学	硕士	2017	3	367	原版阅读      CNKI AI阅读
2814	岩黄连总生物碱肝保护作用的代谢组学及其活性成分的体内代谢研究	吴方	广西医科大学	硕士	2018	9	524	原版阅读      CNKI AI阅读
2815	确定中药饮片阳光采购目录中商品规格的方法研究	穆星佳	辽宁中医药大学	硕士	2018		179	原版阅读      CNKI AI阅读
2816	黄连素抑制卵巢癌细胞增殖并促进凋亡的实验研究	刘念	上海交通大学	硕士	2017		98	原版阅读      CNKI AI阅读
2817	吸附胶束分散固相萃取—高效液相色谱法测定中药制剂和人体尿液中的生物碱	徐丹	河北大学	硕士	2017	3	243	原版阅读      CNKI AI阅读
2818	闽楠主要病害病原鉴定及其生物学特性测定和防治药剂筛选	金亚杰	福建农林大学	硕士	2017	10	398	原版阅读      CNKI AI阅读
2819	黄连HPPD对其抑制剂型除草剂DTP的抗性机制分析	卢振	河北大学	硕士	2017		211	原版阅读      CNKI AI阅读
2820	中兽药丹连花子宫灌注液的安全性评价	杨露苗	西北农林科技大学	硕士	2017	5	384	原版阅读      CNKI AI阅读
2821	中药对临床型奶牛乳房炎源大肠杆菌的体外抑制及耐药消除研究	赵秋云	西北农林科技大学	硕士	2017	25	701	原版阅读      CNKI AI阅读
2822	数据挖掘严光俊教授运用“治肠六法”治疗“慢性结肠炎”的临床经验	刘冲	湖北中医药大学	硕士	2017	15	401	原版阅读      CNKI AI阅读
2823	乌梅丸治疗寒热错杂型慢性腹泻的临床观察	谢志明	湖北中医药大学	硕士	2017	7	406	原版阅读      CNKI AI阅读
2824	庞安时温热病学术思想及证治规律研究	刘欣欣	湖北中医药大学	硕士	2017	4	437	原版阅读      CNKI AI阅读
2825	新癀片治疗火毒蕴结型早期肛周皮下脓肿的临床疗效观察	帅翰香	福建中医药大学	硕士	2017	1	116	原版阅读      CNKI AI阅读
2826	《伤寒杂病论》痞之证治规律探析	洪泽山	南京中医药大学	硕士	2017	1	291	原版阅读      CNKI AI阅读
2827	基于引文分析法的古代消渴相关方剂文献研究	于飞	首都医科大学	硕士	2017	17	989	原版阅读      CNKI AI阅读
2828	基于中医传承辅助系统治疗慢性糜烂性胃炎的用药规律分析	董环	河北医科大学	硕士	2017	5	431	原版阅读      CNKI AI阅读
2829	清营颗粒的制备工艺及质量标准研究	孙亚楠	湖北中医药大学	硕士	2017	2	760	原版阅读      CNKI AI阅读
2830	黄连、萸黄连标准饮片制备技术规范及其主要成分抗肿瘤活性研究	李蒙	湖北中医药大学	硕士	2017	7	839	原版阅读      CNKI AI阅读
2831	香连微乳剂的制备工艺与质量标准研究	林杰	湖北中医药大学	硕士	2017		511	原版阅读      CNKI AI阅读
2832	糖肝煎浓缩丸的制备工艺与质量标准研究	吴莹	湖北中医药大学	硕士	2017	1	552	原版阅读      CNKI AI阅读
2833	黄癸固体分散体的工艺优化及对1型糖尿病心肌损伤的保护作用研究	兰晓馨	吉林大学	硕士	2017	1	170	原版阅读      CNKI AI阅读
2834	黄癸固体分散体调节AMPK通路对糖尿病视网膜病变的保护作用研究	阎鑫	吉林大学	硕士	2017	9	282	原版阅读      CNKI AI阅读
2835	黄连解毒汤加减方对大鼠痔相近动物模型的影响及作用机制研究	张宏辉	西南医科大学	硕士	2017	4	363	原版阅读      CNKI AI阅读
2836	中药抗真菌的活性筛选及作用机制研究	吴晶	第二军医大学	硕士	2017	30	2122	原版阅读      CNKI AI阅读
2837	五倍子、儿茶、连翘、黄连和黄芩五味中药对艰难梭菌体外抗菌活性研究	赵峰	河北医科大学	硕士	2017	5	653	原版阅读      CNKI AI阅读
2838	中药材中外源性有害物质黄曲霉毒素、多环芳烃检测分析方法的系统研究及应用	赵胜萍	重庆医科大学	硕士	2017	4	474	原版阅读      CNKI AI阅读
2839	血糖变化与MODS的关系及黄连解毒汤对两者影响的初步探讨	胡路明	广州中医药大学	硕士	2017		92	原版阅读      CNKI AI阅读
2840	胡黄连苷Ⅱ对急性脓毒性肝损伤小鼠的保护及机制研究	房尚萍	第二军医大学	硕士	2017	11	400	原版阅读      CNKI AI阅读
2841	胡黄连苷Ⅱ抑制线粒体细胞色素C信号通路发挥神经保护作用	张红艳	青岛大学	硕士	2017	3	173	原版阅读      CNKI AI阅读
2842	黄连素联合维生素K2诱导肝癌Hep-G2细胞凋亡及其机制的研究	秦传蓉	湖北中医药大学	硕士	2017	1	206	原版阅读      CNKI AI阅读
2843	几种中草药的化感抑藻作用及其生态安全性研究	杜青波	大连海洋大学	硕士	2017	9	285	原版阅读      CNKI AI阅读
2844	四川盆地东缘构造几何学与运动学	赵东旭	中国地质大学(北京)	硕士	2017	12	1362	原版阅读      CNKI AI阅读
2845	新型三唑化合物的设计合成与抗微生物作用相关研究	段俊蓉	西南大学	硕士	2017		151	原版阅读      CNKI AI阅读
2846	复方胃滞安胶囊制剂研究	彭林丽	南昌大学	硕士	2017	1	209	原版阅读      CNKI AI阅读
2847	盐酸黄连素的合成研究	陈程	西南民族大学	硕士	2017	4	952	原版阅读      CNKI AI阅读
2848	复合天然抑菌剂对桑椹保鲜效果的影响	陈会娟	江苏科技大学	硕士	2017	6	498	原版阅读      CNKI AI阅读
2849	微波Fenton活性炭协同作用去除水体中盐酸黄连素的研究	白云阁	辽宁大学	硕士	2017	1	179	原版阅读      CNKI AI阅读
2850	怀地黄连作障碍的微生物学机制及益生菌剂的研发	康春晓	河南师范大学	硕士	2017	8	545	原版阅读      CNKI AI阅读
	中文题名	作者	学位授予单位	数据库	学位授予年度	被引	下载	操作
2851	转录组分析发现黄连异喹啉生物碱合成相关基因及SSR标记	丛琨	云南农业大学	硕士	2017	4	535	原版阅读      CNKI AI阅读
2852	野生白屈菜主要有效成分积累动态及影响因子研究	孟琦	吉林农业大学	硕士	2017	2	223	原版阅读      CNKI AI阅读
2853	复方中草药超微粉防治鸡致病性大肠杆菌病的研究	张召兴	河北科技师范学院	硕士	2017	82	883	原版阅读      CNKI AI阅读
2854	温病四大家眩晕医案的文献研究	李相平	广州中医药大学	硕士	2017	8	872	原版阅读      CNKI AI阅读
2855	清解伏毒法治疗溃疡性结肠炎组方特色及作用机理研究	缪旺冬	广州中医药大学	硕士	2017	5	199	原版阅读      CNKI AI阅读
2856	基于属性偏序原理探讨《伤寒杂病论》呕吐证治规律	梁嘉鸣（Leong Ka Meng）	广州中医药大学	硕士	2017	1	226	原版阅读      CNKI AI阅读
2857	加味丹栀逍遥散治疗缺血性中风病恢复期失眠的临床研究	李从刚	云南中医学院	硕士	2017	8	334	原版阅读      CNKI AI阅读
2858	加味黄连温胆龙牡汤治疗老年失眠（痰热扰心型）的临床观察	张倩莹	云南中医学院	硕士	2017	6	245	原版阅读      CNKI AI阅读
2859	基于数据挖掘研究史大卓教授治疗介入后冠心病遣方用药规律	张璇	中国中医科学院	硕士	2017	12	456	原版阅读      CNKI AI阅读
2860	魏军平教授糖尿病诊疗经验总结及益气活血方治疗糖尿病周围神经病变临床疗效观察	张曦文	中国中医科学院	硕士	2017	24	624	原版阅读      CNKI AI阅读
2861	仝小林教授治疗T2DM合并抑郁状态回顾性分析及“阳光散霾法”初探	顾成娟	中国中医科学院	硕士	2017	5	338	原版阅读      CNKI AI阅读
2862	依小肠分清泌浊功能探讨黄连解毒汤化裁干预血脂异常的临床研究	黄琦	辽宁中医药大学	硕士	2017	3	149	原版阅读      CNKI AI阅读
2863	加减黄连温胆汤治疗痰瘀互阻型稳定型心绞痛的临床研究	王英杰	辽宁中医药大学	硕士	2017	4	217	原版阅读      CNKI AI阅读
2864	78例溃疡性结肠炎病例辨证施治规律分析	李岩	辽宁中医药大学	硕士	2017		137	原版阅读      CNKI AI阅读
2865	复方四黄外洗液对MRSA的抑菌作用研究	陈晓坚	广州中医药大学	硕士	2017	11	283	原版阅读      CNKI AI阅读
2866	硫酸软骨素及黄连素诱导小鼠肠菌失调及多系统病变的机理研究	廖韬	广州中医药大学	硕士	2017	1	245	原版阅读      CNKI AI阅读
2867	中药排铜筛选方法的初步研究	杜漠	西北大学	硕士	2017	9	224	原版阅读      CNKI AI阅读
2868	黄连素靶向微管抑制表皮鳞癌A431细胞增殖的作用及机理研究	刘菲菲	云南农业大学	硕士	2017	2	131	原版阅读      CNKI AI阅读
2869	黄连素对肝纤维化的防治作用及其机制研究	欧意桃	广东药科大学	硕士	2017	5	430	原版阅读      CNKI AI阅读
2870	不同类型清热中药的抑菌作用特点比较及应用研究	徐硕超	广东药科大学	硕士	2017	23	950	原版阅读      CNKI AI阅读
2871	左金丸治疗胃热证作用机制及血清药物化学研究	周祥羽	广东药科大学	硕士	2017	13	578	原版阅读      CNKI AI阅读
2872	驯化栽培白屈菜质量评价	江健梅	吉林农业大学	硕士	2017	6	166	原版阅读      CNKI AI阅读
2873	黄连碱合成工艺优化及其抗氧化活性分析	胡慭然	西南大学	硕士	2017	5	293	原版阅读      CNKI AI阅读
2874	黄连碱的结肠癌预防作用及其机制研究	黄涛	西南大学	硕士	2017	13	393	原版阅读      CNKI AI阅读
2875	新型微萃取方法的建立及其在黄连生物碱类化合物分析中的应用	王瑾	山西医科大学	硕士	2017		189	原版阅读      CNKI AI阅读
2876	盐酸小檗碱的抑菌抗炎作用机理研究	刘彦辰	辽宁中医药大学	硕士	2017	36	1420	原版阅读      CNKI AI阅读
2877	幽门螺杆菌持留菌形成机制研究及陇马陆复方抗幽门螺杆菌筛选	赵曰超	兰州大学	硕士	2017	7	314	原版阅读      CNKI AI阅读
2878	岩黄连提取物对肺癌A549细胞裸鼠皮下移植瘤的生长及骨转移模型影响的研究	桑垚	桂林医学院	硕士	2017	5	449	原版阅读      CNKI AI阅读
2879	岩黄连提取物抑制A549细胞F-actin形成及其可能机制	杜寅俊	桂林医学院	硕士	2017	2	112	原版阅读      CNKI AI阅读
2880	GEMIN6调控NSCLC增殖、迁移及自噬相关机制的初步研究	相美亦	昆明医科大学	硕士	2017		96	原版阅读      CNKI AI阅读
2881	数据挖掘技术在白屈菜生物碱含量变化规律研究中的应用	盛玉琦	吉林农业大学	硕士	2017		98	原版阅读      CNKI AI阅读
2882	基于GPS监测技术的滑坡稳定性研究	刘君	西南交通大学	硕士	2017	12	474	原版阅读      CNKI AI阅读
2883	基于色谱—质谱联用的左金丸和香连丸的化学成分研究	冯国彬	佳木斯大学	硕士	2017	6	465	原版阅读      CNKI AI阅读
2884	黄连叶斑病病原学及防治技术研究	席中刚	华中农业大学	硕士	2017	12	339	原版阅读      CNKI AI阅读
2885	安胃汤治疗胆汁反流性胃炎寒热错杂证的临床研究	朱永钦	广西中医药大学	硕士	2017	2	174	原版阅读      CNKI AI阅读
2886	从湿论治慢性胃炎的系统评价	黄钲凯	广西中医药大学	硕士	2017	2	203	原版阅读      CNKI AI阅读
2887	止痛顺气汤治疗Hp相关性CNAG脾胃湿热证临床疗效观察	李燕辉	广西中医药大学	硕士	2017	5	157	原版阅读      CNKI AI阅读
2888	黄连温胆汤加味治疗非酒精性脂肪性肝炎（痰热夹瘀证）的临床研究	宁碧泉	广西中医药大学	硕士	2017	8	194	原版阅读      CNKI AI阅读
2889	温病祛毒法理论探究及方药数据挖掘	时潇	安徽中医药大学	硕士	2017	2	241	原版阅读      CNKI AI阅读
2890	健脾升降方在胃食管反流病肝胃郁热证中应用的临床疗效观察	郭静	安徽中医药大学	硕士	2017	1	133	原版阅读      CNKI AI阅读
2891	肝豆汤治疗Wilson病肾损害的效应中药筛选及其临床疗效的实验研究	赵静	安徽中医药大学	硕士	2017	3	177	原版阅读      CNKI AI阅读
2892	黄连温胆汤治疗腹型2型糖尿病伴胰岛素抵抗的临床观察	姬广慧	山东中医药大学	硕士	2017	10	348	原版阅读      CNKI AI阅读
2893	丁书文教授关于冠心病伴出汗证治研究	赵良伟	山东中医药大学	硕士	2017	2	264	原版阅读      CNKI AI阅读
2894	周次清教授治疗冠心病的用药规律研究	武文娇	山东中医药大学	硕士	2017	3	252	原版阅读      CNKI AI阅读
2895	崔德芝教授治疗老年2型糖尿病的用药规律探讨	宋琪新	山东中医药大学	硕士	2017	1	342	原版阅读      CNKI AI阅读
2896	基于中医传承辅助平台挖掘林慧娟教授治疗快速性心律失常辨证用药规律研究	阚阳阳	山东中医药大学	硕士	2017	1	421	原版阅读      CNKI AI阅读
2897	基于临床医案数据分析的痰饮内阻型消化性溃疡的辨治规律研究	刘从英	山东中医药大学	硕士	2017	2	163	原版阅读      CNKI AI阅读
2898	基于近15年中医期刊文献对功能性消化不良的辨证用药特色探讨	刘超	华北理工大学	硕士	2017	11	202	原版阅读      CNKI AI阅读
2899	《中医方剂大辞典》治疗消渴病用药经验研究	袁宇楠	华北理工大学	硕士	2017	8	308	原版阅读      CNKI AI阅读
2900	复方双金清胆胶囊的制备工艺与质量研究	赵瑜卿	安徽中医药大学	硕士	2017	1	160	原版阅读      CNKI AI阅读
	中文题名	作者	学位授予单位	数据库	学位授予年度	被引	下载	操作
2901	四味黄连洗剂制备工艺及质量标准研究	汪琛媛	安徽中医药大学	硕士	2017	3	668	原版阅读      CNKI AI阅读
2902	中医药抗病毒经典方药的数据挖掘与信息平台初步建设	班圆圆	山东中医药大学	硕士	2017	9	421	原版阅读      CNKI AI阅读
2903	黄连解毒汤通过改善肠道激素及肠道菌群延缓IGT大鼠2型糖尿病的发生机制	刘海逸	天津医科大学	硕士	2017	18	884	原版阅读      CNKI AI阅读
2904	江苏云台山植物区系及主要植物群落研究	孟艳	南京农业大学	硕士	2016	4	375	原版阅读      CNKI AI阅读
2905	云南黄连山自然保护区黏菌的物种多样性研究	宋天鹏	南京师范大学	硕士	2014		114	原版阅读      CNKI AI阅读
2906	金佛山方竹共生外生菌根真菌分离及培养	严璐	贵州大学	硕士	2017	8	578	原版阅读      CNKI AI阅读
2907	5种树木吸收重金属能力比较与土壤污染历史重建	伍振锴	南京林业大学	硕士	2017	12	525	原版阅读      CNKI AI阅读
2908	黄连花开花生物学和抗旱、抗盐碱研究	雷蕾	东北林业大学	硕士	2017	8	372	原版阅读      CNKI AI阅读
2909	黄连木组培快繁体系的建立及其抗胁迫能力的研究	刘慧	南京农业大学	硕士	2016	4	320	原版阅读      CNKI AI阅读
2910	基于关联分析对舒兰教授治疗儿童慢性抽动障碍的用药规律研究	李平	湖南中医药大学	硕士	2017	4	214	原版阅读      CNKI AI阅读
2911	丁书文教授治疗冠心病伴抑郁状态的经验总结	王雪冰	山东中医药大学	硕士	2017	7	205	原版阅读      CNKI AI阅读
2912	基于中医传承辅助平台系统挖掘治疗消化性溃疡的组方规律研究	杨克磊	山东中医药大学	硕士	2017	2	229	原版阅读      CNKI AI阅读
2913	加减柴胡陷胸汤治疗急性放射性食管炎的临床疗效观察	方瑞艳	山东中医药大学	硕士	2016	4	158	原版阅读      CNKI AI阅读
2914	交泰丸治疗失眠（基础与临床）系统评价与网络Meta分析	王群	山东中医药大学	硕士	2017	9	486	原版阅读      CNKI AI阅读
2915	基于数据挖掘技术的徐云生教授治疗2型糖尿病用药规律分析	黄程程	山东中医药大学	硕士	2017	5	330	原版阅读      CNKI AI阅读
2916	黄连清胃汤治疗湿热阻胃型胃溃疡的临床研究	步翠芬	青岛大学	硕士	2016		96	原版阅读      CNKI AI阅读
2917	从小肠泌别清浊理论探讨黄连解毒汤化裁对血脂异常的临床研究	柴婧予	辽宁中医药大学	硕士	2017		143	原版阅读      CNKI AI阅读
2918	加味黄连解毒汤治疗颈动脉斑块（痰瘀阻络型）的临床研究	李虹慧	长春中医药大学	硕士	2017	2	191	原版阅读      CNKI AI阅读
2919	基于关联规则的方剂数据挖掘系统构建及脾胃类清热类方剂的挖掘研究	张曦元	西北师范大学	硕士	2014	2	174	原版阅读      CNKI AI阅读
2920	金（山）银花超分子客体“印迹模板”特征及其代谢研究	陶叶琴	湖南中医药大学	硕士	2017	5	424	原版阅读      CNKI AI阅读
2921	双黄调脂方及其有效成分的降脂作用和相关机制研究	玄瑛美	辽宁师范大学	硕士	2017	4	243	原版阅读      CNKI AI阅读
2922	葛根岑连结肠定位片指纹图谱及药效学研究	张石宇	贵阳中医学院	硕士	2016	1	162	原版阅读      CNKI AI阅读
2923	抗菌中药、氯己定、抗生素介导金黄色葡萄球菌交叉耐药及其机制研究	吴东美	广西中医药大学	硕士	2017	1	410	原版阅读      CNKI AI阅读
2924	大黄药对配伍的泻下泻火作用及其药代动力学研究	庞婷	广西中医药大学	硕士	2017	6	663	原版阅读      CNKI AI阅读
2925	典型寒热中药四气药性理论的初步研究	张瑞光	黑龙江中医药大学	硕士	2014	8	571	原版阅读      CNKI AI阅读
2926	连芩解毒颗粒制备工艺及质量标准研究	吴萍	湖南中医药大学	硕士	2014	1	491	原版阅读      CNKI AI阅读
2927	基于UPLC/Q-TOF-MS代谢组学的九种西药寒热药性评价研究	孙雪	黑龙江中医药大学	硕士	2014	3	356	原版阅读      CNKI AI阅读
2928	基于系统模拟的黄连解毒汤抗脑缺血的整合PK-PD研究	王文哲	南京中医药大学	硕士	2014	1	200	原版阅读      CNKI AI阅读
2929	药用辅料对岩黄连生物碱肠道吸收影响的研究	史月姣	南京中医药大学	硕士	2013	4	247	原版阅读      CNKI AI阅读
2930	肠尔舒结肠溶胶囊的药学及初步药效学研究	汪明志	南京中医药大学	硕士	2013		149	原版阅读      CNKI AI阅读
2931	黄连解毒汤及组方药对在脑缺血大鼠体内的整合药动学比较研究	周静	南京中医药大学	硕士	2013	2	301	原版阅读      CNKI AI阅读
2932	“三热论”方治疗糖尿病血管并发症的有效部位及活性成分研究	朱鑫仙	南京中医药大学	硕士	2012		47	原版阅读      CNKI AI阅读
2933	肝脂清颗粒的制备及其质量标准研究	袁波	山东中医药大学	硕士	2016		257	原版阅读      CNKI AI阅读
2934	黄连素在2型糖尿病小鼠模型中抗炎及调节肠道菌群作用的研究	曹伟良	南华大学	硕士	2017	4	894	原版阅读      CNKI AI阅读
2935	斑马鱼氧化应激模型优化及药根碱抗LPS介导的氧化应激机制研究	韩玉龙	西南大学	硕士	2017	14	834	原版阅读      CNKI AI阅读
2936	坎格列净和黄连素协同增效减毒抗糖尿病作用与机制研究	田彩明	清华大学	硕士	2016	1	213	原版阅读      CNKI AI阅读
2937	黄连素通过GRP78膜转位诱导肿瘤细胞凋亡的机制研究	郎超	山西大学	硕士	2017	4	178	原版阅读      CNKI AI阅读
2938	黄连素联合顺铂对人肺癌A549细胞增殖、凋亡的影响及其机制探讨	孟芳	南华大学	硕士	2017	3	157	原版阅读      CNKI AI阅读
2939	新型中空纤维膜微萃取耦合技术在中药质量控制中的应用研究	孙新杰	齐鲁工业大学	硕士	2017	1	180	原版阅读      CNKI AI阅读
2940	凉茶饮料中多种植物毒素的检测研究	杜伟锋	华南理工大学	硕士	2017	4	536	原版阅读      CNKI AI阅读
2941	三种中药对植物病原真菌抑制作用研究	刘佳	西华大学	硕士	2013	6	389	原版阅读      CNKI AI阅读
2942	野生地黄连作下根际微生物区系变化及关键微生物筛选	黄伟民	福建农林大学	硕士	2014	3	278	原版阅读      CNKI AI阅读
2943	不同连作年限地黄生长生理特性及其根区土壤化感物质研究	聂铭	河南农业大学	硕士	2017	18	746	原版阅读      CNKI AI阅读
2944	《口齿类要》内服方药配伍运用特点研究	贾晓聪	黑龙江中医药大学	硕士	2016	4	151	原版阅读      CNKI AI阅读
2945	基于数据分析的乌梅丸应用规律研究	于洪波	山东中医药大学	硕士	2017	7	404	原版阅读      CNKI AI阅读
2946	黄连素联合针刺兴奋迷走神经对脑出血致多器官功能障碍综合征大鼠的作用研究	李进	山东中医药大学	硕士	2017	2	129	原版阅读      CNKI AI阅读
2947	KBN触变凝胶的处方优化、制备工艺及质量标准研究	林丽	广州中医药大学	硕士	2014	5	285	原版阅读      CNKI AI阅读
2948	“连术消渴方”改善2型糖尿病（痰热互结型）胰岛素抵抗的临床研究	王琰	河南中医药大学	硕士	2017	4	167	原版阅读      CNKI AI阅读
2949	基于数据挖掘技术的毛德西教授治疗便秘学术思想研究	郭蕊蕊	河南中医药大学	硕士	2017	7	253	原版阅读      CNKI AI阅读
2950	生肌双黄散的质量控制及对感染性创面的临床应用	王睿	青岛大学	硕士	2017	5	309	原版阅读      CNKI AI阅读
	中文题名	作者	学位授予单位	数据库	学位授予年度	被引	下载	操作
2951	口疡清微丸制备工艺及质量标准研究	黄育生	广州中医药大学	硕士	2014		310	原版阅读      CNKI AI阅读
2952	基于辛开苦降甘调理论探究甘草泻心汤的应用规律	张林林	河南中医药大学	硕士	2017	1	515	原版阅读      CNKI AI阅读
2953	复方四黄外洗液提取工艺优化和质量标准研究	袁一鸣	广州中医药大学	硕士	2017	3	516	原版阅读      CNKI AI阅读
2954	黄连素对大鼠肝CYP3A4酶代谢的影响	马冉	郑州大学	硕士	2017	1	352	原版阅读      CNKI AI阅读
2955	黄连降糖片治疗2型糖尿病模型大鼠的量效关系研究	陈倩倩	河南中医药大学	硕士	2017	2	146	原版阅读      CNKI AI阅读
2956	乙肝益气解郁颗粒的质量标准研究	林帅军	河南中医药大学	硕士	2017	1	209	原版阅读      CNKI AI阅读
2957	sIL-6R/Stat3在银屑病发病中的作用与抗炎治疗探索	徐慧	南京大学	硕士	2016		167	原版阅读      CNKI AI阅读
2958	TiO2-PbO2/RuO2-Ti电极制备及光电催化降解黄连素研究	王丽艳	沈阳建筑大学	硕士	2015	1	159	原版阅读      CNKI AI阅读
2959	乡村社区公共空间重构研究——顺德勒流街道黄连社区为例	李嘉妍	华南理工大学	硕士	2017	29	956	原版阅读      CNKI AI阅读
2960	黄连解毒汤加减对抑制湿热下注型肠覃术后复发的临床研究	杨婷	湖南中医药大学	硕士	2017	9	304	原版阅读      CNKI AI阅读
2961	AMPKα介导黄连素抗心肌细胞缺氧/复氧损伤的研究	吴泽龙	南昌大学	硕士	2018	5	191	原版阅读      CNKI AI阅读
2962	基于数据挖掘对溃疡性结肠炎中医证候要素分布及用药规律研究	裴银奇	甘肃中医药大学	硕士	2017	9	347	原版阅读      CNKI AI阅读
2963	中药治疗代谢综合征的药物筛选及分子作用机制研究	刘艳飞	北京中医药大学	硕士	2018	17	1082	原版阅读      CNKI AI阅读
2964	唐旭东教授论治CAG经验挖掘及胃黏膜萎缩背景下H.pylori与TLR4/CDX2相关性研究	许琳	北京中医药大学	硕士	2018	4	407	原版阅读      CNKI AI阅读
2965	姚乃礼教授辨治脾虚证的诊疗思路及临床经验	周文慧	北京中医药大学	硕士	2018	5	282	原版阅读      CNKI AI阅读
2966	基于数据挖掘的唐启盛教授治疗精神分裂症的用药经验研究	焦福智	北京中医药大学	硕士	2018	8	671	原版阅读      CNKI AI阅读
2967	基于数据挖掘的唐启盛教授治疗失眠的用药经验研究	段硕	北京中医药大学	硕士	2018	9	791	原版阅读      CNKI AI阅读
2968	数据挖掘定量与定性相结合对李平教授冠心病诊疗规律的研究	林恬恬	北京中医药大学	硕士	2018	9	449	原版阅读      CNKI AI阅读
2969	基于数据挖掘探讨鲁卫星教授中医治疗冠心病的经验及用药规律	姜洁	北京中医药大学	硕士	2018	1	367	原版阅读      CNKI AI阅读
2970	基于数据挖掘技术探究杨晋翔教授治疗反流性食管炎的用药规律	王瑞瑞	北京中医药大学	硕士	2018	2	445	原版阅读      CNKI AI阅读
2971	基于数据挖技术对李平教授治疗心律失常的临证用药经验研究	王婷婷	北京中医药大学	硕士	2018	4	334	原版阅读      CNKI AI阅读
2972	刘喜明教授治疗多囊卵巢综合征（痰湿阻滞证）的理论及应用研究	徐一丹	北京中医药大学	硕士	2018	11	383	原版阅读      CNKI AI阅读
2973	史利卿教授治疗慢性咳嗽经验总结及数据挖掘研究	宋欢	北京中医药大学	硕士	2018	32	841	原版阅读      CNKI AI阅读
2974	中医药改善2型糖尿病胰岛功能的临床病例回顾性研究	刘彦汶	北京中医药大学	硕士	2018	7	623	原版阅读      CNKI AI阅读
2975	30例中重度痛性糖尿病周围神经病变的回顾性分析及“糖络同治”思想浅析	杨帆	北京中医药大学	硕士	2018	11	414	原版阅读      CNKI AI阅读
2976	基于数据挖掘的中医治疗湿疹处方用药规律研究	杨艳平	北京中医药大学	硕士	2018	26	1966	原版阅读      CNKI AI阅读
2977	张仲景运用干姜的规律研究	金岚	北京中医药大学	硕士	2018	24	1389	原版阅读      CNKI AI阅读
2978	内伤发热的古代文献研究与学术源流探讨	李景	北京中医药大学	硕士	2018	16	1440	原版阅读      CNKI AI阅读
2979	基于中医传承辅助平台系统分析赵红教授治疗多囊卵巢综合征用药组方规律研究	明世纪	北京中医药大学	硕士	2018	3	528	原版阅读      CNKI AI阅读
2980	基于数据挖掘技术的黄连阿胶汤方证研究	刘雪瑞	北京中医药大学	硕士	2018	5	822	原版阅读      CNKI AI阅读
2981	吴茱萸临床量效关系及运用特点研究	裴相俊	北京中医药大学	硕士	2018	12	927	原版阅读      CNKI AI阅读
2982	基于代谢组学与生物信息学技术探索中药寒热属性分类的分子机制	韩森	北京中医药大学	硕士	2018	19	1827	原版阅读      CNKI AI阅读
2983	中蒙医药朱砂应用的配伍规律研究	张少乾	北京中医药大学	硕士	2018	5	580	原版阅读      CNKI AI阅读
2984	加味葛根黄芩黄连汤治疗Ⅱ度放射性肠炎的临床疗效观察	高昂	南京中医药大学	硕士	2018	6	301	原版阅读      CNKI AI阅读
2985	化痰安眠饮治疗痰热内扰型失眠症的疗效观察	苏燕玲	福建中医药大学	硕士	2018	3	299	原版阅读      CNKI AI阅读
2986	黄连素对小鼠异位内膜黏附种植的抑制作用及机制研究	陈惠娴	南京中医药大学	硕士	2018	1	141	原版阅读      CNKI AI阅读
2987	黄连素增强氟康唑对耐药白色念珠菌的作用机制研究及其生物信息学分析	武思彤	宁夏医科大学	硕士	2018	3	367	原版阅读      CNKI AI阅读
2988	黄连枳实薤白桂枝汤对痰阻心脉证冠心病心绞痛患者Hey、SOD、hs-CRP的影响	马旬旬	南京中医药大学	硕士	2018	18	245	原版阅读      CNKI AI阅读
2989	黄连素通过MAPK信号通路抑制糖尿病大鼠主动脉钙化	曾存良	西南医科大学	硕士	2018	5	337	原版阅读      CNKI AI阅读
2990	聚乙烯醇/海藻酸钠纳米敷料的制备及其性能研究	龙碧璇	天津工业大学	硕士	2018	12	1077	原版阅读      CNKI AI阅读
2991	黄连对朱砂肾毒性配伍减毒的物质基础及机制研究	周颖	锦州医科大学	硕士	2018	4	361	原版阅读      CNKI AI阅读
2992	黄连素通过MAPK信号通路抑制AGEs诱导的人主动脉血管平滑肌细胞钙化	张鑫鹏	西南医科大学	硕士	2018	3	396	原版阅读      CNKI AI阅读
2993	高盐、难降解工业废水光—电工艺研究	刘荣	天津工业大学	硕士	2018	3	277	原版阅读      CNKI AI阅读
2994	自制复方黄连软膏治疗混合痔术后常见并发症的临床研究	陈超凡	云南中医学院	硕士	2018	2	173	原版阅读      CNKI AI阅读
2995	基于“五脏柔弱”探讨五味消渴方治疗2型糖尿病气阴两虚证的临床观察	单亮亮	广西中医药大学	硕士	2018	5	230	原版阅读      CNKI AI阅读
2996	仲景医嘱的临床价值研究	陈梦云	南京中医药大学	硕士	2018	5	302	原版阅读      CNKI AI阅读
2997	基于数据挖掘研究周春祥教授治疗胃肠道肿瘤用药规律	周西彬	南京中医药大学	硕士	2018	12	313	原版阅读      CNKI AI阅读
2998	基于数据挖掘的李七一教授辨治失眠的药法规律及疗效评价分析	黄春辉	南京中医药大学	硕士	2018	1	282	原版阅读      CNKI AI阅读
2999	基于数据挖掘的周仲瑛教授辨治慢性胃炎研究	蒋真真	南京中医药大学	硕士	2018	6	344	原版阅读      CNKI AI阅读
3000	基于数据挖掘方法探讨李七一教授治疗汗证经验及学术思想	温沐秋	南京中医药大学	硕士	2018	4	370	原版阅读      CNKI AI阅读
	中文题名	作者	学位授予单位	数据库	学位授予年度	被引	下载	操作
3001	中药联合黄连素治疗多囊卵巢综合征胰岛素抵抗的临床观察	周烨	南京中医药大学	硕士	2018	1	277	原版阅读      CNKI AI阅读
3002	古代医籍泄泻医案的发掘整理研究	杨益萍	浙江中医药大学	硕士	2018	7	542	原版阅读      CNKI AI阅读
3003	清热凉血法治疗热毒蕴结型毛囊炎临床疗效观察	罗仙鹤	湖北中医药大学	硕士	2018	3	392	原版阅读      CNKI AI阅读
3004	基于中医文献分析中药敷脐治疗小儿轮状病毒肠炎的临床疗效研究	薛今俊	浙江中医药大学	硕士	2018	7	316	原版阅读      CNKI AI阅读
3005	基于大黄黄连泻心汤逆转GES-1细胞损伤探讨其煎服方法	包雨晴	南京中医药大学	硕士	2018	7	399	原版阅读      CNKI AI阅读
3006	《伤寒杂病论》中黄连的应用规律研究	施岚尔	南京中医药大学	硕士	2018	23	1208	原版阅读      CNKI AI阅读
3007	近25年治疗老年痴呆方剂的配伍规律研究	欧娟	南京中医药大学	硕士	2018	23	1236	原版阅读      CNKI AI阅读
3008	中药黄连有效成分—小檗碱对高脂喂养ApoE -/-小鼠主动脉粥样硬化的影响	玄欣彤	南京中医药大学	硕士	2018	9	421	原版阅读      CNKI AI阅读
3009	清中化湿诸方的证机辨析及临床应用	陆丁鹏	南京中医药大学	硕士	2018		232	原版阅读      CNKI AI阅读
3010	加味小柴胡颗粒主要有效成分的药代动力学研究	杨梦玲	湖北中医药大学	硕士	2018	3	778	原版阅读      CNKI AI阅读
3011	加味小柴胡汤有效物质部位血清药化学及有效成分抗幽门螺杆菌研究	陈雪剑	湖北中医药大学	硕士	2018	6	846	原版阅读      CNKI AI阅读
3012	黄连降脂合剂对H型高血压患者动脉粥样硬化的影响	彭国庆	湖北中医药大学	硕士	2018	5	236	原版阅读      CNKI AI阅读
3013	加味半夏泻心汤联合四联疗法治疗Hp相关性慢性胃炎脾胃湿热型的临床观察	孙敏	湖北中医药大学	硕士	2018	14	476	原版阅读      CNKI AI阅读
3014	黄连素联合甲磺酸阿帕替尼诱导肝癌Hep-G2细胞凋亡及其机制的研究	王敏	湖北中医药大学	硕士	2018	3	339	原版阅读      CNKI AI阅读
3015	基于环糊精竞争性包合作用的金刚烷胺检测方法的研究	许岩	中国农业科学院	硕士	2018	3	372	原版阅读      CNKI AI阅读
3016	基于黄连种子后熟生理特性的种子保存技术的初步研究	罗婷婷	成都中医药大学	硕士	2017	5	234	原版阅读      CNKI AI阅读
3017	中药对猪源大肠杆菌耐药性消除作用的研究	彭苗苗	湖南农业大学	硕士	2017	19	487	原版阅读      CNKI AI阅读
3018	礞石苦参黄连汤灌肠治疗痰火扰心型室性早搏的临床观察	夏正	黑龙江省中医药科学院	硕士	2018	7	122	原版阅读      CNKI AI阅读
3019	半夏、甘草泻心汤治疗寒热错杂型复发性口腔溃疡的运用规律探讨	谢莉莉	成都中医药大学	硕士	2017	6	491	原版阅读      CNKI AI阅读
3020	胡天成教授治疗小儿脾胃病的用药规律研究	张玉	成都中医药大学	硕士	2017	4	293	原版阅读      CNKI AI阅读
3021	成都部分地区小儿泄泻中医证型分布及用药规律初步研究	周莉丽	成都中医药大学	硕士	2017	3	142	原版阅读      CNKI AI阅读
3022	黄连解毒汤加减局部上药在低位肛周脓肿术后创面愈合的临床疗效观察	吴极	成都中医药大学	硕士	2017	8	171	原版阅读      CNKI AI阅读
3023	“左金丸类方—甘露散”对胃热肝寒型非酒精性脂肪肝的干预作用	李艳歌	成都中医药大学	硕士	2017	4	262	原版阅读      CNKI AI阅读
3024	通因通用法治疗急性放射性直肠炎的临床研究	蓝兰	成都中医药大学	硕士	2017	8	252	原版阅读      CNKI AI阅读
3025	香连丸有效部位的提取、配比及药效学研究	张文新	南方医科大学	硕士	2011	2	201	原版阅读      CNKI AI阅读
3026	黄癸固体分散体调控iPLA2β/CL/Opa1抗胰岛β细胞凋亡机制研究	李俊男	吉林大学	硕士	2018	1	142	原版阅读      CNKI AI阅读
3027	自拟芪连温胆汤对H.pylori相关性胃炎（脾虚湿热证）小鼠胃黏膜Hsp60、血清IL-8水平影响的实验研究	方锐洁	成都中医药大学	硕士	2017	2	236	原版阅读      CNKI AI阅读
3028	基于降糖活性的黄连体内配伍规律初步研究	杨智睿	成都中医药大学	硕士	2017	8	232	原版阅读      CNKI AI阅读
3029	固本除幽汤联合西药四联疗法抗幽门螺旋杆菌的临床研究	李娜	成都中医药大学	硕士	2017	7	217	原版阅读      CNKI AI阅读
3030	小檗碱对人卵巢癌细胞IDO、AhR mRNA表达及IDO活性影响的研究	赵云平	成都中医药大学	硕士	2017	2	112	原版阅读      CNKI AI阅读
3031	胡黄连苷Ⅱ对脑缺血再灌注后线粒体膜通透性的影响和意义	李珊	青岛大学	硕士	2018	3	216	原版阅读      CNKI AI阅读
3032	治疗糖尿病药对网络说明及相关药对分析	张玉	广州中医药大学	硕士	2016	1	415	原版阅读      CNKI AI阅读
3033	黄连与环丙沙星联用对鸡源性沙门菌生物被膜的影响	李敏敏	东北农业大学	硕士	2016	11	513	原版阅读      CNKI AI阅读
3034	结核菌中药抗菌增效剂的筛选及黄连总生物碱对PhoPR双组份系统基因转录水平的影响	姜园园	吉林农业大学	硕士	2016	3	250	原版阅读      CNKI AI阅读
3035	碳纳米管及其复合材料修饰电极在中药分析中的应用	王文静	郑州大学	硕士	2016	3	359	原版阅读      CNKI AI阅读
3036	离子液体对几种天然活性物质的萃取分离	黄好	广西大学	硕士	2016	3	411	原版阅读      CNKI AI阅读
3037	新型唑类化合物的设计合成及其相关抗微生物活性研究	文思奇	西南大学	硕士	2016	1	153	原版阅读      CNKI AI阅读
3038	黄连根茎浸提物对绿藻和水溞的毒害作用	陈亚楠	西南大学	硕士	2016	3	206	原版阅读      CNKI AI阅读
3039	黄连解剖和屏障结构及黄连素沉积的组织器官研究	胡露洁	长江大学	硕士	2016	2	309	原版阅读      CNKI AI阅读
3040	黄连成分的分离鉴定及木材防腐性能研究	李斌辉	内蒙古农业大学	硕士	2016	14	441	原版阅读      CNKI AI阅读
3041	牛支原体病的中西药治疗初步研究	马烨	宁夏大学	硕士	2016	9	267	原版阅读      CNKI AI阅读
3042	抑杀杂交鳢源舒伯特气单胞菌的中草药筛选与应用	周梦	西南大学	硕士	2016	9	364	原版阅读      CNKI AI阅读
3043	黄连须及其主要生物碱对非特异性免疫及鲤鱼抗病力的影响	周霞	西南大学	硕士	2016	20	426	原版阅读      CNKI AI阅读
3044	鲫血髓过氧化物酶表达与吡喹酮血药浓度的关联性及中草药对其影响的研究	刘腾飞	上海海洋大学	硕士	2016		117	原版阅读      CNKI AI阅读
3045	胡兰贵教授治疗慢性胃炎临证经验	侯旭东	山西省中医药研究院	硕士	2016	9	389	原版阅读      CNKI AI阅读
3046	肝脾通调治疗腹泻型肠易激综合征用药规律分析	戴雯雯	辽宁中医药大学	硕士	2016		118	原版阅读      CNKI AI阅读
3047	108例肠易激综合征（腹泻型）病例回顾性分析	阚月	辽宁中医药大学	硕士	2016	5	283	原版阅读      CNKI AI阅读
3048	基于数据挖掘对王垂杰教授治疗慢性胃病用药规律研究	包瀚礼	辽宁中医药大学	硕士	2016	4	251	原版阅读      CNKI AI阅读
3049	交通心肾法治疗消渴并淋证	高铭阳	辽宁中医药大学	硕士	2016	8	214	原版阅读      CNKI AI阅读
3050	冠心病合并高血压中医治则治法研究	王姿谕	辽宁中医药大学	硕士	2016	5	396	原版阅读      CNKI AI阅读
	中文题名	作者	学位授予单位	数据库	学位授予年度	被引	下载	操作
3051	冠心病合并糖尿病中医治则治法研究	张颖	辽宁中医药大学	硕士	2016	5	443	原版阅读      CNKI AI阅读
3052	温病四大家治疗温热病斑疹临证经验及用药规律研究	邓欣祺	广州中医药大学	硕士	2016	9	1045	原版阅读      CNKI AI阅读
3053	国医大师诊治心律失常文献整理与研究	谭志洪	广州中医药大学	硕士	2016	23	987	原版阅读      CNKI AI阅读
3054	李学麟教授治疗脾胃病处方用药规律研究及学术经验探讨	蔡盛捷	福建中医药大学	硕士	2016	4	225	原版阅读      CNKI AI阅读
3055	黄连温胆汤加味治疗痰热上蒙型偏头痛的临床疗效观察	高珍珍	福建中医药大学	硕士	2016	2	149	原版阅读      CNKI AI阅读
3056	慢性肾脏病湿热证临床调查及余仁欢教授辨治湿热证的经验	梁昌昌	中国中医科学院	硕士	2016	7	390	原版阅读      CNKI AI阅读
3057	芩连平胃散加减治疗燥痹临床观察及理论初探	郜亚茹	中国中医科学院	硕士	2016	3	198	原版阅读      CNKI AI阅读
3058	21例临床蛋白尿期糖尿病肾脏病的回顾性分析及仝小林教授“态靶因果”思想浅析	陈弘东	中国中医科学院	硕士	2016	17	825	原版阅读      CNKI AI阅读
3059	中药治疗糖尿病性黄斑水肿临床用药特征探索研究	胡元春	中国中医科学院	硕士	2016	10	394	原版阅读      CNKI AI阅读
3060	基于文献的冠心病热证和痰、瘀证相关关系研究	屈伸	中国中医科学院	硕士	2016	8	337	原版阅读      CNKI AI阅读
3061	李赛美教授中药治疗2型糖尿病的经验探讨	陈燕珊	广州中医药大学	硕士	2016	7	480	原版阅读      CNKI AI阅读
3062	针刺联合加味黄连温胆汤治疗脑梗死后痰热内扰型失眠的临床研究	宋晶晶	南京中医药大学	硕士	2016	12	399	原版阅读      CNKI AI阅读
3063	桑叶防治糖尿病的效应成分群及其作用机制研究	季涛	南京中医药大学	硕士	2016	22	2162	原版阅读      CNKI AI阅读
3064	江苏当代名老中医脾胃病辨治与用药规律研究	王涞	南京中医药大学	硕士	2016		483	原版阅读      CNKI AI阅读
3065	锦连合剂对老年2型糖尿病炎症因子的临床研究	林玉姣	南京中医药大学	硕士	2016	2	79	原版阅读      CNKI AI阅读
3066	《伤寒杂病论》下利证治规律探析	刘定承	南京中医药大学	硕士	2016	2	428	原版阅读      CNKI AI阅读
3067	张仲景治疗呕吐规律探讨	刘琪	南京中医药大学	硕士	2016	5	534	原版阅读      CNKI AI阅读
3068	磁性粒子的功能化及分离黄连、丹参中有效成分的研究	陈也君	湖南师范大学	硕士	2016	3	183	原版阅读      CNKI AI阅读
3069	基于计算机药物虚拟筛选技术的加味痛泻要方组方优化研究	胥靖钧	广州中医药大学	硕士	2016	2	310	原版阅读      CNKI AI阅读
3070	蛇伤胶囊质量标准提升的研究	王炜辰	福建中医药大学	硕士	2016	2	368	原版阅读      CNKI AI阅读
3071	九种清热解毒类中草药抑菌、抗HCV活性研究	段燕玲	昆明理工大学	硕士	2016	21	1010	原版阅读      CNKI AI阅读
3072	基于药代动力学研究黄连丸治疗2型糖尿病的配伍	贺梦云	湖南师范大学	硕士	2016	3	424	原版阅读      CNKI AI阅读
3073	代谢综合征方的提取工艺与初步质量标准研究	朱宝琛	中国中医科学院	硕士	2016	1	149	原版阅读      CNKI AI阅读
3074	扶正消症片的制剂工艺和质量标准研究	谢小珂	中国中医科学院	硕士	2016	9	850	原版阅读      CNKI AI阅读
3075	《本草纲目》中“修治”术语的探讨	郑文杰	中国中医科学院	硕士	2016	6	1031	原版阅读      CNKI AI阅读
3076	黄连素通过PXR信号通路调控CYP3A和P-gp的机制研究	常伟宇	南方医科大学	硕士	2016	11	614	原版阅读      CNKI AI阅读
3077	广藿香和黄连主要活性成分抗炎症性肠病的作用和机制探讨	余秀婷	广州中医药大学	硕士	2016	25	687	原版阅读      CNKI AI阅读
3078	黄连素通过抑制细胞凋亡和自噬减轻大鼠肝缺血再灌注损伤的研究	刘谦	扬州大学	硕士	2016	4	217	原版阅读      CNKI AI阅读
3079	治疗心悸方剂的配伍规律研究	凌发样	南京中医药大学	硕士	2016	5	640	原版阅读      CNKI AI阅读
3080	治疗胃肠道恶性肿瘤方剂中化痰类药物的配伍应用探讨	张敏	南京中医药大学	硕士	2016	6	427	原版阅读      CNKI AI阅读
3081	黄连生物碱对HepG2细胞和金黄地鼠的协同降胆固醇活性及机制研究	寇淑鸣	西南大学	硕士	2016	3	401	原版阅读      CNKI AI阅读
3082	斑马鱼高血脂模型的建立及小檗胺降血脂机制研究	韩冰	西南大学	硕士	2016	21	1754	原版阅读      CNKI AI阅读
3083	盐酸小檗碱对草鱼补体C3作用机理及药代动力学研究	彭耀宗	西南大学	硕士	2016	2	331	原版阅读      CNKI AI阅读
3084	黄连碱介导LPS/TLR-4通路降低饮食诱导肥胖型金黄地鼠体重的研究	邹宗尧	西南大学	硕士	2016	18	607	原版阅读      CNKI AI阅读
3085	三黄泻心汤及其制剂的质量研究	申川川	承德医学院	硕士	2016		508	原版阅读      CNKI AI阅读
3086	重庆道地药材黄连的炮制关键工艺及质量标准研究	陈凯	重庆医科大学	硕士	2016	3	608	原版阅读      CNKI AI阅读
3087	甲状腺功能异常与MODS发病关系及黄连解毒汤治疗效果评估	杨晶	广州中医药大学	硕士	2016		55	原版阅读      CNKI AI阅读
3088	抑菌性药品微生物限度检查	赵良子	大连工业大学	硕士	2016	8	1270	原版阅读      CNKI AI阅读
3089	清代云南医药研究	孙晓莉	云南大学	硕士	2016	12	581	原版阅读      CNKI AI阅读
3090	峨眉山市珍稀濒危植物优先保护研究	康诗瑶	成都理工大学	硕士	2016	14	733	原版阅读      CNKI AI阅读
3091	化学计量学在二十种中成药的红外指纹图谱中的应用研究	凌芝	河北师范大学	硕士	2013	3	198	原版阅读      CNKI AI阅读
3092	中草药提取物对烟草赤星病防治技术研究	袁圆	贵州大学	硕士	2016	9	311	原版阅读      CNKI AI阅读
3093	奶牛SARA相关内环境参数变化及黄连素对瘤胃上皮细胞炎症的影响	于子阳	吉林大学	硕士	2016	6	221	原版阅读      CNKI AI阅读
3094	中医药治疗银屑病湿热证研究暨湿疹样银屑病临床观察	董亦秋	北京中医药大学	硕士	2012	2	305	原版阅读      CNKI AI阅读
3095	幽门螺杆菌相关性慢性胃炎的中医证型分布规律及扶正清幽汤对其脾胃湿热型的临床疗效研究	唐丹丹	安徽中医药大学	硕士	2016	24	494	原版阅读      CNKI AI阅读
3096	叶天士医案温病湿热证用药规律的数据挖掘研究	马占山	安徽中医药大学	硕士	2016	12	656	原版阅读      CNKI AI阅读
3097	新安医家内科疫病学术思想及临床经验研究	赵凯	安徽中医药大学	硕士	2016	11	960	原版阅读      CNKI AI阅读
3098	徐经世学术思想和临床经验总结	张莉	安徽中医药大学	硕士	2016	13	406	原版阅读      CNKI AI阅读
3099	复方枣仁安神胶囊治疗心肝血虚型失眠的临床研究	赵维民	安徽中医药大学	硕士	2016	8	317	原版阅读      CNKI AI阅读
3100	基于数据挖掘的不寐方药证治规律研究	覃文	湖南中医药大学	硕士	2016	7	411	原版阅读      CNKI AI阅读
	中文题名	作者	学位授予单位	数据库	学位授予年度	被引	下载	操作
3101	基于数据挖掘技术的痤疮近代用药文献研究	林轩曲	南京中医药大学	硕士	2015	9	553	原版阅读      CNKI AI阅读
3102	牙齿与五脏六腑相关的理论及应用研究	韩长兵	辽宁中医药大学	硕士	2016	9	562	原版阅读      CNKI AI阅读
3103	黄连阿胶汤加减配合经络氧疗法治疗阴虚火旺型不寐的临床疗效观察	张媛	山西中医学院	硕士	2016	5	289	原版阅读      CNKI AI阅读
3104	林慧娟教授治疗高血压经验整理与挖掘	贾丽丽	山东中医药大学	硕士	2016		228	原版阅读      CNKI AI阅读
3105	基于改进Apriori算法的名老中医治疗高血压病验案挖掘研究	侯建辉	山东中医药大学	硕士	2016	5	272	原版阅读      CNKI AI阅读
3106	丁书文教授治疗室性早搏的用药规律研究	孟双凤	山东中医药大学	硕士	2016	8	238	原版阅读      CNKI AI阅读
3107	复方黄连膏治疗银屑病血热证临床疗效观察及机理初探	王珊珊	山东中医药大学	硕士	2016	6	281	原版阅读      CNKI AI阅读
3108	基于HIS真实世界研究方法及其对冠心病房颤患者用药规律的研究	李晓春	山东中医药大学	硕士	2016	4	865	原版阅读      CNKI AI阅读
3109	基于数据挖掘对丁书文教授治疗房性早搏症候群中隐含信息的研究	刘翠	山东中医药大学	硕士	2016	2	231	原版阅读      CNKI AI阅读
3110	黄连温胆汤治疗室性早搏痰火扰心证的临床研究	李莉	山东中医药大学	硕士	2016	10	247	原版阅读      CNKI AI阅读
3111	名老中医医案数据预处理及挖掘方法探讨	徐亮	山东中医药大学	硕士	2016	10	687	原版阅读      CNKI AI阅读
3112	王文正教授学术思想和临床经验研究	马腾	山东中医药大学	硕士	2016	1	183	原版阅读      CNKI AI阅读
3113	迟莉丽教授辨治脾胃病学术思想和临床经验研究	王璐	山东中医药大学	硕士	2016	1	227	原版阅读      CNKI AI阅读
3114	加味黄连温胆汤治疗脾虚痰瘀型2型糖尿病合并OSAHS的疗效观察	王雪阳	山东中医药大学	硕士	2016	6	216	原版阅读      CNKI AI阅读
3115	崔德芝教授治疗老年2型糖尿病及其常见血管并发症的用药规律探讨	赵静	山东中医药大学	硕士	2016	10	574	原版阅读      CNKI AI阅读
3116	经方解郁文献及临床运用探讨	邢如意	山东中医药大学	硕士	2016	10	1043	原版阅读      CNKI AI阅读
3117	黄连温胆汤加减治疗室性早搏属痰火扰心证的临床疗效研究	李海宁	山东中医药大学	硕士	2016	9	176	原版阅读      CNKI AI阅读
3118	黄连温胆汤加味治疗室性早搏痰瘀互结证的临床研究	刘杨	山东中医药大学	硕士	2016	4	141	原版阅读      CNKI AI阅读
3119	基于中医传承辅助系统挖掘浦家祚教授治疗不寐用药经验	高琛	山东中医药大学	硕士	2016	4	341	原版阅读      CNKI AI阅读
3120	清热化痰安神方治疗痰热扰心型快速性心律失常的临床研究	李行	山东中医药大学	硕士	2016	4	147	原版阅读      CNKI AI阅读
3121	冠心病合并糖尿病与单纯冠心病患者中药应用情况对比研究	郑婧	山东中医药大学	硕士	2016	5	176	原版阅读      CNKI AI阅读
3122	《古今名医方论》、《绛雪园古方选注》胃脘痛方剂用药经验研究	王月琳	华北理工大学	硕士	2016	4	263	原版阅读      CNKI AI阅读
3123	刘喜明教授治疗586例2型糖尿病临床用药分析	刘振洲	北京中医药大学	硕士	2016	2	318	原版阅读      CNKI AI阅读
3124	三草降压汤对人脐静脉内皮细胞一氧化氮和内皮素-1生成的影响	胡丽娜	北京中医药大学	硕士	2012	1	190	原版阅读      CNKI AI阅读
3125	黄连解毒汤药理学机制及火证理论研究	李亚英	大连理工大学	硕士	2015	10	386	原版阅读      CNKI AI阅读
3126	中药重金属污染的LIBS直接检测可行性研究	王芮雯	西南科技大学	硕士	2016	4	434	原版阅读      CNKI AI阅读
3127	黄地安消胶囊的提取工艺及质量控制研究	单莉	安徽中医药大学	硕士	2016		285	原版阅读      CNKI AI阅读
3128	黄连水煎液中固体微粒及乙基纤维素纳米粒对小檗碱肠吸收特性影响的研究	焦放	安徽中医药大学	硕士	2016	4	306	原版阅读      CNKI AI阅读
3129	益气解毒方抗鼻咽癌药效物质基础及作用机制研究	廖雪	湖南中医药大学	硕士	2016	4	216	原版阅读      CNKI AI阅读
3130	黄连素对牙龈卟啉单胞菌的影响	张赛男	河南大学	硕士	2016	2	742	原版阅读      CNKI AI阅读
3131	马黄酊化学成分及含量测定研究短叶苏木酚结构修饰及活性研究	王利红	济南大学	硕士	2016		163	原版阅读      CNKI AI阅读
3132	大活络丸质量评价性研究	张晓娟	河北北方学院	硕士	2016	5	255	原版阅读      CNKI AI阅读
3133	基于生物热力学及抑菌效应的寒热对药配伍机制研究	陈飞	山西中医学院	硕士	2016	3	245	原版阅读      CNKI AI阅读
3134	基于数据分析的黄连汤应用规律研究	朱晓乐	山东中医药大学	硕士	2016	7	433	原版阅读      CNKI AI阅读
3135	PH区带逆流色谱分离纯化石蒜、黄连、豆豉姜和三颗针中的生物碱类化合物	孙常磊	山东中医药大学	硕士	2016	5	355	原版阅读      CNKI AI阅读
3136	马黄涂膜剂的制备及透皮吸收研究	任佳佳	山东中医药大学	硕士	2016	9	703	原版阅读      CNKI AI阅读
3137	胡黄连苷对大鼠脑缺血再灌注损伤后JNK信号通路的调节作用机制	周广正	青岛大学	硕士	2016	4	111	原版阅读      CNKI AI阅读
3138	胡黄连苷Ⅱ对大鼠脑缺血后COX-2表达的影响及其意义	官亚东	青岛大学	硕士	2016		72	原版阅读      CNKI AI阅读
3139	新型细胞膜色谱的建立及黄连黄精配伍药效物质的初步研究	武晓丹	天津医科大学	硕士	2016	4	483	原版阅读      CNKI AI阅读
3140	黄连素通过cAMP-PKA-钙离子通道促进胰岛素分泌的初步研究	张敏	天津医科大学	硕士	2016	5	417	原版阅读      CNKI AI阅读
3141	黄连素联合他汀治疗糖尿病合并脑梗塞的临床观察	沈金花	南京中医药大学	硕士	2016	4	140	原版阅读      CNKI AI阅读
3142	黄连素和生活干预治疗精神分裂症患者代谢综合征的对照研究	李美娟	天津医科大学	硕士	2016	3	271	原版阅读      CNKI AI阅读
3143	石柱县特色农产品营销渠道优化研究	谭遂	中南林业科技大学	硕士	2015	3	986	原版阅读      CNKI AI阅读
3144	数据挖掘严光俊教授诊治慢性萎缩性胃炎的用药经验	牟亭亭	湖北中医药大学	硕士	2016	9	264	原版阅读      CNKI AI阅读
3145	通肠清胰汤合丹参川芎嗪治疗急性胰腺炎（腑实热结证）的临床疗效观察	朱逸伦	湖北中医药大学	硕士	2016	4	176	原版阅读      CNKI AI阅读
3146	基于数据挖掘的沈忠源教授治疗乙肝肝硬化理论研究及用药规律研究	詹磊	湖北中医药大学	硕士	2016	1	305	原版阅读      CNKI AI阅读
3147	黄连紫草膏促进混合痔术后创面愈合的临床观察	张珍珍	河南中医药大学	硕士	2016	2	267	原版阅读      CNKI AI阅读
3148	小儿细菌性痢疾中医诊疗指南问卷调查	郑海涛	河南中医药大学	硕士	2016		448	原版阅读      CNKI AI阅读
3149	基于现代名老中医经验的流行性感冒辨证与方药规律研究	王冰	河南中医药大学	硕士	2016	7	784	原版阅读      CNKI AI阅读
3150	基于数据挖掘技术的毛德西教授治疗痞满用药规律研究	马敏	河南中医药大学	硕士	2016	9	325	原版阅读      CNKI AI阅读
	中文题名	作者	学位授予单位	数据库	学位授予年度	被引	下载	操作
3151	黄连降糖片改善2型糖尿病胰岛素抵抗的临床研究	王银姗	河南中医药大学	硕士	2016	2	193	原版阅读      CNKI AI阅读
3152	香连化浊解毒方对溃疡性结肠炎大鼠结肠组织TNF-α及EGF mRNA表达影响的实验研究	杜红红	河北医科大学	硕士	2016	1	94	原版阅读      CNKI AI阅读
3153	香连化浊解毒方对溃疡性结肠炎大鼠IFN-γ及MAPK/ERK信号通路表达影响的实验研究	韩志秀	河北医科大学	硕士	2016	3	217	原版阅读      CNKI AI阅读
3154	黄连解毒汤对热毒所致兔动脉粥样硬化及AMPK活性影响的研究	冯曼	新乡医学院	硕士	2016	3	214	原版阅读      CNKI AI阅读
3155	中国民间防治糖尿病传统药用植物调查	周悦	中央民族大学	硕士	2016	17	2348	原版阅读      CNKI AI阅读
3156	延胡索提取物在小鼠体内的药代动力学研究	杜巍娟	浙江大学	硕士	2017	9	1341	原版阅读      CNKI AI阅读
3157	6种中药及其联合舒巴坦对鲍曼不动杆菌抑菌活性研究	白现英	河北医科大学	硕士	2016	7	297	原版阅读      CNKI AI阅读
3158	毛茛科（Ranunculaceae）植物花瓣多样性的形态发育成因	赵小红	陕西师范大学	硕士	2016	6	413	原版阅读      CNKI AI阅读
3159	加味香连丸的质量标准研究	李想	锦州医科大学	硕士	2016		189	原版阅读      CNKI AI阅读
3160	pH-时滞双敏感KGM-SA结肠靶向凝胶微丸的研究	李培培	成都中医药大学	硕士	2016	7	373	原版阅读      CNKI AI阅读
3161	地黄根际土壤中化感物质的筛选及化感作用研究	陈枫	河南农业大学	硕士	2016	12	692	原版阅读      CNKI AI阅读
3162	黄连水提物对痢疾杆菌的抑菌机制研究	黄燕飞	安徽农业大学	硕士	2016	49	716	原版阅读      CNKI AI阅读
3163	荆芥炭对黄连及白头翁汤主要成分药代动力学影响的研究	何燕飞	安徽农业大学	硕士	2016	1	304	原版阅读      CNKI AI阅读
3164	从郑钦安君相二火理论探讨泻心汤类方理法及运用	冯云舒	广西中医药大学	硕士	2016	8	507	原版阅读      CNKI AI阅读
3165	交通心肾法治疗肾阴亏虚型血管性痴呆的临床疗效研究	李忠泽	广西中医药大学	硕士	2016	3	182	原版阅读      CNKI AI阅读
3166	运用“方药阵”思维解析伤寒类方的研究	李阳	长春中医药大学	硕士	2016	1	282	原版阅读      CNKI AI阅读
3167	清热化湿、健脾和胃法治疗Hp相关性慢性非萎缩性胃炎的临床研究	蔡晓琳	长春中医药大学	硕士	2016	6	122	原版阅读      CNKI AI阅读
3168	藏药小檗皮提取物的成药性研究	叶凡	成都中医药大学	硕士	2016	7	622	原版阅读      CNKI AI阅读
3169	《眼科正宗原机启微》用药特点及学术思想研究	李爽	成都中医药大学	硕士	2016	2	182	原版阅读      CNKI AI阅读
3170	四气五味理论在《伤寒论》组方规律中的应用研究	吴美玉	成都中医药大学	硕士	2016	6	716	原版阅读      CNKI AI阅读
3171	曾敬光教授学术思想及临床经验总结（附：124例妊娠恶阻临床回顾性分析）	韩姣姣	成都中医药大学	硕士	2016	5	238	原版阅读      CNKI AI阅读
3172	黄连水提液和小檗碱的细胞毒性及其机制研究	顾曼曼	安徽农业大学	硕士	2015	5	430	原版阅读      CNKI AI阅读
3173	基于药效及血清药物化学的大黄药对配伍研究	麦蓝尹	广西中医药大学	硕士	2016	4	431	原版阅读      CNKI AI阅读
3174	从血脂调控Leptin/JAK2/STAT3信号通路探索黄连吴茱萸配伍的降脂效应	王静	成都中医药大学	硕士	2016	12	427	原版阅读      CNKI AI阅读
3175	以龙胆为模型药物的掩味技术研究及其应用拓展	向志芸	成都中医药大学	硕士	2016	2	537	原版阅读      CNKI AI阅读
3176	基于效应成分当量的黄连质量一致性评价	董芹	成都中医药大学	硕士	2016	10	660	原版阅读      CNKI AI阅读
3177	双黄二仙颗粒药学部分研究	杨红梅	成都中医药大学	硕士	2016	4	204	原版阅读      CNKI AI阅读
3178	中药饮片中红外光谱鉴定的方法研究	高姗姗	成都中医药大学	硕士	2016	6	719	原版阅读      CNKI AI阅读
3179	黄连素通过激活AMPK-SIRT1-NFκB通路缓解机械通气肺损伤	朱飞宇	第二军医大学	硕士	2016	2	286	原版阅读      CNKI AI阅读
3180	云南省绿春县旅游产业发展战略研究	杨升	云南师范大学	硕士	2016	2	398	原版阅读      CNKI AI阅读
3181	红锥与台湾桤木幼林生长特性和水源涵养分析	杜佩莲	广西大学	硕士	2016	2	100	原版阅读      CNKI AI阅读
3182	黄连对LPS诱导的大鼠肝细胞损伤的保护作用研究	徐婧	安徽农业大学	硕士	2016	2	177	原版阅读      CNKI AI阅读
3183	从实邪论治心力衰竭	施榧榧	湖北中医药大学	硕士	2016	1	101	原版阅读      CNKI AI阅读
3184	黄连花薹对高血糖大鼠肠道菌群作用的研究	王雯玲	华中科技大学	硕士	2015	15	490	原版阅读      CNKI AI阅读
3185	解郁顺心颗粒的药学及药效学研究	何媛媛	南京中医药大学	硕士	2012		147	原版阅读      CNKI AI阅读
3186	胡黄连总苷脂质体的药学研究	王宁	南京中医药大学	硕士	2012		223	原版阅读      CNKI AI阅读
3187	白黄泄热止痢片的药学研究	贾成友	成都中医药大学	硕士	2016	3	225	原版阅读      CNKI AI阅读
3188	红外光谱法和X射线衍射技术在中成药定性鉴别方面的应用	张洁	河北师范大学	硕士	2015	2	660	原版阅读      CNKI AI阅读
3189	黄连素对自发性高血压大鼠心室重构和心肌自噬的影响及其可能机制的研究	蔡茂焕	福建医科大学	硕士	2016	12	249	原版阅读      CNKI AI阅读
3190	清热化湿，利胆和胃法治疗胆胃郁热型胆汁反流性胃炎的临床疗效研究	史舒曼	南京中医药大学	硕士	2017	2	127	原版阅读      CNKI AI阅读
3191	口糜方治疗复发性阿弗他溃疡脾虚积热证的临床观察	王安文	南京中医药大学	硕士	2017		155	原版阅读      CNKI AI阅读
3192	痰热失眠病机变化浅析及清痰养阴法治疗痰热阴虚型失眠的临床研究	石美玲	南京中医药大学	硕士	2017	5	259	原版阅读      CNKI AI阅读
3193	周仲瑛教授辨治冠心病临床经验及学术思想研究	李瑞敏	南京中医药大学	硕士	2017	22	712	原版阅读      CNKI AI阅读
3194	基于数据挖掘的周仲瑛教授辨治久泄病案回顾性研究	任霞	南京中医药大学	硕士	2017	5	247	原版阅读      CNKI AI阅读
3195	李东垣治疗内伤脾胃病组方用药特点研究	郝峰	黑龙江中医药大学	硕士	2017	11	745	原版阅读      CNKI AI阅读
3196	黄连素衍生物的设计、合成及其降糖活性研究	王宗孝	贵阳医学院	硕士	2015		358	原版阅读      CNKI AI阅读
3197	糖肾康胶囊的制备工艺及质量标准研究	黄涛	天津医科大学	硕士	2011		59	原版阅读      CNKI AI阅读
3198	左金丸古今文献研究及临床应用探讨	季晓杭	南京中医药大学	硕士	2017	30	743	原版阅读      CNKI AI阅读
3199	基于数据挖掘方法探析半夏泻心汤临床应用规律	田盼盼	南京中医药大学	硕士	2017	7	757	原版阅读      CNKI AI阅读
3200	川产黄连及其炮制品降糖化学成分与药效研究	时晓媞	西南交通大学	硕士	2017	12	669	原版阅读      CNKI AI阅读
	中文题名	作者	学位授予单位	数据库	学位授予年度	被引	下载	操作
3201	自发性高血压大鼠主动脉重构与自噬的关系—黄连素干预的研究	范春炜	福建医科大学	硕士	2016	9	150	原版阅读      CNKI AI阅读
3202	抗烟草黑胫病药用植物提取物的筛选研究	罗咏梅	湖南农业大学	硕士	2015		167	原版阅读      CNKI AI阅读
3203	同生境地引种栽培延胡索品质及质量安全性比较研究	张静	重庆三峡学院	硕士	2017	8	508	原版阅读      CNKI AI阅读
3204	基于数据挖掘的北京地区部分中医皮肤科流派治疗痤疮经验研究	刘婧	北京中医药大学	硕士	2017	15	905	原版阅读      CNKI AI阅读
3205	糖尿病合并慢性肾衰竭中医门诊临床数据研究	林轶群	北京中医药大学	硕士	2017	3	416	原版阅读      CNKI AI阅读
3206	基于中医传承辅助平台的叶天士和薛生白治疗湿热性病证用药异同研究	肖连宇	北京中医药大学	硕士	2017	11	706	原版阅读      CNKI AI阅读
3207	张仲景方辨治抑郁症的文献研究	邹锦	北京中医药大学	硕士	2017	17	2319	原版阅读      CNKI AI阅读
3208	外用复方黄连膏治疗慢性顽固性湿疹随机对照临床研究	王绍莹	北京中医药大学	硕士	2017	16	764	原版阅读      CNKI AI阅读
3209	张声生教授治疗溃疡性结肠炎经验的数据挖掘及临床疗效评价研究	朱春洋	北京中医药大学	硕士	2017	31	907	原版阅读      CNKI AI阅读
3210	糖尿病肾病的古今用药思维研究	张勇	北京中医药大学	硕士	2017	13	992	原版阅读      CNKI AI阅读
3211	基于真实世界仝小林教授临床应用制何首乌经验总结及不良事件分析	何昕徽	北京中医药大学	硕士	2017	1	764	原版阅读      CNKI AI阅读
3212	外用黄连膏对寻常型银屑病血热证的临床疗效分析	李文龙	北京中医药大学	硕士	2017	24	556	原版阅读      CNKI AI阅读
3213	《正统道藏》四辅医药文献整理与研究	唐禄俊	北京中医药大学	硕士	2017	1	598	原版阅读      CNKI AI阅读
3214	基于LC-HR-MS~n的糖痹康颗粒成分分析及芍药内酯苷对高糖诱导雪旺细胞氧化应激损伤保护作用研究	王东超	北京中医药大学	硕士	2017	5	435	原版阅读      CNKI AI阅读
3215	基于数据挖掘的苦味药在经方中的应用研究	何飞武	北京中医药大学	硕士	2017	26	1464	原版阅读      CNKI AI阅读
3216	基于数据挖掘的葛根芩连汤方证研究	曾瀞仪	北京中医药大学	硕士	2017	9	769	原版阅读      CNKI AI阅读
3217	基于复杂网络模型的中药干预2型糖尿病的药理作用机制研究	唐丹丹	北京中医药大学	硕士	2017	36	2393	原版阅读      CNKI AI阅读
3218	连夏宁心方有效组分及临床应用研究	朱国东	北京中医药大学	硕士	2017	7	171	原版阅读      CNKI AI阅读
3219	中药成分香草酸和咖啡酸的荧光分析方法研究	车翠霞	河北师范大学	硕士	2017	3	858	原版阅读      CNKI AI阅读
3220	中药黄连治疗慢性萎缩性胃炎的研究	周瑾	吉林大学	硕士	2017	8	545	原版阅读      CNKI AI阅读
3221	气阴两虚2型糖尿病大鼠氨基酸代谢谱的变化和蛋白干预的影响	马丽娜	新疆医科大学	硕士	2017	1	204	原版阅读      CNKI AI阅读
3222	黄白颗粒的药学研究	王艳琦	吉林大学	硕士	2017		199	原版阅读      CNKI AI阅读
3223	中医治疗恐惧症的古今方剂组方配伍特点的初步研究	刘舒	云南中医学院	硕士	2017	5	362	原版阅读      CNKI AI阅读
3224	朱砂和万氏牛黄清心丸致大鼠亚慢性肾毒性的比较研究	高鑫	锦州医科大学	硕士	2017	2	236	原版阅读      CNKI AI阅读
3225	万氏牛黄清心丸中各单味药对朱砂肾毒性的配伍减毒作用研究	黄海	锦州医科大学	硕士	2017	2	288	原版阅读      CNKI AI阅读
3226	中药复方当归六黄汤质量控制研究和XEDJ药效学研究	计雅纯	华中科技大学	硕士	2016	8	453	原版阅读      CNKI AI阅读
3227	大黄黄连泻心汤中麻沸汤浸渍须臾的煎服法研究	石银龙	南京中医药大学	硕士	2017	3	296	原版阅读      CNKI AI阅读
3228	肺痨的源流及用药规律研究	朱新瑜	南京中医药大学	硕士	2017	11	589	原版阅读      CNKI AI阅读
3229	缪希雍治疗脾胃病用药特色分析研究	丁亮	南京中医药大学	硕士	2017	5	320	原版阅读      CNKI AI阅读
3230	加减连朴饮治疗湿热中阻型反流性食管炎的理论与应用研究	顾玮	南京中医药大学	硕士	2017	8	239	原版阅读      CNKI AI阅读
3231	基于多尺度研究方法的中药水提液膜分离传质过程及其机理——以黄连解毒汤为例	刘静	南京中医药大学	硕士	2017	8	415	原版阅读      CNKI AI阅读
3232	钱乙学术思想及其《小儿药证直诀》方药配伍研究	师梦雅	河北医科大学	硕士	2017	9	1015	原版阅读      CNKI AI阅读
3233	黄连内生真菌中小檗碱的分离与鉴定	向建辉	西北农林科技大学	硕士	2015	7	389	原版阅读      CNKI AI阅读
3234	多波长高效液相色谱法测定清热类中药复方制剂有效成分含量的研究	郗洋	河北医科大学	硕士	2015	1	256	原版阅读      CNKI AI阅读
3235	乌锦颗粒剂的制备与药效毒理学研究	李胜坤	中国农业科学院	硕士	2015	8	655	原版阅读      CNKI AI阅读
3236	基于方证对应理论的《温病条辨》风温方证的量化分析初探	张亮	河北联合大学	硕士	2014		290	原版阅读      CNKI AI阅读
3237	柴芩温胆汤治疗痰火扰心型室性早搏的临床研究	邵银	河北联合大学	硕士	2014	7	326	原版阅读      CNKI AI阅读
3238	李赛美医案方剂配伍知识发现	邓硕	燕山大学	硕士	2015	4	440	原版阅读      CNKI AI阅读
3239	行瘀降糖胶囊的制备工艺及质量标准的研究	王世信	河北医科大学	硕士	2015		131	原版阅读      CNKI AI阅读
3240	七种中药对口腔白色念珠菌的体外抑制作用	张卫	河北医科大学	硕士	2015	11	647	原版阅读      CNKI AI阅读
3241	黄连碱的提取分离和减肥活性及机理研究	夏爽	西南大学	硕士	2015	9	821	原版阅读      CNKI AI阅读
3242	葛根总异黄酮和黄连总生物碱组分配伍及其制剂初步研究	贺志龙	西南交通大学	硕士	2015	3	352	原版阅读      CNKI AI阅读
3243	黄连素对烧伤创面铜绿假单胞菌生物膜干预试验及自制中药临床应用观察	贾子中	内蒙古大学	硕士	2015	12	422	原版阅读      CNKI AI阅读
3244	遮阴处理对黄连生长及品质的影响研究	赵楠	西南大学	硕士	2015	5	419	原版阅读      CNKI AI阅读
3245	对节白蜡群落物种多样性及其保护策略研究	刘勇	华中农业大学	硕士	2015	6	201	原版阅读      CNKI AI阅读
3246	南京聚宝山森林公园优势种群生态位研究	吴颖莹	南京林业大学	硕士	2015	9	277	原版阅读      CNKI AI阅读
3247	黄连素对福美双诱导的肉鸡胫骨软骨发育不良的影响	王智	华中农业大学	硕士	2015	7	212	原版阅读      CNKI AI阅读
3248	基于数据挖掘的李振华教授治疗复发性口腔溃疡经验总结	乔桦	中国中医科学院	硕士	2015	2	674	原版阅读      CNKI AI阅读
3249	降浊方治疗高脂血症（痰浊阻滞证）的临床研究	逄冰	中国中医科学院	硕士	2015	15	1390	原版阅读      CNKI AI阅读
3250	基于临床真实数据的沈绍功诊治更年期妇女高血压病的经验研究	刘大胜	中国中医科学院	硕士	2015	9	747	原版阅读      CNKI AI阅读
	中文题名	作者	学位授予单位	数据库	学位授予年度	被引	下载	操作
3251	基于数据挖掘的溃疡性结肠炎核心方药分析及苦参、茜草对细胞炎性因子的影响	王玖	南京中医药大学	硕士	2015	3	432	原版阅读      CNKI AI阅读
3252	中药提取物中有机溶剂残留量的测定	张慧	河北医科大学	硕士	2015	4	520	原版阅读      CNKI AI阅读
3253	黄连素对乳腺癌MCF-7细胞增殖和凋亡的影响	张亚军	安徽医科大学	硕士	2015	8	234	原版阅读      CNKI AI阅读
3254	药物口服生物利用度预测及在中药归经研究上的应用	黄超	西北农林科技大学	硕士	2015	17	653	原版阅读      CNKI AI阅读
3255	黄连多糖分离纯化及其对高级糖基化终产物形成的影响	李云	安徽中医药大学	硕士	2015	10	606	原版阅读      CNKI AI阅读
3256	黄连解毒汤乙酸乙酯提取物对白念珠菌毒力因子的作用研究	严园园	安徽中医药大学	硕士	2015	4	241	原版阅读      CNKI AI阅读
3257	复方黄连胶囊制备及其对大鼠糖尿病肾病的干预作用	杜红芳	安徽中医药大学	硕士	2015	1	107	原版阅读      CNKI AI阅读
3258	中药肝豆汤对Wilson病模型TX小鼠脑神经元保护效应中药筛选及疗效机制研究	赵雯	安徽中医药大学	硕士	2015	12	312	原版阅读      CNKI AI阅读
3259	肝豆汤治疗Wilson病TX小鼠肝损害的效应中药筛选及其机制研究	陈林	安徽中医药大学	硕士	2015	8	193	原版阅读      CNKI AI阅读
3260	以黄连为例的中药饮片安全性研究	朱葛馨	中国中医科学院	硕士	2015	4	1240	原版阅读      CNKI AI阅读
3261	淫羊藿苷和盐酸小檗碱通过改变肝脏Hepcidin表达调节铁平衡	张淼	中国中医科学院	硕士	2015	2	347	原版阅读      CNKI AI阅读
3262	三黄泻心汤提取物清热解毒活性及组分配伍优势方的筛选	姚佳琪	中国中医科学院	硕士	2015	3	519	原版阅读      CNKI AI阅读
3263	二氢杨梅素抑制细菌机制的初步探究	谭潇啸	南昌大学	硕士	2015	25	612	原版阅读      CNKI AI阅读
3264	黄连降脂合剂对慢性心力衰竭的作用	朱琳	湖北中医药大学	硕士	2015	2	132	原版阅读      CNKI AI阅读
3265	黄连解毒汤改善胰岛素抵抗的代谢组学研究	王琳琳	广东药学院	硕士	2015	14	802	原版阅读      CNKI AI阅读
3266	泻肺利水颗粒的药学研究	王丽	南京中医药大学	硕士	2015	1	262	原版阅读      CNKI AI阅读
3267	黄金胶囊改善糖尿病大鼠胰岛素抵抗与PI-3K、GLUT-4蛋白表达的研究	张瀚文	甘肃中医药大学(原名：甘肃中医学院)	硕士	2015	7	98	原版阅读      CNKI AI阅读
3268	肠道菌群失调与应激源性抑郁相关性的初步研究	朱晓慧	中国人民解放军军事医学科学院	硕士	2015	9	1467	原版阅读      CNKI AI阅读
3269	黄连素等纯中药成分对氟康唑抗非白色念珠菌的增敏作用与机制研究	王维欣	山东大学	硕士	2015	10	662	原版阅读      CNKI AI阅读
3270	渝东南旅游型小城镇绿色发展研究——以黄水镇为例	马春雪	重庆工商大学	硕士	2015	3	906	原版阅读      CNKI AI阅读
3271	UHPLC-MS/MS法同时测定中药多种有效成分在大鼠体内的血药浓度及其药代动力学研究	王锦	广西大学	硕士	2015	10	1731	原版阅读      CNKI AI阅读
3272	喜树碱和盐酸小檗碱在离子液体中的溶解性能及应用研究	刘师师	广西大学	硕士	2015	2	237	原版阅读      CNKI AI阅读
3273	基于3S技术的黄连区划研究	柳鑫	湖北中医药大学	硕士	2015	12	362	原版阅读      CNKI AI阅读
3274	基于药材品质的黄连商品规格等级标准研究	黄河	湖北中医药大学	硕士	2015	13	695	原版阅读      CNKI AI阅读
3275	葛芪复方对仔猪大肠杆菌性腹泻作用效果研究	张赛奇	中国农业科学院	硕士	2015	32	867	原版阅读      CNKI AI阅读
3276	严光俊教授运用“治胃通降十三法”治疗慢性胃炎临床用药规律分析	祝凯	湖北中医药大学	硕士	2015		263	原版阅读      CNKI AI阅读
3277	梅国强教授辨治脾胃疾病的学术思想及临床经验研究	胡轶	湖北中医药大学	硕士	2015	13	696	原版阅读      CNKI AI阅读
3278	黄连解毒汤治疗老年性痴呆的临床及实验研究	徐雷	湖北中医药大学	硕士	2015	36	616	原版阅读      CNKI AI阅读
3279	黄连膏治疗毛囊炎及其机制探讨	付辰	湖北中医药大学	硕士	2015	4	519	原版阅读      CNKI AI阅读
3280	黄连、姜黄连抗菌谱及其物质基础比较研究	李鑫	湖北中医药大学	硕士	2015	13	611	原版阅读      CNKI AI阅读
3281	连虎丹烧伤膏的药学研究	张锐	佳木斯大学	硕士	2015		260	原版阅读      CNKI AI阅读
3282	指纹图谱技术结合模式识别方法在黄连上清丸质量控制中的应用	熊淑雯	南昌大学	硕士	2015	3	257	原版阅读      CNKI AI阅读
3283	安神方治疗成人原发性失眠的疗效及其对HAMA评分的影响	高媛	南方医科大学	硕士	2015	14	506	原版阅读      CNKI AI阅读
3284	芍药汤调控炎症因子改善EMT防治结肠炎相关癌的机制研究	林小常	南方医科大学	硕士	2015	13	705	原版阅读      CNKI AI阅读
3285	中医综合外治疗法联合1540nm点阵激光治疗中重度痤疮的临床研究	李燕红	湖北中医药大学	硕士	2015	4	303	原版阅读      CNKI AI阅读
3286	黄连木叶酚类物质的提取与生物效应研究	张旋	安徽大学	硕士	2013	1	151	原版阅读      CNKI AI阅读
3287	黄连配方颗粒制备工艺及质量研究	苏红宁	河北医科大学	硕士	2015	2	899	原版阅读      CNKI AI阅读
3288	泰安市木本园林植物最佳观赏期调查研究	吴迪	山东农业大学	硕士	2015	9	470	原版阅读      CNKI AI阅读
3289	中兽药丹连花子宫灌注液的质量标准研究	高媛媛	西北农林科技大学	硕士	2015	4	258	原版阅读      CNKI AI阅读
3290	治疗奶牛子宫内膜炎中药连诃栓的研制	陈颖	西北农林科技大学	硕士	2015	4	205	原版阅读      CNKI AI阅读
3291	中药提取物对奶牛乳腺上皮细胞增殖及蛋白含量的影响	罗莹	安徽农业大学	硕士	2014	5	175	原版阅读      CNKI AI阅读
3292	黄连膏治疗低位肛周脓肿术后创面愈合的临床应用研究	都先爽	长春中医药大学	硕士	2015	4	230	原版阅读      CNKI AI阅读
3293	加味交泰汤治疗90例心肾不交型失眠的临床研究	尚世龙	长春中医药大学	硕士	2015	2	203	原版阅读      CNKI AI阅读
3294	清中汤加味治疗慢性糜烂性胃炎（湿热中阻证）的临床观察	张慧	长春中医药大学	硕士	2015	5	201	原版阅读      CNKI AI阅读
3295	应用亲和超滤—液质联用技术筛选中药靶酶抑制剂	周思多	山东农业大学	硕士	2015	6	870	原版阅读      CNKI AI阅读
3296	白屈菜生物活性化学成分的研究	李纬博	西北农林科技大学	硕士	2015	16	685	原版阅读      CNKI AI阅读
3297	黄连水煎液的基础毒性研究	杨静静	安徽农业大学	硕士	2014	1	449	原版阅读      CNKI AI阅读
3298	黄连和小檗碱对三种体外培养细胞毒性的初步研究	刘腾飞	安徽农业大学	硕士	2014	6	248	原版阅读      CNKI AI阅读
3299	黄连上清丸的药代动力学及血清药物化学研究	章开	南昌大学	硕士	2015	6	784	原版阅读      CNKI AI阅读
3300	左金丸对地塞米松致大鼠胃肠道损伤的保护作用研究	李晨	青岛大学	硕士	2015	8	257	原版阅读      CNKI AI阅读
	中文题名	作者	学位授予单位	数据库	学位授予年度	被引	下载	操作
3301	胡黄连苷Ⅱ抑制MEK-ERK1/2信号通路保护大鼠脑缺血损伤	王婷婷	青岛大学	硕士	2015		146	原版阅读      CNKI AI阅读
3302	参黄降糖胶囊制备工艺及质量标准研究	任艳梅	河北医科大学	硕士	2015	1	244	原版阅读      CNKI AI阅读
3303	大黄配伍减毒物质基础及机理研究	柴宝娟	南京中医药大学	硕士	2012	4	380	原版阅读      CNKI AI阅读
3304	黄连素合并利培酮对精神分裂症患者免疫/炎症因子及认知功能影响的研究	赵永萍	天津医科大学	硕士	2015	5	173	原版阅读      CNKI AI阅读
3305	黄连素合并利培酮对精神分裂症患者糖脂代谢及认知功能影响的研究	刘莹	天津医科大学	硕士	2015	4	145	原版阅读      CNKI AI阅读
3306	岩黄连总碱对人肺癌细胞的作用及其可能的作用机制	李金花	桂林医学院	硕士	2015	2	114	原版阅读      CNKI AI阅读
3307	禽源大肠杆菌质粒介导氟喹诺酮类耐药基因的检测及中药消除耐药性研究	李栋	扬州大学	硕士	2015	22	699	原版阅读      CNKI AI阅读
3308	黄连素对肉鸡P-gp和CYP3A mRNA表达及其对口服恩诺沙星药动学的影响	任伟龙	南京农业大学	硕士	2014	1	103	原版阅读      CNKI AI阅读
3309	基于中医寒症的肺癌发病机制与治疗作用研究	赵贝	河南大学	硕士	2015	5	278	原版阅读      CNKI AI阅读
3310	谢春光教授论治2型糖尿病的学术思想研究	雷敏	成都中医药大学	硕士	2015	8	174	原版阅读      CNKI AI阅读
3311	三才粉剂治疗初次诊断2型糖尿病机制探讨	罗宇磊	成都中医药大学	硕士	2015	6	82	原版阅读      CNKI AI阅读
3312	三才粉剂对单一口服降糖药控制不佳2型糖尿病（阴虚热盛型）作用机制的初步探讨	谢勤雯	成都中医药大学	硕士	2015	6	102	原版阅读      CNKI AI阅读
3313	三才粉剂治疗单一口服降糖药控制不佳的2型糖尿病（阴虚热盛型）临床观察	张恒耀	成都中医药大学	硕士	2015	3	91	原版阅读      CNKI AI阅读
3314	《内经》“狂”证理论整理与研究	田野	成都中医药大学	硕士	2015	1	330	原版阅读      CNKI AI阅读
3315	《伤寒论》痞证探讨	乔珊	成都中医药大学	硕士	2015	8	681	原版阅读      CNKI AI阅读
3316	香蔹痔疮栓的药学研究	罗悦	成都中医药大学	硕士	2015	1	235	原版阅读      CNKI AI阅读
3317	石榴的本草学研究	李蓉	成都中医药大学	硕士	2015	3	266	原版阅读      CNKI AI阅读
3318	黄连解毒汤对胃溃疡毒热证模型大鼠血清SOD及MDA影响的实验研究	席娅	成都中医药大学	硕士	2015	7	218	原版阅读      CNKI AI阅读
3319	基于智能感官分析技术的贝母及黄连饮片鉴别研究	杨诗龙	成都中医药大学	硕士	2015	28	785	原版阅读      CNKI AI阅读
3320	聚乙烯塑料薄膜对小包装中药饮片的质量影响研究	赵梓辰	成都中医药大学	硕士	2015	9	457	原版阅读      CNKI AI阅读
3321	基于毒损脑络病机黄连解毒汤对Aβ25-35致AD模型大鼠学习记忆能力损伤的保护作用及机制研究	谢淑玲	成都中医药大学	硕士	2015	13	408	原版阅读      CNKI AI阅读
3322	黄连解毒汤主要组分群的清热活血作用研究	杜巧辉	成都中医药大学	硕士	2015	2	269	原版阅读      CNKI AI阅读
3323	一测多评在黄连、人参中的应用研究	匡艳辉	湖南中医药大学	硕士	2009	3	321	原版阅读      CNKI AI阅读
3324	左金方水提物诱导人胃癌细胞SGC-7901凋亡的分子机制及其可能物质基础研究	彭求贤	湖南中医药大学	硕士	2009		63	原版阅读      CNKI AI阅读
3325	刺参肠道微生态区系及致病菌防治的研究	于晶晶	辽宁大学	硕士	2011		173	原版阅读      CNKI AI阅读
3326	中西药对三种细菌的药敏实验及动物防治实验	阿依德古力·哈德依汗	新疆农业大学	硕士	2015	7	432	原版阅读      CNKI AI阅读
3327	中草药“宫得健”泡腾黏附栓的质量控制与安全性评价	谭振辉	扬州大学	硕士	2015		156	原版阅读      CNKI AI阅读
3328	连梅止痢中药制剂对致病性大肠杆菌试验感染仔猪的治疗及其初步应用	刘勇亮	四川农业大学	硕士	2015	8	288	原版阅读      CNKI AI阅读
3329	田振国教授治疗溃疡性结肠炎经验总结	于涵译	辽宁中医药大学	硕士	2015	3	214	原版阅读      CNKI AI阅读
3330	加味苏叶黄连汤治疗未透析浊毒型慢性肾脏病终末期（CKD4-5期）的临床疗效观察	高林	山东中医药大学	硕士	2015	3	173	原版阅读      CNKI AI阅读
3331	周翠英教授治疗白塞病的经验	王盼盼	山东中医药大学	硕士	2015	8	211	原版阅读      CNKI AI阅读
3332	焦中华教授治疗恶性肿瘤遣方用药规律数据挖掘研究	秦桂超	山东中医药大学	硕士	2015	11	426	原版阅读      CNKI AI阅读
3333	加味黄连解毒汤对初发肥胖2型糖尿病患者的临床研究	张芳	山东中医药大学	硕士	2015	2	178	原版阅读      CNKI AI阅读
3334	黄连温胆汤治疗代谢综合征的临床研究	白晓寒	山东中医药大学	硕士	2015	12	317	原版阅读      CNKI AI阅读
3335	名老中医隗继武教授治疗脾胃病用药规律研究	李丽	山东中医药大学	硕士	2015		250	原版阅读      CNKI AI阅读
3336	从痰热论治2型糖尿病并发广泛性焦虑状态的临床研究	黄秀贞	山东中医药大学	硕士	2015	5	169	原版阅读      CNKI AI阅读
3337	《温病条辨·下焦篇》用药配伍规律研究	温洋洋	河南中医学院	硕士	2015	3	825	原版阅读      CNKI AI阅读
3338	连朴饮化裁治疗慢性非萎缩性胃炎（湿热中阻证）临床研究	吴萌萌	河南中医学院	硕士	2015	4	128	原版阅读      CNKI AI阅读
3339	半夏泻心汤及拆方对溃疡性结肠炎大鼠Th1/Th2细胞因子的影响	张艳	山东中医药大学	硕士	2015	28	556	原版阅读      CNKI AI阅读
3340	温阳清热化痰方及拆方调节垂体瘤细胞AtT-20 PI3K信号转导的研究	李洁	河南中医学院	硕士	2015	1	140	原版阅读      CNKI AI阅读
3341	清热燥湿解毒活血方及其拆方调节人结肠癌细胞RKO PLCγ1介导的信号传导研究	韩颖	河南中医学院	硕士	2015	1	110	原版阅读      CNKI AI阅读
3342	黄连降糖片干预糖调节受损的临床研究	李亚欢	河南中医学院	硕士	2015	1	128	原版阅读      CNKI AI阅读
3343	小檗碱对NAFLD大鼠肝组织AMPK/SIRT1/UCP2通路的调控机制	林春梅	暨南大学	硕士	2015	4	423	原版阅读      CNKI AI阅读
3344	稳肾合剂的制备工艺和质量标准研究	邱佟毅	苏州大学	硕士	2015	1	248	原版阅读      CNKI AI阅读
3345	黄连素诱导HepG-2细胞凋亡时活性氧与谷胱甘肽的变化及机制探讨	孙志鹏	西北师范大学	硕士	2013	1	229	原版阅读      CNKI AI阅读
3346	黄连木转录组测序分析与转PcWRI1及PcLEC1拟南芥研究	谌殷蕾	北京林业大学	硕士	2015	4	310	原版阅读      CNKI AI阅读
3347	钙信号系统在地黄连作障碍过程中的异常响应	王鹏飞	河南农业大学	硕士	2014	4	225	原版阅读      CNKI AI阅读
3348	抗无乳链球菌中药的筛选及盐酸小檗碱抗无乳链球菌作用机理的初步研究	彭练慈	四川农业大学	硕士	2015	14	434	原版阅读      CNKI AI阅读
3349	中药组方“乌黄虎”合剂的研制及其毒理学研究	康帅	四川农业大学	硕士	2015	1	342	原版阅读      CNKI AI阅读
3350	抗禽多杀性巴氏杆菌中药组方的筛选及颗粒剂的研制	曲径	四川农业大学	硕士	2015	19	453	原版阅读      CNKI AI阅读
	中文题名	作者	学位授予单位	数据库	学位授予年度	被引	下载	操作
3351	肾综颗粒对湿热内蕴型PNS患儿“微炎症状态”的影响	于妮娜	山东中医药大学	硕士	2015	1	69	原版阅读      CNKI AI阅读
3352	基于数据挖掘心悸痰火扰心证证治规律的研究	毕秀敏	山东中医药大学	硕士	2015	9	405	原版阅读      CNKI AI阅读
3353	糖胰康颗粒的制备工艺与质量标准研究	郑振秋	山东中医药大学	硕士	2015	2	414	原版阅读      CNKI AI阅读
3354	中药HPLC分析设计空间的建立与可靠性研究	戴胜云	北京中医药大学	硕士	2016	17	1038	原版阅读      CNKI AI阅读
3355	异步周期换向电凝聚法处理制药废水研究	王艳	东北大学	硕士	2014	1	142	原版阅读      CNKI AI阅读
3356	基于数据挖掘的谢晶日教授治疗溃疡性结肠炎用药规律研究	刘洋	黑龙江中医药大学	硕士	2016	3	380	原版阅读      CNKI AI阅读
3357	冯兴华教授临床应用芩连平胃散经验研究	杨丽娟	北京中医药大学	硕士	2016		343	原版阅读      CNKI AI阅读
3358	清热利湿法治疗2型糖尿病湿热证的临床疗效观察	张俪潆	北京中医药大学	硕士	2016	9	313	原版阅读      CNKI AI阅读
3359	基于文献挖掘的中药治疗糖尿病用药筛选及作用机制研究	陈秀芬	北京中医药大学	硕士	2016	11	2662	原版阅读      CNKI AI阅读
3360	王暴魁“清热凉血”法治疗糖尿病肾病用药规律分析以及经验总结	闫凯	北京中医药大学	硕士	2016	27	576	原版阅读      CNKI AI阅读
3361	黄连阿胶汤加减治疗社区心肾不交型轻中度广泛性焦虑症的临床研究	邵珺	北京中医药大学	硕士	2016	18	521	原版阅读      CNKI AI阅读
3362	基于数据挖掘的符思教授治疗功能性腹泻的用药规律研究	崔苗	北京中医药大学	硕士	2016	2	490	原版阅读      CNKI AI阅读
3363	闫慧敏学术思想与临床经验总结及治疗过敏性紫癜合并幽门螺杆菌感染(湿毒内蕴证)的临床研究	张克青	北京中医药大学	硕士	2016	8	577	原版阅读      CNKI AI阅读
3364	刘完素对《伤寒论》学术思想的继承与发展研究	宋文鑫	北京中医药大学	硕士	2016	23	1675	原版阅读      CNKI AI阅读
3365	《名医类案》中经方医案的研究	于佳宏	北京中医药大学	硕士	2016	6	1241	原版阅读      CNKI AI阅读
3366	姜良铎教授辨证论治上热下寒、内热外凉证的学术思想初探	李韦韦	北京中医药大学	硕士	2016	7	1162	原版阅读      CNKI AI阅读
3367	中医序贯疗法对溃疡性结肠炎大鼠的疗效探讨	王颖怡	北京中医药大学	硕士	2016		165	原版阅读      CNKI AI阅读
3368	黄连煎剂外洗预防婴儿湿疹的临床研究	宋世珅	北京中医药大学	硕士	2016	6	733	原版阅读      CNKI AI阅读
3369	李妍怡主任医师治疗失眠症的临床经验总结	樊省安	甘肃中医药大学	硕士	2016	4	344	原版阅读      CNKI AI阅读
3370	温胆汤临证运用与体会	姜婷婷	北京中医药大学	硕士	2016	4	594	原版阅读      CNKI AI阅读
3371	基于Meta分析和数据挖掘的双黄连注射剂临床评价研究	杨树谊	北京中医药大学	硕士	2016	8	1016	原版阅读      CNKI AI阅读
3372	基于数据挖掘和网络药理学的清热类中成药组方规律研究	金燕萍	北京中医药大学	硕士	2016	41	4352	原版阅读      CNKI AI阅读
3373	基于黄连降糖作用的生物药剂学分类系统研究	隗丽	北京中医药大学	硕士	2016	6	531	原版阅读      CNKI AI阅读
3374	基于经方本原煎服方法的方药临床用量控制研究	王博峰	北京中医药大学	硕士	2016	19	1228	原版阅读      CNKI AI阅读
3375	基于酶联免疫法研究MCAO对大鼠脑和血液中栀子苷药代动力学的影响	于才	北京中医药大学	硕士	2016	3	676	原版阅读      CNKI AI阅读
3376	基于微量热技术的中药寒热度量化分析方法研究	潘超	北京中医药大学	硕士	2016	12	609	原版阅读      CNKI AI阅读
3377	戊己丸胃漂浮微丸制备工艺及血清图谱研究	张晓琳	青岛科技大学	硕士	2016	6	330	原版阅读      CNKI AI阅读
3378	秃疮花生物碱有效部位的分离纯化和8-乙酰氨基异紫堇碱的药动学研究	陈亚丽	兰州大学	硕士	2016	3	262	原版阅读      CNKI AI阅读
3379	糖尿病认知功能障碍研究进展及脑复聪对糖尿病大鼠认知功能的影响	吕智燚	北京中医药大学	硕士	2016	16	1238	原版阅读      CNKI AI阅读
3380	湘西地区战国秦汉墓初步研究	雷智	南京大学	硕士	2014	3	663	原版阅读      CNKI AI阅读
3381	基于植物叶形状和叶脉的植物叶自动分类研究	刘春爽	浙江理工大学	硕士	2016	16	606	原版阅读      CNKI AI阅读
3382	滇、桂两省中越边境地区藓类区系及越南藓类物种多样性研究	章博远	华东师范大学	硕士	2016		351	原版阅读      CNKI AI阅读
3383	郁金散水煎剂治疗仔猪黄痢的安全性和有效性研究	徐道修	吉林大学	硕士	2016	14	570	原版阅读      CNKI AI阅读
3384	以体外细胞模型探究葛根芩连汤剂颗粒消化道—淋巴—胰腺作用途径	杜茜	福州大学	硕士	2014	4	249	原版阅读      CNKI AI阅读
3385	黄连素对“凤凰涅槃”信号通路引起肝癌转移的抑制作用及机制探讨	郑慧琳	吉林大学	硕士	2016	10	296	原版阅读      CNKI AI阅读
3386	黄癸固体分散体对糖尿病小鼠海马神经元凋亡的抑制作用及机制研究	薛欢	吉林大学	硕士	2016		314	原版阅读      CNKI AI阅读
3387	葛根芩连汤药材蛋白自组装行为的研究	林岱	福州大学	硕士	2013	6	703	原版阅读      CNKI AI阅读
3388	TLC-SERS法在黄连等中药鉴别中的应用研究	陈艳琼	江苏大学	硕士	2016	5	484	原版阅读      CNKI AI阅读
3389	福建省珍贵用材树种选评与造林区划	倪必勇	福建农林大学	硕士	2016	8	515	原版阅读      CNKI AI阅读
3390	从反流性食管炎辨证论治文献探讨其证候类型与方药运用特点	王萌	新疆医科大学	硕士	2016	4	274	原版阅读      CNKI AI阅读
3391	葛根芩连汤胶体颗粒的分离表征	郭醉	福州大学	硕士	2014	7	519	原版阅读      CNKI AI阅读
3392	黄连素调控AMPK-mTOR信号通路改善高糖诱导的足细胞损伤	刘淑萍	吉林大学	硕士	2016	33	1776	原版阅读      CNKI AI阅读
3393	《麟凤呈祥秘书》整理校订与学术思想探析	夏婧	云南中医学院	硕士	2016	2	431	原版阅读      CNKI AI阅读
3394	十种常用中药单味、复方制剂对多重耐药鲍曼不动杆菌——体外抑菌作用的研究	张怡敏	西北农林科技大学	硕士	2016	11	673	原版阅读      CNKI AI阅读
3395	雌雄同株黄连木快速繁殖研究	张明华	北京林业大学	硕士	2016	5	262	原版阅读      CNKI AI阅读
3396	凡纳滨对虾急性肝胰腺坏死病防治中草药的筛选	姜燕	大连海洋大学	硕士	2016	31	949	原版阅读      CNKI AI阅读
3397	黄连及其单体对S.suis生物被膜luxS基因及毒力因子的影响	刘冰	东北农业大学	硕士	2014	6	295	原版阅读      CNKI AI阅读
3398	柴芍肠宁颗粒药学研究	刘耀	贵阳中医学院	硕士	2014		421	原版阅读      CNKI AI阅读
3399	以四羟基原小檗碱为前体的新化合物合成与研究	李小龙	长春工业大学	硕士	2014	1	248	原版阅读      CNKI AI阅读
3400	雷州半岛野生能源树种的调查筛选及土坛树种群遗传多样性研究	陈杰	广东海洋大学	硕士	2014	7	238	原版阅读      CNKI AI阅读
	中文题名	作者	学位授予单位	数据库	学位授予年度	被引	下载	操作
3401	仲景《伤寒论》中清热类药对的研究	唐自平	福建中医药大学	硕士	2013	3	411	原版阅读      CNKI AI阅读
3402	胡黄连苷Ⅱ对大鼠脑缺血损伤后H2O2含量和CAT活性的影响	钟亮	青岛大学	硕士	2014	1	102	原版阅读      CNKI AI阅读
3403	益气养阴法治疗初发2型糖尿病胰岛素抵抗临床研究	张娜	泰山医学院	硕士	2013	11	234	原版阅读      CNKI AI阅读
3404	黄连素治疗多囊卵巢综合征胰岛素抵抗的临床研究	邝姮	广州中医药大学	硕士	2014	11	902	原版阅读      CNKI AI阅读
3405	基于《中华医典》明清医家治疗胃痞病用药规律研究	张美娟	广州中医药大学	硕士	2014	13	893	原版阅读      CNKI AI阅读
3406	黄连解毒汤干预血脂异常的实验和临床研究	欧阳学认	广州中医药大学	硕士	2014	5	238	原版阅读      CNKI AI阅读
3407	岭南古籍皮肤病外治法的研究	黄晓雯	广州中医药大学	硕士	2014	5	880	原版阅读      CNKI AI阅读
3408	伏邪、伏毒理论古文献整理及其在溃疡性结肠炎中的应用	刘嫦亮	广州中医药大学	硕士	2014	26	1421	原版阅读      CNKI AI阅读
3409	《伤寒杂病论》方药煎服方法的研究	原静崴	云南中医学院	硕士	2014	11	1519	原版阅读      CNKI AI阅读
3410	彭子益中医圆运动思想对经方学理传承与应用的研究	欧金涛	云南中医学院	硕士	2014	19	1126	原版阅读      CNKI AI阅读
3411	溃结灌肠方灌肠治疗湿热内蕴型溃疡性结肠炎的临床研究	冀春丽	河南中医学院	硕士	2014	1	213	原版阅读      CNKI AI阅读
3412	从胆郁论治中心肥胖型胰岛素抵抗患者的临床干预研究	苏小芳	河南中医学院	硕士	2014	7	181	原版阅读      CNKI AI阅读
3413	大黄及一清软胶囊指纹图谱研究与应用	杜清涛	广东药学院	硕士	2013	6	566	原版阅读      CNKI AI阅读
3414	黄连素在体内外对CYP 3A和P-糖蛋白的影响及其作用机制研究	唐霞	南昌大学	硕士	2014	15	796	原版阅读      CNKI AI阅读
3415	基于1H-NMR技术的黄连上清丸解热作用代谢组学研究	郑磊	南昌大学	硕士	2014	9	580	原版阅读      CNKI AI阅读
3416	黄连阿胶汤加减对糖尿病大鼠降糖疗效及机理的研究	张哲	广州中医药大学	硕士	2014	3	470	原版阅读      CNKI AI阅读
3417	黄连降糖片治疗糖尿病药效学研究	毛培江	浙江大学	硕士	2014	5	867	原版阅读      CNKI AI阅读
3418	黄连解毒汤对高脂血症小鼠肠道菌群及其炎症状态的影响	宋梦微	广州中医药大学	硕士	2014	24	1237	原版阅读      CNKI AI阅读
3419	交泰丸对快速动眼睡眠剥夺大鼠血脑屏障上P-糖蛋白及下丘脑OrexinA影响的研究	黑赏艳	广州中医药大学	硕士	2014	5	384	原版阅读      CNKI AI阅读
3420	唐宋两部妇人方书附子方药配伍及应用规律研究	李娜娜	云南中医学院	硕士	2014	5	582	原版阅读      CNKI AI阅读
3421	清心安神方对室性早搏患者去甲肾上腺素水平的影响	郑刘乐	河南中医学院	硕士	2014	1	73	原版阅读      CNKI AI阅读
3422	中西药组合对多重耐药鲍曼不动杆菌体外抑菌活性的研究	张晓玲	济南大学	硕士	2014	15	867	原版阅读      CNKI AI阅读
3423	黄连素通过调节Bcl-2家族蛋白和Caspase通路抑制缺氧/复氧诱导的H9C2细胞凋亡	车奕宏	第四军医大学	硕士	2014	8	614	原版阅读      CNKI AI阅读
3424	大鼠胰岛beta细胞mini-P-糖蛋白及P糖蛋白表达的初步探究	申翔	天津医科大学	硕士	2014		139	原版阅读      CNKI AI阅读
3425	毛茛科植物花瓣表面的微形态研究	尹阳阳	陕西师范大学	硕士	2014	6	572	原版阅读      CNKI AI阅读
3426	一清系列制剂标准统一规范化研究	杨希	湖北中医药大学	硕士	2014	2	487	原版阅读      CNKI AI阅读
3427	黄连花种子萌发及组织培养体系建立	孙冬玲	东北林业大学	硕士	2014	11	447	原版阅读      CNKI AI阅读
3428	中药对猪嗜血支原体体外抑制效果的研究	邱晨龙	山西农业大学	硕士	2014	2	206	原版阅读      CNKI AI阅读
3429	抗猪嗜血支原体单味中药的体外筛选	孟纪萍	山西农业大学	硕士	2014	4	151	原版阅读      CNKI AI阅读
3430	中药及其复方对奶牛子宫内膜炎病原菌抑菌活性及抗炎作用研究	智晓艳	西北农林科技大学	硕士	2014	19	629	原版阅读      CNKI AI阅读
3431	郁金散及其拆方对奶牛子宫内膜炎病原菌的抑菌活性及抗炎作用研究	崔恩慧	西北农林科技大学	硕士	2014	5	347	原版阅读      CNKI AI阅读
3432	盐酸小檗碱在罗非鱼体内药代动力学及残留研究	秦青英	广东海洋大学	硕士	2014	8	317	原版阅读      CNKI AI阅读
3433	《辅行诀五脏用药法要》与《伤寒论》相关性研究	结小停	云南中医学院	硕士	2014	6	1385	原版阅读      CNKI AI阅读
3434	肠清舒治疗溃疡性结肠炎湿热内蕴证的临床研究	刘晓博	河南中医学院	硕士	2014	2	123	原版阅读      CNKI AI阅读
3435	黄连阿胶胶囊治疗不寐（阴虚火旺证）临床研究	许蒙	河南中医学院	硕士	2014	2	313	原版阅读      CNKI AI阅读
3436	清热药在反流性食管炎中的应用研究	姜锦	南京中医药大学	硕士	2014	2	247	原版阅读      CNKI AI阅读
3437	清化瘀热方治疗2型糖尿病合并高脂血症瘀热阻络证的临床研究	钱橙	南京中医药大学	硕士	2014	5	284	原版阅读      CNKI AI阅读
3438	疏肝健脾、清胆和胃法治疗老年失眠的临床研究	王振	南京中医药大学	硕士	2014	6	372	原版阅读      CNKI AI阅读
3439	清化瘀热法治疗2型糖尿病瘀热相搏证的临床和实验研究	汤灵翼	南京中医药大学	硕士	2014	2	132	原版阅读      CNKI AI阅读
3440	清肝降逆、泻热和胃法治疗肝胃郁热型胃食管返流病的临床疗效观察	韦云霞	南京中医药大学	硕士	2014	1	228	原版阅读      CNKI AI阅读
3441	加味黄连温胆颗粒治疗痰热扰心型失眠症的临床观察	简士凯	南京中医药大学	硕士	2014	2	365	原版阅读      CNKI AI阅读
3442	黄连汤加味治疗脾胃湿热型慢性萎缩性胃炎的临床研究	贾玉	新疆医科大学	硕士	2014	3	191	原版阅读      CNKI AI阅读
3443	理气化痰活血方和益气养阴清热方调节人乳头状甲状腺癌细胞TPC-1生长信号转导的研究	宋雪杰	河南中医学院	硕士	2014	5	436	原版阅读      CNKI AI阅读
3444	云连总生物碱提取工艺及云连总生物碱对小鼠焦虑行为的影响	李乾胜	河南中医学院	硕士	2014		174	原版阅读      CNKI AI阅读
3445	中药生物黏附制剂愈溃膜体外释放与黏膜渗透机制研究	郝亚洁	河南中医学院	硕士	2014		213	原版阅读      CNKI AI阅读
3446	近红外光谱法结合化学计量学技术高通量分析黄连上清丸总体质量差异的方法学研究	陈杨	重庆医科大学	硕士	2014	1	241	原版阅读      CNKI AI阅读
3447	岩黄连总碱单用及联用顺铂对人肺腺癌A549细胞增殖的影响及机制的研究	安然	桂林医学院	硕士	2014	1	150	原版阅读      CNKI AI阅读
3448	葡萄膜炎糖皮质激素治疗分析及胡黄连苷Ⅱ在内毒素诱导大鼠葡萄膜炎模型中的抗炎作用	曲景灏	大连医科大学	硕士	2013		285	原版阅读      CNKI AI阅读
3449	石林溶丘洼地区不同恢复阶段植物水分利用的稳定同位素研究	朱秀勤	云南师范大学	硕士	2014	21	711	原版阅读      CNKI AI阅读
3450	黄连汤抗鸭疫里氏杆菌内毒素的活性成分初步分析	蒋昭君	浙江农林大学	硕士	2014	1	171	原版阅读      CNKI AI阅读
	中文题名	作者	学位授予单位	数据库	学位授予年度	被引	下载	操作
3451	Kigamicin生物合成途径的研究	黄连琴	福建师范大学	硕士	2014	1	121	原版阅读      CNKI AI阅读
3452	几种前处理对温州蜜柑保鲜影响的研究	赵江	山西农业大学	硕士	2014	5	380	原版阅读      CNKI AI阅读
3453	4种中药材抑菌活性及壳聚糖微胶囊剂型制备研究	侯东耀	北京化工大学	硕士	2008		254	原版阅读      CNKI AI阅读
3454	不同农艺措施缓解地黄连作障碍研究	茹瑞红	河南农业大学	硕士	2014	4	438	原版阅读      CNKI AI阅读
3455	中国非粮生物柴油能源植物的资源调查化学成分分析及评价筛选	叶心芬	仲恺农业工程学院	硕士	2014	10	673	原版阅读      CNKI AI阅读
3456	杭州西湖风景名胜区古树长期固碳规律及景观美学评价研究	杜红玉	浙江农林大学	硕士	2014	21	739	原版阅读      CNKI AI阅读
3457	中草药饲料添加剂对丝羽乌骨鸡生产性能和免疫器官指数的影响	张增轩	河南农业大学	硕士	2014	18	573	原版阅读      CNKI AI阅读
3458	白头翁颗粒的制备及其药效学研究	张颖	吉林大学	硕士	2014	3	820	原版阅读      CNKI AI阅读
3459	仲景姜附剂药证方证研究	沈柯	南京中医药大学	硕士	2014	3	637	原版阅读      CNKI AI阅读
3460	加减两地汤对2型糖尿病女性性功能障碍的临床研究	瞿文云	南京中医药大学	硕士	2014	3	231	原版阅读      CNKI AI阅读
3461	基于中医古代文献对高血压病相关病证的研究	季丹丹	南京中医药大学	硕士	2013	30	1368	原版阅读      CNKI AI阅读
3462	阎洪臣教授湿浊证治特点研究	尹剑飞	长春中医药大学	硕士	2014	2	283	原版阅读      CNKI AI阅读
3463	连蒌温胆汤治疗湿热内蕴，痰瘀互结型初发2型糖尿病患者的临床研究	商广耀	山东中医药大学	硕士	2014	2	238	原版阅读      CNKI AI阅读
3464	清心降火法治疗冠心病心火炽盛证临床依据的系统评价研究	张杉杉	山东中医药大学	硕士	2014	7	240	原版阅读      CNKI AI阅读
3465	基于数据挖掘的丁书文教授辨治老年高血压病的研究	李慧慧	山东中医药大学	硕士	2014	6	447	原版阅读      CNKI AI阅读
3466	中医“五神”学说之“魂”、“魄”要素异常状态的靶向用药规律研究	任汉书	山东中医药大学	硕士	2014	5	647	原版阅读      CNKI AI阅读
3467	平心定悸汤对气阴两虚证快速性心律失常的临床疗效研究	刘江	山东中医药大学	硕士	2014	9	349	原版阅读      CNKI AI阅读
3468	林慧娟诊治快速性心律失常学术经验及心疾宁方证研究	侯林	山东中医药大学	硕士	2014	4	318	原版阅读      CNKI AI阅读
3469	痛经中医文献用药规律研究	郑媛媛	山东中医药大学	硕士	2014	12	1539	原版阅读      CNKI AI阅读
3470	清溃愈疡汤结合中药灌肠治疗溃疡性结肠炎作用机制研究	刘同亭	山东中医药大学	硕士	2012	2	186	原版阅读      CNKI AI阅读
3471	益气养阴清热法治疗2型糖尿病胰岛素抵抗临床观察	邬宜君	山东中医药大学	硕士	2014	7	280	原版阅读      CNKI AI阅读
3472	丁书文教授钩藤方加减治疗高血压并发胰岛素抵抗的临床研究	魏明珠	山东中医药大学	硕士	2014	2	172	原版阅读      CNKI AI阅读
3473	基于临床科研一体化平台对104例中医治疗慢性乙型肝炎真实世界的用药规律探讨	鲁玉银	山东中医药大学	硕士	2014	6	561	原版阅读      CNKI AI阅读
3474	黄连素治疗糖尿病肾病疗效和安全性的评价—荟萃分析	姚金铭	山东中医药大学	硕士	2014		385	原版阅读      CNKI AI阅读
3475	治疗肾消病方剂的用药规律研究	樊园园	南京中医药大学	硕士	2014	5	396	原版阅读      CNKI AI阅读
3476	高脂饮食诱导的2型糖尿病模型“标”“本”治疗的探讨	陈璐	南京中医药大学	硕士	2014	1	419	原版阅读      CNKI AI阅读
3477	小檗碱和人参皂苷Rb1合用对脂肪细胞炎症因子表达和炎症信号通路的影响	张红霞	南京中医药大学	硕士	2014	10	979	原版阅读      CNKI AI阅读
3478	黄芩—黄连药对与肠道菌群的相互作用研究	徐君	南京中医药大学	硕士	2014	132	7534	原版阅读      CNKI AI阅读
3479	反渗透浓缩对中药物料体系渗透压等理化参数的影响及其膜动力学研究	金唐慧	南京中医药大学	硕士	2014	4	364	原版阅读      CNKI AI阅读
3480	《伤寒论》方药配伍规律方剂计量学分析	王苗	新疆医科大学	硕士	2014	7	855	原版阅读      CNKI AI阅读
3481	小陷胸汤方证研究	高超	暨南大学	硕士	2014	6	812	原版阅读      CNKI AI阅读
3482	抗感染NZF方的研究	刘静	广东药学院	硕士	2014		136	原版阅读      CNKI AI阅读
3483	小檗碱与肝药酶的相互作用及其代谢机制研究	陈健龙	长春中医药大学	硕士	2014	3	548	原版阅读      CNKI AI阅读
3484	金黄膏抑制大鼠皮下软组织感染的实验研究	刘梦平	长春中医药大学	硕士	2014	17	337	原版阅读      CNKI AI阅读
3485	黄连厚朴药对中有效成分结构修饰初探	邱志兵	广州中医药大学	硕士	2012	2	311	原版阅读      CNKI AI阅读
3486	基于古今药方纵横的山豆根应用规律研究	孟丽萍	山东中医药大学	硕士	2013	5	668	原版阅读      CNKI AI阅读
3487	黄连解毒汤对MCAO大鼠急性肺损伤的实验研究	司增顺	山东中医药大学	硕士	2014	1	195	原版阅读      CNKI AI阅读
3488	消积止泻颗粒的研制及质量标准研究	段文强	山东中医药大学	硕士	2014	2	507	原版阅读      CNKI AI阅读
3489	大黄黄连泻心汤对自发性高血压大鼠降压机理的实验研究	宫庆东	山东中医药大学	硕士	2014	4	473	原版阅读      CNKI AI阅读
3490	中医辨证用药联合“四联疗法”对慢性胃炎伴幽门螺杆菌感染的临床疗效观察	朱晓艳	南京中医药大学	硕士	2014	6	339	原版阅读      CNKI AI阅读
3491	小檗碱及其衍生物抗痛风作用研究	刘悦	佳木斯大学	硕士	2014	19	728	原版阅读      CNKI AI阅读
3492	类胡萝卜素对肿瘤细胞多药耐药性的影响及其作用机制	刘碧英	中南大学	硕士	2014	1	241	原版阅读      CNKI AI阅读
3493	传统发酵面制品中腐败微生物及其天然抑菌剂研究	程红党	河北农业大学	硕士	2014	14	829	原版阅读      CNKI AI阅读
3494	清中安神饮治疗痰热内扰型失眠的临床研究	杨小燕	山东中医药大学	硕士	2014	1	164	原版阅读      CNKI AI阅读
3495	黄连温胆汤加减方对糖尿病后抑郁患者的临床干预研究	周帆	浙江中医药大学	硕士	2014	10	319	原版阅读      CNKI AI阅读
3496	中草药超声提取液对山药防腐保鲜效果的研究	韩志强	河南工业大学	硕士	2014	7	450	原版阅读      CNKI AI阅读
3497	沪昆高铁黄连山隧道光面爆破技术研究与应用	邓诗泉	昆明理工大学	硕士	2014	10	510	原版阅读      CNKI AI阅读
3498	黄连温胆汤治疗胃溃疡湿热证TXB2、PGE2、VEGF、bFGF表达的实验研究和临床证候疗效的观察	柴华	成都中医药大学	硕士	2014	8	279	原版阅读      CNKI AI阅读
3499	张兰教授治疗消渴不寐经验总结	牟娇娇	辽宁中医药大学	硕士	2014	8	235	原版阅读      CNKI AI阅读
3500	《温病条辨》对《伤寒论》“存津液”的传承发展	陈禹霖	成都中医药大学	硕士	2014	12	1051	原版阅读      CNKI AI阅读
	中文题名	作者	学位授予单位	数据库	学位授予年度	被引	下载	操作
3501	黄连膏外敷联合TDP局部照射治疗混合痔术后水肿的疗效观察	杜忠群	成都中医药大学	硕士	2014	6	224	原版阅读      CNKI AI阅读
3502	基于金元时期代表性医籍的脾脏象基本理论整理研究	贺颖	辽宁中医药大学	硕士	2014	11	887	原版阅读      CNKI AI阅读
3503	中医治疗2型糖尿病的用药规律探微	贺欣	辽宁中医药大学	硕士	2014	3	387	原版阅读      CNKI AI阅读
3504	麝香保心丸和黄连解毒汤的药物动力学研究	彭成成	上海交通大学	硕士	2014	5	398	原版阅读      CNKI AI阅读
3505	黄连须质量标准研究和黄连及其炮制品质量标准提升	孙建彬	成都中医药大学	硕士	2014	4	543	原版阅读      CNKI AI阅读
3506	皮粘散促进大鼠慢性皮肤溃疡愈合机制及初步安全性研究	李宇轩	成都中医药大学	硕士	2014	6	285	原版阅读      CNKI AI阅读
3507	加味黄连解毒汤对热毒蕴结型胃溃疡cAMP、cGMP的实验研究及临床症候疗效观察	刘天峰	成都中医药大学	硕士	2014	4	163	原版阅读      CNKI AI阅读
3508	通络糖泰颗粒药学部分研究	胡清	成都中医药大学	硕士	2014	1	108	原版阅读      CNKI AI阅读
3509	加味黄连解毒汤对胃溃疡毒热证模型大鼠血清CORT、NT含量的影响及临床证候疗效观察	凌娜	成都中医药大学	硕士	2014	2	140	原版阅读      CNKI AI阅读
3510	基于生物热动力学的微生物检测新方法建立及应用	郜丹	成都中医药大学	硕士	2014	1	329	原版阅读      CNKI AI阅读
3511	地黄与芝麻的化感互作研究	刘红记	河南农业大学	硕士	2013		214	原版阅读      CNKI AI阅读
3512	云南易门县园林树种规划研究	谢恭莉	西南林业大学	硕士	2013	2	425	原版阅读      CNKI AI阅读
3513	基于数据挖掘技术的2型糖尿病中医证治规律研究	向茗	湖南中医药大学	硕士	2015	18	771	原版阅读      CNKI AI阅读
3514	《伤寒论》呕吐辨治研究	邹旭峰	湖南中医药大学	硕士	2015	7	1512	原版阅读      CNKI AI阅读
3515	疏肝清胃汤治疗返流性食管炎肝胃郁热证的临床疗效观察	许渠	湖南中医药大学	硕士	2015	1	234	原版阅读      CNKI AI阅读
3516	加味黄连温胆汤治疗儿童上气道咳嗽综合征（痰热内蕴证）临床观察	李彩霞	湖南中医药大学	硕士	2015	5	297	原版阅读      CNKI AI阅读
3517	基于数据挖掘的朱建贵教授治疗失眠经验研究	张奇	中国中医科学院	硕士	2014	7	587	原版阅读      CNKI AI阅读
3518	原发性失眠症辨证论治疗效评价的随机对照盲法设计方法研究	李鹏	中国中医科学院	硕士	2014	6	623	原版阅读      CNKI AI阅读
3519	清热化痰法及其代表方剂研究	谢静文	中国中医科学院	硕士	2014	7	949	原版阅读      CNKI AI阅读
3520	基于干姜黄芩黄连人参汤临床有效的煮散工艺研究及其药效学分析	彭智平	中国中医科学院	硕士	2014	7	418	原版阅读      CNKI AI阅读
3521	傈僳族女性服饰图案在旅游商品中的应用研究——以保山市龙陵县黄连河村为例	王潇宇	云南艺术学院	硕士	2015	6	683	原版阅读      CNKI AI阅读
3522	黄冈市维管植物多样性及其保护研究	刘兰	华中农业大学	硕士	2011	5	356	原版阅读      CNKI AI阅读
3523	半枝莲提取工艺及复方半枝莲片制备工艺的研究	李一圣	广州中医药大学	硕士	2011	1	292	原版阅读      CNKI AI阅读
3524	黄术健胃片的制备工艺与质量标准研究	陈剑平	广州中医药大学	硕士	2011		212	原版阅读      CNKI AI阅读
3525	春雨烧伤凝胶剂的制备工艺研究	任卫琼	湖南中医药大学	硕士	2006		191	原版阅读      CNKI AI阅读
3526	健脾愈肠片制备工艺研究	杨红艳	湖南中医药大学	硕士	2007		92	原版阅读      CNKI AI阅读
3527	南岸味连与北岸味连的主要特性研究	黄琪	华中农业大学	硕士	2011	2	62	原版阅读      CNKI AI阅读
3528	地黄自毒物质的分离与鉴定	原增艳	河南农业大学	硕士	2010	10	281	原版阅读      CNKI AI阅读
3529	黄连木叶片矿质元素季节性变化规律研究	王丹	西南大学	硕士	2012	11	199	原版阅读      CNKI AI阅读
3530	中药地翁颗粒治疗仔猪白痢的有效性和安全性研究	夏方	吉林大学	硕士	2015	9	897	原版阅读      CNKI AI阅读
3531	慢性胃炎中医辨证与用药规律的临床探析	张惠强	南京中医药大学	硕士	2008	2	383	原版阅读      CNKI AI阅读
3532	胡黄连素衍生物的化学合成及其活性评价	卢肖宇	暨南大学	硕士	2010	1	177	原版阅读      CNKI AI阅读
3533	创新药物益母草碱质量控制和稳定性研究	谢美芬	复旦大学	硕士	2011	6	574	原版阅读      CNKI AI阅读
3534	新型高效IDO抑制剂的筛选及其机制研究	于存静	复旦大学	硕士	2011		478	原版阅读      CNKI AI阅读
3535	黄癸固体分散体抗2型糖尿病小鼠胰岛β细胞凋亡作用及其机制研究	毕晓佳	吉林大学	硕士	2015	1	242	原版阅读      CNKI AI阅读
3536	干姜对黄连中五种主要生物碱药代动力学的影响	宁浩辰	哈尔滨商业大学	硕士	2015	6	386	原版阅读      CNKI AI阅读
3537	安神药及开窍药对小鼠外周血淋巴细胞DNA的损伤研究	涂凌	沈阳药科大学	硕士	2008	1	154	原版阅读      CNKI AI阅读
3538	黄连须中高纯度复合生物碱的提取和功能评价	梁艳婷	西南大学	硕士	2009	2	135	原版阅读      CNKI AI阅读
3539	黄连须成分分析及抑菌活性研究	郑静	西南大学	硕士	2009	4	345	原版阅读      CNKI AI阅读
3540	结肠宝康微丸鉴别与含量方法的研究	尹志清	湖南中医药大学	硕士	2006		46	原版阅读      CNKI AI阅读
3541	萸黄连有效部位的制备及其质量控制方法的研究	黄艳萍	南方医科大学	硕士	2009	2	136	原版阅读      CNKI AI阅读
3542	“IBS胶囊”的药学研究	马海勇	南京中医药大学	硕士	2009		74	原版阅读      CNKI AI阅读
3543	葛根芩连汤沉淀物溶出度及盐酸小檗碱、葛根素配伍肠吸收变化的研究	郭友立	南方医科大学	硕士	2010	8	489	原版阅读      CNKI AI阅读
3544	以细胞壁为靶标的真菌抑制剂的研究	马宁	浙江工业大学	硕士	2010	12	452	原版阅读      CNKI AI阅读
3545	皇藏峪自然保护区五种优势乔木树种生态化学计量学研究	郭治远	淮北师范大学	硕士	2015	4	218	原版阅读      CNKI AI阅读
3546	高效毛细管电泳分离分析几类药物活性成分的研究	邵娅婷	云南大学	硕士	2015	3	620	原版阅读      CNKI AI阅读
3547	具有抑菌作用的中药提取物筛选及应用研究	周金凤	云南中医学院	硕士	2015	21	3421	原版阅读      CNKI AI阅读
3548	睡安胶囊制备工艺和质量标准的研究	孙继泽	吉林大学	硕士	2015	2	532	原版阅读      CNKI AI阅读
3549	黄癸固体分散体通过抑制JNK保护心肌缺血再灌注损伤的作用机制研究	呼雅丽	吉林大学	硕士	2015	7	256	原版阅读      CNKI AI阅读
3550	近代怒江地区傈傈族经济社会发展演变研究	褚质丽	云南大学	硕士	2015	1	473	原版阅读      CNKI AI阅读
	中文题名	作者	学位授予单位	数据库	学位授予年度	被引	下载	操作
3551	磁性介孔二氧化硅纳米粒子担载黄连素及其体外抗肿瘤作用的研究	王政	吉林大学	硕士	2015	4	732	原版阅读      CNKI AI阅读
3552	《伤寒杂病论》中人参的配伍规律及其学术思想探析	陈东元	云南中医学院	硕士	2015	8	1045	原版阅读      CNKI AI阅读
3553	《伤寒杂病论》中“半夏”的运用规律及其学术探讨	朱耀	云南中医学院	硕士	2015	5	1198	原版阅读      CNKI AI阅读
3554	双水相萃取黄连生物碱的研究	王凤薇	长春工业大学	硕士	2015	4	546	原版阅读      CNKI AI阅读
3555	荧光光谱成像技术在中药品质检测中的应用研究	董佳	暨南大学	硕士	2015	2	614	原版阅读      CNKI AI阅读
3556	黄连解毒汤及其相关成分的生物活性研究	米冉	湖北师范学院	硕士	2015	5	309	原版阅读      CNKI AI阅读
3557	由雅连多体生物碱生成四氢四羟基雅连原碱及其衍生物的工艺研究	陈东晖	长春工业大学	硕士	2015	2	63	原版阅读      CNKI AI阅读
3558	黄连生物碱及8-烷基小檗碱衍生物对嗜水气单胞菌抑菌机制的研究	薛东芳	西南大学	硕士	2015	24	600	原版阅读      CNKI AI阅读
3559	仲景《伤寒论》“存津液”学术思想研究	杨芸	云南中医学院	硕士	2015	2	791	原版阅读      CNKI AI阅读
3560	黄连素联合中药对肥胖型PC0S患者胰岛素抵抗及血脂水平的影响	王育云	广州中医药大学	硕士	2015	2	305	原版阅读      CNKI AI阅读
3561	《临证指南医案》中乌梅及乌梅丸运用规律探讨	肖静	广州中医药大学	硕士	2015	6	1203	原版阅读      CNKI AI阅读
3562	加味五苓散治疗反流性食道炎的证治研究	邱锦源	广州中医药大学	硕士	2015	5	221	原版阅读      CNKI AI阅读
3563	化裁黄连阿胶汤治疗糖尿病周围神经病变的临床研究	钟锦煜	广州中医药大学	硕士	2015	3	201	原版阅读      CNKI AI阅读
3564	179例溃疡性结肠炎临床分析	阮氏明秋(Nguyen Thi Minh Thu,Vietnamese)	广州中医药大学	硕士	2015	10	491	原版阅读      CNKI AI阅读
3565	黄连素联合加减苍附导痰汤对肥胖型PCOS患者的血清MCP-1水平的影响	刘伟	广州中医药大学	硕士	2015	10	384	原版阅读      CNKI AI阅读
3566	基于中医传承辅助软件对慢性肾衰古籍文献方药规律研究	彭苏元	广州中医药大学	硕士	2015	11	543	原版阅读      CNKI AI阅读
3567	葛洪《肘后备急方》临证经验整理与研究	魏永明	广州中医药大学	硕士	2015	20	1213	原版阅读      CNKI AI阅读
3568	台湾青草药的研究概要及其在妇科的应用	章志虔	广州中医药大学	硕士	2015	2	574	原版阅读      CNKI AI阅读
3569	基于中医传承辅助系统分析名老中医张贻芳哮喘组方规律	黄兰新	北京中医药大学	硕士	2015	1	253	原版阅读      CNKI AI阅读
3570	复方苦参止痒软膏治疗亚急性、慢性湿疹的临床研究	蔡艳丽	北京中医药大学	硕士	2015		192	原版阅读      CNKI AI阅读
3571	《备急千金要方》中《伤寒杂病论》文献研究	朱立	北京中医药大学	硕士	2015	13	1307	原版阅读      CNKI AI阅读
3572	调神法在功能性胃肠病治疗中的应用临床研究	彭艳	北京中医药大学	硕士	2015	8	424	原版阅读      CNKI AI阅读
3573	《伤寒论》“方—证要素对应”研究	刘艳红	北京中医药大学	硕士	2015	3	598	原版阅读      CNKI AI阅读
3574	冯玲主任医师治疗快速性心律失常临床用药规律探讨	胡世蕊	北京中医药大学	硕士	2015	1	363	原版阅读      CNKI AI阅读
3575	基于数据挖掘的朱建贵教授治疗失眠的药法规律及疗效评价研究	关越馨	北京中医药大学	硕士	2015	6	366	原版阅读      CNKI AI阅读
3576	狐惑病从疡论治的理论与临床研究	刘佳义	辽宁中医药大学	硕士	2014	6	327	原版阅读      CNKI AI阅读
3577	溃疡性结肠炎中医个体化治疗及方药证治规律的文献研究	解赢	辽宁中医药大学	硕士	2014	5	357	原版阅读      CNKI AI阅读
3578	张明雪教授运用黄连温胆汤加减治疗痰火内扰型失眠之经验总结	尹大皓	辽宁中医药大学	硕士	2014	15	425	原版阅读      CNKI AI阅读
3579	中医药治疗溃疡性结肠炎用药规律文献研究	高爽	辽宁中医药大学	硕士	2014	1	264	原版阅读      CNKI AI阅读
3580	三黄泻心汤水提物对痤疮丙酸杆菌的体外抑菌实验研究	陈芳园	南京中医药大学	硕士	2015	4	650	原版阅读      CNKI AI阅读
3581	清胆泻胃法治疗胆热犯胃型慢性胃炎伴胆汁反流的临床疗效研究	缪佳明	南京中医药大学	硕士	2015	1	123	原版阅读      CNKI AI阅读
3582	黄连须和小檗碱对草鱼出血病的预防作用及其机理	牟绍霞	西南大学	硕士	2015	10	214	原版阅读      CNKI AI阅读
3583	黄连碱对HepG2细胞和斑马鱼血脂调节及降胆固醇机制研究	陈彪	西南大学	硕士	2015	17	1445	原版阅读      CNKI AI阅读
3584	加减黄连阿胶汤对2型糖尿病大鼠模型降糖机制的初探	冯露夷	广州中医药大学	硕士	2015	9	246	原版阅读      CNKI AI阅读
3585	配伍肉桂醛对盐酸小檗碱在快速动眼睡眠剥夺大鼠血液与脑组织分布的影响	熊志明	广州中医药大学	硕士	2015	13	459	原版阅读      CNKI AI阅读
3586	小檗碱与葛根素的合成以及急性毒性、相关药效学研究	张磊	广州中医药大学	硕士	2015	4	545	原版阅读      CNKI AI阅读
3587	交泰丸镇静催眠作用的靶标代谢组学研究	刘光辉	广州中医药大学	硕士	2015	18	1009	原版阅读      CNKI AI阅读
3588	交泰丸在正常和PCPA失眠大鼠的药动学和PK-PD结合模型研究	何薇	广州中医药大学	硕士	2015	7	1020	原版阅读      CNKI AI阅读
3589	TGF β1诱导乳鼠结肠上皮组织细胞表型转变及中药干预作用	付道时	广州中医药大学	硕士	2015	1	177	原版阅读      CNKI AI阅读
3590	ISO/TC249项目中药方剂与日方汉方方剂的比较研究	徐美渠	广州中医药大学	硕士	2015	1	519	原版阅读      CNKI AI阅读
3591	半夏泻心汤调节胃肠平滑肌细胞Cx43介导的GJIC机制研究	蒋锋利	北京中医药大学	硕士	2015	10	312	原版阅读      CNKI AI阅读
3592	基于生物药剂学分类系统的葛根芩连方中小檗碱的溶解渗透属性研究	朱美玲	北京中医药大学	硕士	2015	10	861	原版阅读      CNKI AI阅读
3593	《备急千金要方》妇人方用药配伍组方特色研究	洪芳	北京中医药大学	硕士	2015	14	945	原版阅读      CNKI AI阅读
3594	基于TGF-β/Smads信号转导通路调控基质代谢探讨活血解毒方对糖尿病大鼠视网膜病变的影响	何洁	北京中医药大学	硕士	2015	6	298	原版阅读      CNKI AI阅读
3595	虚热证中医文献及方药证治规律研究	张梦奇	北京中医药大学	硕士	2015	8	950	原版阅读      CNKI AI阅读
3596	黄芩、黄连提取液物性参数的测定及相关性研究	鲁冰	北京中医药大学	硕士	2015	6	469	原版阅读      CNKI AI阅读
3597	半夏泻心汤及其拆方对大鼠胃组织Cx43、PKC-α表达的影响	李翠	北京中医药大学	硕士	2015	5	362	原版阅读      CNKI AI阅读
3598	方剂辨证论治方法体系之建立——黄连阿胶汤证的辨证施治	胡丽伟	黑龙江中医药大学	硕士	2015		264	原版阅读      CNKI AI阅读
3599	胡黄连苦苷Ⅰ、Ⅱ的结构修饰及构效关系研究	殷鑫	黑龙江中医药大学	硕士	2015		298	原版阅读      CNKI AI阅读
3600	连翘对照提取物制备及应用研究	张宇	黑龙江中医药大学	硕士	2015	3	429	原版阅读      CNKI AI阅读
	中文题名	作者	学位授予单位	数据库	学位授予年度	被引	下载	操作
3601	降逆和胃汤对胆汁反流性胃炎模型大鼠的影响	蔡菊	辽宁中医药大学	硕士	2014		146	原版阅读      CNKI AI阅读
3602	黄连解毒汤对MODS患者凝血功能影响的临床研究	柴倩	广州中医药大学	硕士	2015	2	92	原版阅读      CNKI AI阅读
3603	科学发展观指导下的“石柱模式”研究	谭海波	西南大学	硕士	2015		161	原版阅读      CNKI AI阅读
3604	荧光光谱成像法在中成药质量的应用研究及图像处理程序的设计	梁兰	暨南大学	硕士	2013	1	315	原版阅读      CNKI AI阅读
3605	UV-Fenton法处理模拟制药废水研究	武莉莉	哈尔滨工业大学	硕士	2013	6	909	原版阅读      CNKI AI阅读
3606	葛根芩连分散片制备工艺研究	张玮	第一军医大学	硕士	2007	2	717	原版阅读      CNKI AI阅读
3607	沙尘胁迫对阿月浑子叶片光合生理的影响	帕提古力·麦麦提	新疆农业大学	硕士	2013	11	267	原版阅读      CNKI AI阅读
3608	马鞍山市城市山体林的群落特征及综合评价	宣婷婷	安徽农业大学	硕士	2011	3	175	原版阅读      CNKI AI阅读
3609	左金丸体外抗肿瘤活性及作用机制的初步研究	许丽娜	大连医科大学	硕士	2012	5	294	原版阅读      CNKI AI阅读
3610	葛根芩连汤饮片煎煮与改良煮散对T2DM大鼠降糖疗效的对比研究	张岩	中国中医科学院	硕士	2013	4	574	原版阅读      CNKI AI阅读
3611	葛根芩连汤治疗2型糖尿病疗效相关因素分析研究	郭允	中国中医科学院	硕士	2013	3	653	原版阅读      CNKI AI阅读
3612	四妙颗粒对2型糖尿病湿热困脾型胰岛素抵抗的临床研究	胡斌	南京中医药大学	硕士	2007	2	196	原版阅读      CNKI AI阅读
3613	苦寒清热法在内伤杂病中的应用研究	张振宇	南京中医药大学	硕士	2007	2	258	原版阅读      CNKI AI阅读
3614	甘寒濡润法结合PPI治疗GERD胃火阴虚证临床观察	王大光	南京中医药大学	硕士	2007	3	102	原版阅读      CNKI AI阅读
3615	中药配伍禁忌理论文献研究	位亚丽	中国中医科学院	硕士	2013	22	5390	原版阅读      CNKI AI阅读
3616	黄连花薹降血脂功能研究及其安全性评价	王祯旭	西南大学	硕士	2007	4	260	原版阅读      CNKI AI阅读
3617	香连丸二次开发结肠靶向制剂的药学研究	彭树灵	南方医科大学	硕士	2007	4	343	原版阅读      CNKI AI阅读
3618	复方清解胶囊药学研究	芮春兰	南京中医药大学	硕士	2007		225	原版阅读      CNKI AI阅读
3619	分离技术对黄连解毒汤物理及生物药剂学参数影响的初步研究	傅佳	南京中医药大学	硕士	2007	3	345	原版阅读      CNKI AI阅读
3620	基于光谱和光声谱的中药材成分检测	顾体波	电子科技大学	硕士	2013	1	374	原版阅读      CNKI AI阅读
3621	凤县铅锌矿区AMF分布及其与土壤因子的相关性	许加	西北农林科技大学	硕士	2013	9	363	原版阅读      CNKI AI阅读
3622	南京老山地区植物区系与植物资源研究	黄健	南京林业大学	硕士	2013	40	1659	原版阅读      CNKI AI阅读
3623	同步提取转化低品味油脂制备生物柴油	张磊	西北农林科技大学	硕士	2013	1	146	原版阅读      CNKI AI阅读
3624	西北地区117种植物的杀螨活性筛选	霍彦波	西北农林科技大学	硕士	2013	5	427	原版阅读      CNKI AI阅读
3625	黄连产小檗碱内生真菌的分离鉴定	厉秀秀	西北农林科技大学	硕士	2013	4	459	原版阅读      CNKI AI阅读
3626	配方施肥对不同轮作模式下黄连生长发育的影响	曾烨	华中农业大学	硕士	2013	3	274	原版阅读      CNKI AI阅读
3627	复方中药对肾型IBV诱发鸡痛风的防治作用	匡俊	江西农业大学	硕士	2013	8	367	原版阅读      CNKI AI阅读
3628	苍朴口服液的制备和药理毒理学研究	王海军	中国农业科学院	硕士	2013	6	768	原版阅读      CNKI AI阅读
3629	罗非鱼无乳链球菌病DNA疫苗的研究及有效中草药的筛选	刘亮	中山大学	硕士	2013	14	776	原版阅读      CNKI AI阅读
3630	叶天士《临证指南医案》苦辛通降法用药配伍规律研究	于洋	云南中医学院	硕士	2013	13	1500	原版阅读      CNKI AI阅读
3631	基于成分敲出/敲入的中药（黄连）药效物质辨识和质量控制模式的研究	李俊贤	昆明理工大学	硕士	2013	22	1703	原版阅读      CNKI AI阅读
3632	黄连素经由PI3K通过调控MMP3和MMP9的表达抑制肺炎衣原体感染诱导的VSMC迁移	魏俊燕	天津医科大学	硕士	2013	1	381	原版阅读      CNKI AI阅读
3633	月桂酰基苹果酸酯毛细管胶束电动色谱在中药分析中的应用研究	胡梦迪	广西大学	硕士	2013		167	原版阅读      CNKI AI阅读
3634	生物碱印迹聚合物的制备及其吸附行为研究	李昱琢	吉首大学	硕士	2013	1	365	原版阅读      CNKI AI阅读
3635	三黄补凝胶对牙周骨缺损再生和BMP-2表达影响的实验研究	左燕	重庆医科大学	硕士	2013	1	207	原版阅读      CNKI AI阅读
3636	抗微生物药长期给药对小鼠肠道微生物组多样性的影响	邓冠华	南方医科大学	硕士	2013	27	3359	原版阅读      CNKI AI阅读
3637	谷维素与黄连素联合应用的药效学及药动学研究	潘艳娜	南方医科大学	硕士	2013	3	732	原版阅读      CNKI AI阅读
3638	杭州西湖宝石山植物景观调查研究	刁怀庆	浙江农林大学	硕士	2013	8	481	原版阅读      CNKI AI阅读
3639	不同膜组件对中药水提液膜过程的影响及其亚临界通量操作优化研究	刘红波	南京中医药大学	硕士	2013	11	340	原版阅读      CNKI AI阅读
3640	不同贮藏方式对山药品质影响的研究	古争艳	河南工业大学	硕士	2013	22	1153	原版阅读      CNKI AI阅读
3641	蛋白质组学方法分析雌雄异株植物黄连木性别相关的差异蛋白	熊二辉	河南农业大学	硕士	2013	11	473	原版阅读      CNKI AI阅读
3642	鸭疫里氏杆菌的分子诊断及抗药性研究	谭秋杉	浙江农林大学	硕士	2013		227	原版阅读      CNKI AI阅读
3643	鸭疫里氏杆菌内毒素的提取及黄连汤对其消除作用的研究	高利荣	浙江农林大学	硕士	2013	1	212	原版阅读      CNKI AI阅读
3644	调心饮对糖尿病心脏自主神经病变心率变异性的影响	刘昕烨	山东中医药大学	硕士	2013	2	172	原版阅读      CNKI AI阅读
3645	曹志群教授治疗腹痛用药规律分析	马继鹏	山东中医药大学	硕士	2013	1	224	原版阅读      CNKI AI阅读
3646	黄连解毒汤对2型糖尿病的临床观察及对糖尿病大鼠脂肪因子Chemerin、Visfatin的实验研究	崔秋环	山东中医药大学	硕士	2013	6	347	原版阅读      CNKI AI阅读
3647	苦辛养中汤治疗寒热错杂型慢性胃炎的临床研究	高博	山东中医药大学	硕士	2013	4	320	原版阅读      CNKI AI阅读
3648	加味葛根芩连汤治疗阳明湿热瘀阻型血管性痴呆临床疗效观察	贾玑君	山东中医药大学	硕士	2013	18	525	原版阅读      CNKI AI阅读
3649	柴连饮治疗胃食管反流病肝胃郁热证的临床疗效观察	李季	山东中医药大学	硕士	2013	2	324	原版阅读      CNKI AI阅读
3650	2型糖尿病亚临床动脉硬化内皮功能的改变及中药干预研究	李倩倩	山东中医药大学	硕士	2013		170	原版阅读      CNKI AI阅读
	中文题名	作者	学位授予单位	数据库	学位授予年度	被引	下载	操作
3651	心悸1号方治疗快速型心律失常阴虚火旺证的临床研究	刘梅	山东中医药大学	硕士	2013	1	309	原版阅读      CNKI AI阅读
3652	清热救阴汤对脓毒症患者细胞因子及肾功能的影响研究	钟鑫鑫	山东中医药大学	硕士	2013	4	158	原版阅读      CNKI AI阅读
3653	黄连温胆汤加减对血脂异常患者（痰浊阻遏证）中医症状及血脂影响的临床观察	陶玉娟	山东中医药大学	硕士	2013	11	447	原版阅读      CNKI AI阅读
3654	黄连解毒汤联合基础胰岛素治疗肥胖型初发2型糖尿病的临床研究	纪文娟	山东中医药大学	硕士	2013	1	310	原版阅读      CNKI AI阅读
3655	黄连解毒汤对初发肥胖2型糖尿病患者的临床干预研究	李丽	山东中医药大学	硕士	2013	2	234	原版阅读      CNKI AI阅读
3656	丁书文教授治疗病毒性心肌炎用药规律探讨	云善超	山东中医药大学	硕士	2013	7	379	原版阅读      CNKI AI阅读
3657	扶正解毒化瘀宣痹法防治易损斑块的近期疗效评估研究	傅良	山东中医药大学	硕士	2013		96	原版阅读      CNKI AI阅读
3658	快律宁颗粒治疗阴虚火旺型过早搏动的临床疗效评价	熊永忠	山东中医药大学	硕士	2013		76	原版阅读      CNKI AI阅读
3659	香附四物汤用于气滞血瘀证原发性痛经大鼠体内过程研究	李炜	南京中医药大学	硕士	2013	20	1893	原版阅读      CNKI AI阅读
3660	张仲景柴胡剂药证方证探讨	方令	南京中医药大学	硕士	2013	16	1399	原版阅读      CNKI AI阅读
3661	半夏泻心汤干预溃疡性结肠炎免疫平衡调节的作用机制研究	裴强伟	山东中医药大学	硕士	2013	21	808	原版阅读      CNKI AI阅读
3662	黄连及其CCC、CCH提取物对实热证模型大鼠的影响及机制研究	吕胜男	山东中医药大学	硕士	2013	7	491	原版阅读      CNKI AI阅读
3663	丁书文教授治疗过早搏动的药物配伍特点及临床辨证规律探析	蒋宁	山东中医药大学	硕士	2013	4	316	原版阅读      CNKI AI阅读
3664	黄连解毒汤对2型糖尿病影响的临床研究及对2型糖尿病大鼠血管HIF-1α、VEGF影响的实验研究	赵兴国	山东中医药大学	硕士	2013	5	280	原版阅读      CNKI AI阅读
3665	多酸基石墨烯纳米复合材料的设计合成及性能研究	苗英杰	辽宁师范大学	硕士	2013	2	385	原版阅读      CNKI AI阅读
3666	参黄胶囊基本制备工艺及毒理学研究	于子浇	泸州医学院	硕士	2013	1	176	原版阅读      CNKI AI阅读
3667	德保苏铁传粉生物学研究	甘金佳	广西大学	硕士	2013	9	371	原版阅读      CNKI AI阅读
3668	8个树种对干旱胁迫的生理响应及抗旱性评价	陈志成	山东农业大学	硕士	2013	38	1153	原版阅读      CNKI AI阅读
3669	抗犬流感病毒单味中草药体外筛选	王珍	山东农业大学	硕士	2013	8	370	原版阅读      CNKI AI阅读
3670	黄连降脂合剂对冠心病痰瘀互结证患者颈动脉粥样斑块IMT值及CRP的临床观察	范尧	湖北中医药大学	硕士	2013	3	209	原版阅读      CNKI AI阅读
3671	清化瘀热方治疗2型糖尿病瘀热相搏证的临床研究	赵澜	南京中医药大学	硕士	2013	4	157	原版阅读      CNKI AI阅读
3672	降逆护膜方治疗肝胃郁热型胃食管反流病的临床研究	朱佳玲	南京中医药大学	硕士	2013	1	162	原版阅读      CNKI AI阅读
3673	滋阴降火法治疗阴虚火旺型围绝经期睡眠障碍的临床观察	吴红伟	南京中医药大学	硕士	2013		280	原版阅读      CNKI AI阅读
3674	胡黄连在视神经钳夹伤大鼠模型中对视网膜的保护作用	毕涵思	大连医科大学	硕士	2013		109	原版阅读      CNKI AI阅读
3675	代谢综合征中医辨证及中药干预研究	万玲	中南大学	硕士	2013	6	542	原版阅读      CNKI AI阅读
3676	不寐心肾不交证的证治理论研究	董暄	辽宁中医药大学	硕士	2013	20	1164	原版阅读      CNKI AI阅读
3677	加味黄连解毒汤治疗青春期痤疮的临床疗效观察	黄蕊	辽宁中医药大学	硕士	2013	7	236	原版阅读      CNKI AI阅读
3678	调整阴阳治疗糖尿病肾病	王绍宁	辽宁中医药大学	硕士	2013	1	255	原版阅读      CNKI AI阅读
3679	从“脾虚湿热致消”论治糖尿病——黄连在糖尿病脾虚湿热型中的运用	陈莹莹	辽宁中医药大学	硕士	2013	5	637	原版阅读      CNKI AI阅读
3680	《千金要方》脾胃辨证研究	谢扬	辽宁中医药大学	硕士	2013	10	640	原版阅读      CNKI AI阅读
3681	130例溃疡性结肠炎住院病例中医证治规律回顾性分析	王庆谚	辽宁中医药大学	硕士	2013	3	225	原版阅读      CNKI AI阅读
3682	津力达颗粒对胰岛素抵抗大鼠肝脏氧化应激及胰岛素信号转导机制的研究	金玺	南京中医药大学	硕士	2013	5	258	原版阅读      CNKI AI阅读
3683	加味通腑汤对溃疡性结肠炎大鼠模型的结肠上皮细胞凋亡表达的影响	赵海静	辽宁中医药大学	硕士	2013	2	199	原版阅读      CNKI AI阅读
3684	胡黄连颗粒在视神经夹伤大鼠模型中的神经保护作用研究	徐赫蔓	辽宁中医药大学	硕士	2013		183	原版阅读      CNKI AI阅读
3685	正交设计对“溃结方”进行组方优化的动物实验研究（清热解毒组部分）	宋玥	辽宁中医药大学	硕士	2013		205	原版阅读      CNKI AI阅读
3686	黄连素改善1型糖尿病大鼠胰岛素抵抗的机制研究	汤链	湖南大学	硕士	2013	3	499	原版阅读      CNKI AI阅读
3687	CD147与NDUFS6结合对恶性黑素瘤细胞线粒体功能和凋亡的影响	罗钟玲	中南大学	硕士	2013	1	214	原版阅读      CNKI AI阅读
3688	湖北省道地药材产业化发展研究	游娟	湖北中医药大学	硕士	2013	12	1217	原版阅读      CNKI AI阅读
3689	黄连木油生物柴油副产物甘油发酵转化1,3-丙二醇的研究	何磊	江西农业大学	硕士	2012		219	原版阅读      CNKI AI阅读
3690	黄连木雌雄株间生物学特性的比较研究	王小燕	河南科技大学	硕士	2013	12	343	原版阅读      CNKI AI阅读
3691	中药咽炎饮抗大鼠急性咽炎的实验研究	段美秀	辽宁医学院	硕士	2013	5	540	原版阅读      CNKI AI阅读
3692	五行六经学说干预胃食管反流病的理论应用研究	邵元瑜	北京中医药大学	硕士	2013	1	286	原版阅读      CNKI AI阅读
3693	黄连解毒汤治疗活动期胃溃疡的临床观察及胃粘膜修复机制的实验研究	魏丽妮	成都中医药大学	硕士	2013	2	266	原版阅读      CNKI AI阅读
3694	黄连温胆汤加减治疗失眠症的系统评价	肖文	成都中医药大学	硕士	2013	8	638	原版阅读      CNKI AI阅读
3695	加减乌梅饮治疗2型糖尿病（热盛伤津型）有效性及安全性的初步观察	颜薇	成都中医药大学	硕士	2013	1	214	原版阅读      CNKI AI阅读
3696	中医内外兼治法对糖尿病周围神经病变患者血清IGF-1、TNF-α影响的临床研究	郑春梅	成都中医药大学	硕士	2013	9	310	原版阅读      CNKI AI阅读
3697	清热解毒法治疗胃溃疡的实验研究和临床观察	徐春霞	成都中医药大学	硕士	2013	10	216	原版阅读      CNKI AI阅读
3698	黄连吴茱萸配伍对实验性功能性消化不良大鼠胃排空及胃肠激素的影响	蔡扬	成都中医药大学	硕士	2013	13	418	原版阅读      CNKI AI阅读
3699	《伤寒论》中方剂煎服及调护等因素与功效发挥的相关性研究	侯玥	成都中医药大学	硕士	2013	7	735	原版阅读      CNKI AI阅读
3700	黄连吴茱萸不同比例配伍对寒热错杂型功能性消化不良大鼠胆碱能神经系统的影响机制研究	廖志成	成都中医药大学	硕士	2013	14	464	原版阅读      CNKI AI阅读
	中文题名	作者	学位授予单位	数据库	学位授予年度	被引	下载	操作
3701	黄连、生地及其配伍对胰岛素抵抗脂肪细胞TNF-α、IL-1β与IL-6分泌及mRNA表达的影响	李阳	华中科技大学	硕士	2013	8	273	原版阅读      CNKI AI阅读
3702	黄连及其有效组分小檗碱的生物活性研究	李小玲	湖北师范学院	硕士	2013	5	945	原版阅读      CNKI AI阅读
3703	肠康宁二元释药胶囊的药学研究	李航	成都中医药大学	硕士	2013	1	128	原版阅读      CNKI AI阅读
3704	《伤寒论》四逆汤类方“药对”研究	王闰平	成都中医药大学	硕士	2013	3	936	原版阅读      CNKI AI阅读
3705	黄连多糖的提取方法、单糖组成及其抑制α-葡萄糖苷酶活性研究	唐策	成都中医药大学	硕士	2013	6	852	原版阅读      CNKI AI阅读
3706	黄连煮散颗粒药学研究	徐晓秋	成都中医药大学	硕士	2013	1	334	原版阅读      CNKI AI阅读
3707	复方枣仁安神胶囊的制备工艺和质量控制研究	吴亦菲	安徽中医药大学	硕士	2013	3	757	原版阅读      CNKI AI阅读
3708	中药对引起奶牛乳房炎病原菌耐药性消除作用的研究	张宇	甘肃农业大学	硕士	2013	1	489	原版阅读      CNKI AI阅读
3709	糖脂同调方治疗肥胖2型糖尿病合并血脂异常（胃肠实热证）的临床观察	殷楠	长春中医药大学	硕士	2013	2	217	原版阅读      CNKI AI阅读
3710	消渴安汤加减治疗消渴病气阴两虚兼瘀证的临床研究	曹范洙	长春中医药大学	硕士	2013		123	原版阅读      CNKI AI阅读
3711	中医辨证用药治疗胃食管反流病随机对照临床观察	张翔茹	北京中医药大学	硕士	2013	1	198	原版阅读      CNKI AI阅读
3712	黄连、生地及其配伍对胰岛素抵抗脂肪细胞脂联素、瘦素与抵抗素分泌及mRNA表达的影响	王志伟	华中科技大学	硕士	2013	1	226	原版阅读      CNKI AI阅读
3713	治郁颗粒的药学研究	王化宇	长春中医药大学	硕士	2013	1	227	原版阅读      CNKI AI阅读
3714	戊己胃漂浮缓释片的研制	王群	贵阳中医学院	硕士	2013	6	412	原版阅读      CNKI AI阅读
3715	戊己双层片的药学部分研究	张玉莉	成都中医药大学	硕士	2013	4	163	原版阅读      CNKI AI阅读
3716	小檗碱对2型糖尿病大鼠骨骼肌和脂肪组织LKB1-AMPK-TORC2信号通路的影响	许啸虎	华中科技大学	硕士	2013	2	413	原版阅读      CNKI AI阅读
3717	徐州地区维管植物资源调查及主要森林植被类型研究	葛厚尚	南京农业大学	硕士	2013	15	822	原版阅读      CNKI AI阅读
3718	中国宜能边际地区黄连木生物柴油开发潜力及环境效益分析	路璐	南京农业大学	硕士	2013	7	355	原版阅读      CNKI AI阅读
3719	黄连木叶酚类物质的提取鉴定、生物活性及与精油联产的研究	邓冠军	安徽大学	硕士	2014	6	574	原版阅读      CNKI AI阅读
3720	阎洪臣教授从湿论治脑病常见病用药规律的研究	张艳莉	长春中医药大学	硕士	2013	5	244	原版阅读      CNKI AI阅读
3721	黄连素对乏氧前列腺癌细胞株体内与体外放射增敏作用及其机制研究	张曲	蚌埠医学院	硕士	2014	3	159	原版阅读      CNKI AI阅读
3722	黄连素对人结肠癌细胞凋亡和迁移作用的研究	陈彬彬	厦门大学	硕士	2014	9	683	原版阅读      CNKI AI阅读
3723	常用抗菌药联合作用及亚-MIC抗菌药对细菌成膜能力的影响	赵宜双	华中农业大学	硕士	2014	7	1135	原版阅读      CNKI AI阅读
3724	明代以前熊胆临床应用文献研究	崔莲	北京中医药大学	硕士	2014	6	845	原版阅读      CNKI AI阅读
3725	四氢小檗碱类化合物的荧光性质及其分析方法研究	穆园园	河北师范大学	硕士	2014	6	435	原版阅读      CNKI AI阅读
3726	小檗碱类化合物的荧光性质及其分析方法研究	乔江鹏	河北师范大学	硕士	2014	6	644	原版阅读      CNKI AI阅读
3727	8-己基小檗碱与氟喹诺酮类药物联用抗金色葡萄球菌作用及增效机理研究	代姝	西南大学	硕士	2014	2	381	原版阅读      CNKI AI阅读
3728	黄连、大黄、牡丹皮三种植物对松材线虫的毒杀活性及作用机理研究	焦宏伟	河北师范大学	硕士	2014	7	485	原版阅读      CNKI AI阅读
3729	加味左金丸治疗寒热错杂型慢性结肠炎的临床疗效观察	侯杏	湖南中医药大学	硕士	2014	7	453	原版阅读      CNKI AI阅读
3730	中医辨证论治联合除幽汤治疗幽门螺杆菌（Hp）相关性胃炎临床观察	肖辉煌	福建中医药大学	硕士	2014	8	399	原版阅读      CNKI AI阅读
3731	基于数据挖掘技术的近15年反流性食管炎中医临床期刊文献研究	陈欣然	北京中医药大学	硕士	2014	20	1703	原版阅读      CNKI AI阅读
3732	运用黄连温胆汤为主治疗慢性肾脏病（3b-5期）湿热证的临床研究及验案分析	姜浩	北京中医药大学	硕士	2014	9	749	原版阅读      CNKI AI阅读
3733	养阴清热法治疗月经病的文献研究	冯清源（PHUNG CHING YUAN）	北京中医药大学	硕士	2014	4	937	原版阅读      CNKI AI阅读
3734	基于数据挖掘的仝小林教授辨治胰岛素抵抗经验初探	刘洪兴	北京中医药大学	硕士	2014	18	787	原版阅读      CNKI AI阅读
3735	痞满、胃痛病证候、证素分布特点与幽门螺杆菌感染相关性研究	孙晓玮	北京中医药大学	硕士	2014	3	606	原版阅读      CNKI AI阅读
3736	从胆论治小儿多发性抽动症	冯海音	北京中医药大学	硕士	2014	16	824	原版阅读      CNKI AI阅读
3737	《寒温条辨》方药特色及现代临床应用研究	王玮	北京中医药大学	硕士	2014	5	1015	原版阅读      CNKI AI阅读
3738	基于方证相应理论探讨慢性萎缩性胃炎浊毒证证治规律研究	周盼盼	河北医科大学	硕士	2014	3	424	原版阅读      CNKI AI阅读
3739	基于数据挖掘方法对当代名中医辨治慢性萎缩性胃炎用药规律研究	刘宇	河北医科大学	硕士	2014	8	1283	原版阅读      CNKI AI阅读
3740	仝小林教授运用小陷胸汤治疗代谢综合征的用药规律分析及经验总结	张婷婷	北京中医药大学	硕士	2014	10	936	原版阅读      CNKI AI阅读
3741	以方测证探《伤寒论》方在温病中的临床运用	邓杨春	北京中医药大学	硕士	2014	7	1512	原版阅读      CNKI AI阅读
3742	山银花枝叶和黄连须质量标准研究	吴飞燕	湖南中医药大学	硕士	2014	8	399	原版阅读      CNKI AI阅读
3743	《金匮要略》治脾法方药的气味配伍研究	张丹丹	福建中医药大学	硕士	2014	10	1484	原版阅读      CNKI AI阅读
3744	闽台名医临证处方用药配伍特色研究——黄荣宗教授临证处方用药配伍特色研究	刘呈艳	福建中医药大学	硕士	2014	5	319	原版阅读      CNKI AI阅读
3745	基于微量量热技术的典型寒热中药生物热动力学研究	高誉珊	北京中医药大学	硕士	2014	11	597	原版阅读      CNKI AI阅读
3746	基于临床炮制与配伍的延胡索对血管活性作用研究	雷云	北京中医药大学	硕士	2014	2	641	原版阅读      CNKI AI阅读
3747	四妙勇安汤水煎液化学成分研究	张恩惠	北京中医药大学	硕士	2014	10	831	原版阅读      CNKI AI阅读
3748	基于数据挖掘的金元四大家脾胃用药的比较研究	宋亚南	北京中医药大学	硕士	2014	14	1276	原版阅读      CNKI AI阅读
3749	葛根芩连汤对2型糖尿病大鼠的表征作用及其与GLP-1相关的生物学基础	武志黔	北京中医药大学	硕士	2014	19	1183	原版阅读      CNKI AI阅读
3750	《辨证录》交通心肾法的方药研究	燕飞如	黑龙江中医药大学	硕士	2014	8	503	原版阅读      CNKI AI阅读
	中文题名	作者	学位授予单位	数据库	学位授予年度	被引	下载	操作
3751	辛苦甘法内涵探索及临床应用拓展	付兴	黑龙江中医药大学	硕士	2014	2	530	原版阅读      CNKI AI阅读
3752	温中益气胶囊药学及药效学研究	尤艳芳	黑龙江中医药大学	硕士	2014	1	210	原版阅读      CNKI AI阅读
3753	黄连须中生物碱含量测定及分布研究	高倩	西南大学	硕士	2014	12	1455	原版阅读      CNKI AI阅读
3754	黄连碱对骨肉瘤细胞生长和血管生成拟态的选择性抑制作用及其机理	虞迪	苏州大学	硕士	2014	6	208	原版阅读      CNKI AI阅读
3755	祛毒Ⅰ号液在促进低位肛瘘术后创面愈合的临床研究	栾莉莉	黑龙江中医药大学	硕士	2014	5	236	原版阅读      CNKI AI阅读
3756	上海大金山岛森林植被现状及10年来动态变化	艾清	华东师范大学	硕士	2013	13	345	原版阅读      CNKI AI阅读
3757	新型样品前处理技术在中药制剂分析中的应用	李志敏	河北大学	硕士	2014		394	原版阅读      CNKI AI阅读
3758	葛根芩连汤全方及组方治疗2型糖尿病大鼠尿液血液代谢组学的研究	张静	吉林大学	硕士	2014	8	1283	原版阅读      CNKI AI阅读
3759	连杖微乳的制备工艺及评价	陈威	广州中医药大学	硕士	2013	1	444	原版阅读      CNKI AI阅读
3760	黄连阿胶汤煎煮工艺比较和拆方药效研究	孙晓惠	广州中医药大学	硕士	2013	3	599	原版阅读      CNKI AI阅读
3761	复方香连涂膜剂的制备与质量标准研究	简晓莉	广州中医药大学	硕士	2013	2	491	原版阅读      CNKI AI阅读
3762	黄连混合生物碱转化为单体巴马汀的研究	郑金龙	长春工业大学	硕士	2013	2	203	原版阅读      CNKI AI阅读
3763	上海佘山地区残存自然森林植被现状及十年来动态变化特征研究	李伟立	华东师范大学	硕士	2014	15	393	原版阅读      CNKI AI阅读
3764	湘西山地不同林地类型水源涵养与固土保肥功能研究	华华	中南林业科技大学	硕士	2013	12	398	原版阅读      CNKI AI阅读
3765	几种中西药复方制剂筛选及其对不同动物源链球菌耐药水平影响的研究	王祎曦	吉林农业大学	硕士	2013	1	177	原版阅读      CNKI AI阅读
3766	小檗碱烷基化衍生物的合成及其与小檗碱药理活性的比较	陈超	西南大学	硕士	2014	9	841	原版阅读      CNKI AI阅读
3767	黄连活性物质的抗焦虑作用及其机理研究	庞婕	西南大学	硕士	2014	35	694	原版阅读      CNKI AI阅读
3768	三黄烧伤灵对耐甲氧西林金黄色葡萄球菌生物膜影响的实验研究	陈强	内蒙古大学	硕士	2014	5	279	原版阅读      CNKI AI阅读
3769	药根碱对HepG2细胞和金黄地鼠的降血脂活性及机制研究	吴昊	西南大学	硕士	2014	19	1129	原版阅读      CNKI AI阅读
3770	黄癸固体分散体通过激活AMPK通路治疗糖尿病肾病的作用机制研究	肖冬	吉林大学	硕士	2014	19	610	原版阅读      CNKI AI阅读
3771	李东垣用药加减规律研究	陈宝燕	广州中医药大学	硕士	2013	4	900	原版阅读      CNKI AI阅读
3772	基于形式概念分析数学理论的《伤寒论》方药知识发现	刘超男	广州中医药大学	硕士	2013	17	677	原版阅读      CNKI AI阅读
3773	糖尿病失眠中医六经辨证论治探讨	温少逸	广州中医药大学	硕士	2013	7	725	原版阅读      CNKI AI阅读
3774	黄连解毒汤对高脂血症小鼠肠道微生态的影响	马嫚	广州中医药大学	硕士	2013	22	1238	原版阅读      CNKI AI阅读
3775	黄连膏外敷配合艾条灸熏烤治疗压疮的临床观察与研究	郑晓蕾	青岛大学	硕士	2013	8	295	原版阅读      CNKI AI阅读
3776	糖尿病肾病中医证治规律探析	刘紫凝	广州中医药大学	硕士	2013	10	1030	原版阅读      CNKI AI阅读
3777	李赛美教授辨治2型糖尿病临床经验探讨	陈氏红明	广州中医药大学	硕士	2013	7	855	原版阅读      CNKI AI阅读
3778	痔疮洗药1号治疗血栓性外痔的临床研究	李洁琼	黑龙江中医药大学	硕士	2013	2	276	原版阅读      CNKI AI阅读
3779	试论六经辨证在皮肤病中的应用	宫安明	黑龙江中医药大学	硕士	2013	7	1025	原版阅读      CNKI AI阅读
3780	散寒法在皮肤病治疗中的应用	王军利	黑龙江中医药大学	硕士	2013		496	原版阅读      CNKI AI阅读
3781	牛黄利咽丸含服治疗急性咽炎的临床观察	张竞飞	黑龙江中医药大学	硕士	2013	7	461	原版阅读      CNKI AI阅读
3782	黄连等药材质量评价指标与配伍组分的对应性研究	侯艺辉	北京中医药大学	硕士	2012		198	原版阅读      CNKI AI阅读
3783	葛根芩连汤对高血脂模型大鼠降脂作用研究	余学钊	湖北中医药大学	硕士	2013	6	692	原版阅读      CNKI AI阅读
3784	黄连解毒汤调控TLR4对MODS肾脏影响的临床及实验研究	范鸿儒	广州中医药大学	硕士	2013	3	164	原版阅读      CNKI AI阅读
3785	胡黄连苷Ⅱ对大鼠脑缺血损伤后MDA含量和SOD活性的影响	张永英	青岛大学	硕士	2013	5	98	原版阅读      CNKI AI阅读
3786	《脾胃论》益气升阳理论及组方思维研究	刘云平	黑龙江中医药大学	硕士	2013	11	1479	原版阅读      CNKI AI阅读
3787	黄柏、黄连体内外成分对比研究	李媛	黑龙江中医药大学	硕士	2013	16	1062	原版阅读      CNKI AI阅读
3788	基于液质联用技术的半夏泻心汤药效物质定性研究	闫利利	北京协和医学院	硕士	2013	10	1982	原版阅读      CNKI AI阅读
3789	不同地黄添加物的自毒效应评价及对土壤微生物的影响	李晶晶	福建农林大学	硕士	2014	3	382	原版阅读      CNKI AI阅读
3790	桂林黄枝油杉种群生态学研究	符支宏	广西师范大学	硕士	2014	17	472	原版阅读      CNKI AI阅读
3791	中兽药“香草口服液”的药学研究	夏鑫超	中国农业科学院	硕士	2014	5	581	原版阅读      CNKI AI阅读
3792	黄连素基于PPARγ-IDE信号通路对Aβ代谢的影响及Aβ毒性损伤保护作用的研究	左茹	河北大学	硕士	2014	19	556	原版阅读      CNKI AI阅读
3793	幽门螺杆菌多重耐药株的检测和黄连素等中药成分对其抑菌作用的体外实验研究	吴明慧	广西医科大学	硕士	2014	16	942	原版阅读      CNKI AI阅读
3794	畅胰通腑汤治疗急性胰腺炎的临床观察	刘元媛	湖北中医药大学	硕士	2014		207	原版阅读      CNKI AI阅读
3795	黄连降脂合剂治疗冠心病不稳定性心绞痛（痰瘀互结证）的临床观察	吴智	湖北中医药大学	硕士	2014	2	278	原版阅读      CNKI AI阅读
3796	黄连解毒汤联合天王补心丹治疗心肝阴虚型老年性痴呆的临床观察	陈晓光	湖北中医药大学	硕士	2014	18	460	原版阅读      CNKI AI阅读
3797	加味交泰丸治疗心肾不交型不寐的临床疗效研究	潘微	湖北中医药大学	硕士	2014	17	653	原版阅读      CNKI AI阅读
3798	胡黄连苷Ⅱ对大鼠肾缺血再灌注损伤保护作用研究	许瑞瑞	青岛大学	硕士	2014	1	123	原版阅读      CNKI AI阅读
3799	胡黄连苷Ⅱ对大鼠脑缺血损伤后基质金属蛋白酶-9表达的影响	逄芳芳	青岛大学	硕士	2014		107	原版阅读      CNKI AI阅读
3800	五参二连颗粒的制备工艺和质量标准研究	陈永刚	山东大学	硕士	2014	3	636	原版阅读      CNKI AI阅读
	中文题名	作者	学位授予单位	数据库	学位授予年度	被引	下载	操作
3801	烧伤愈合膏新剂型水凝胶的临床前研究	徐彬	湖北中医药大学	硕士	2014	3	771	原版阅读      CNKI AI阅读
3802	黄连木内生真菌的分离鉴定及提取物抗氧化活性研究	姚晓丽	南京大学	硕士	2012	4	258	原版阅读      CNKI AI阅读
3803	黄连素对肺腺癌A549细胞增殖、迁移和侵袭的影响	辛灵艳	苏州大学	硕士	2014	4	388	原版阅读      CNKI AI阅读
3804	波段优选在近红外光谱分析某些天然产物成分的应用研究	黄维	西南大学	硕士	2014	6	473	原版阅读      CNKI AI阅读
3805	鲁中砂石山退化山地不同混交造林模式蓄水保土效益研究	张国庆	山东农业大学	硕士	2014	6	225	原版阅读      CNKI AI阅读
3806	我国林业非粮生物质能源原料培育标准体系构建	江荷	北京林业大学	硕士	2014	2	215	原版阅读      CNKI AI阅读
3807	中国黄连木雌雄同株资源的发现及生物特性研究	王文浩	北京林业大学	硕士	2014	11	269	原版阅读      CNKI AI阅读
3808	山东省干旱瘠薄山地主要造林树种根系形态的比较	蔡鲁	山东农业大学	硕士	2014	10	353	原版阅读      CNKI AI阅读
3809	中医药防治大肠癌用药规律研究	梁军	甘肃中医学院	硕士	2014	7	704	原版阅读      CNKI AI阅读
3810	清热化痰安神方治疗原发性失眠（痰热扰心证）的临床研究	陈小蝉	湖北中医药大学	硕士	2014	7	271	原版阅读      CNKI AI阅读
3811	健脾清热化湿汤治疗幽门螺杆菌相关性慢性非萎缩性胃炎脾胃湿热证的临床研究	刘文波	安徽中医药大学	硕士	2014	15	575	原版阅读      CNKI AI阅读
3812	健胃冲剂联合标准三联治疗脾胃湿热型Hp相关慢性胃炎的临床研究	严琴	安徽中医药大学	硕士	2014	4	250	原版阅读      CNKI AI阅读
3813	健脾调理汤治疗肿瘤化疗后肝胃不和型痞满的临床疗效评价	周非男	安徽中医药大学	硕士	2014	2	198	原版阅读      CNKI AI阅读
3814	调脂活性组分的制备及其制剂研究	姚曦	广东药学院	硕士	2012	2	118	原版阅读      CNKI AI阅读
3815	降脂中药黄连活性成分调节肝脏CYP7A1的作用机制研究	曹扬	广东药学院	硕士	2012	29	585	原版阅读      CNKI AI阅读
3816	黄连生物碱降糖作用及构效关系初探	王德珍	西南大学	硕士	2014	26	1045	原版阅读      CNKI AI阅读
3817	胡黄连苷Ⅱ对脑缺血损伤后S100β蛋白表达的影响	常翠翠	青岛大学	硕士	2014		105	原版阅读      CNKI AI阅读
3818	灵光丹质量标准的研究	王晓龙	山西医科大学	硕士	2014		209	原版阅读      CNKI AI阅读
3819	《医宗金鉴》外治方药的文献整理与研究	程慧娟	安徽中医药大学	硕士	2014	12	985	原版阅读      CNKI AI阅读
3820	黄连解毒汤对热毒所致兔动脉粥样硬化及内皮祖细胞影响的研究	王县委	新乡医学院	硕士	2014	2	178	原版阅读      CNKI AI阅读
3821	小檗碱对脂多糖诱导的THP-1细胞相关炎症因子的影响	刘司漩	山西医科大学	硕士	2014	6	390	原版阅读      CNKI AI阅读
3822	胡黄连苷Ⅱ对脑缺血损伤后神经元特异性烯醇化酶表达的影响	赵丽	青岛大学	硕士	2014		102	原版阅读      CNKI AI阅读
3823	景观破碎化对雌雄异株植物黄连木（Pistacia chinensis.B）性别比例及繁殖成效的影响	余林	浙江大学	硕士	2011	4	421	原版阅读      CNKI AI阅读
3824	安徽皇藏峪自然保护区森林群落多样性格局及其共存机制	王婕	华东师范大学	硕士	2012	4	386	原版阅读      CNKI AI阅读
3825	舟山海岛典型植物群落结构及优化对策研究	庄杰	浙江农林大学	硕士	2012	20	656	原版阅读      CNKI AI阅读
3826	MDR AB氨基糖苷类耐药机制及中草药抑菌探索	刘晓庆	南昌大学	硕士	2012	1	249	原版阅读      CNKI AI阅读
3827	不同人为干扰方式下海岸防护林的物质累积与能量特征	朱美琴	福建农林大学	硕士	2012	2	221	原版阅读      CNKI AI阅读
3828	天目山针阔混交林林分结构及其碳储量研究	张志华	浙江农林大学	硕士	2012	22	846	原版阅读      CNKI AI阅读
3829	规模化鸡场控制细菌抗生素抗药性技术的初步研究	苏红	甘肃农业大学	硕士	2012	2	477	原版阅读      CNKI AI阅读
3830	黄连温胆汤加味方治疗中风（中经络痰热阻络）临床研究	毕迎新	黑龙江中医药大学	硕士	2012	4	310	原版阅读      CNKI AI阅读
3831	解郁和胃法治疗胆汁反流性胃炎的临床研究	苏民	黑龙江中医药大学	硕士	2012	3	281	原版阅读      CNKI AI阅读
3832	袪胰抵方对2型糖尿病胰岛素抵抗血清PPARγ影响的临床研究	秦超	黑龙江中医药大学	硕士	2012	1	211	原版阅读      CNKI AI阅读
3833	黄连温胆汤合桃红四物汤治疗痰热兼血瘀型不寐的临床观察	夏洁楠	黑龙江中医药大学	硕士	2012	8	891	原版阅读      CNKI AI阅读
3834	健脾消痤汤治疗脾虚湿热型痤疮的临床研究	刘坤	黑龙江中医药大学	硕士	2012	4	691	原版阅读      CNKI AI阅读
3835	寒热并用在皮肤病治疗中的应用探讨	周青	黑龙江中医药大学	硕士	2012	1	857	原版阅读      CNKI AI阅读
3836	祛毒饮治疗寻常痤疮（肺胃蕴热型）的临床观察	姚晓娟	黑龙江中医药大学	硕士	2012		433	原版阅读      CNKI AI阅读
3837	加减黄连温胆汤对代谢综合征患者临床疗效及MAU的影响	孟庆芳	黑龙江中医药大学	硕士	2012	11	328	原版阅读      CNKI AI阅读
3838	中药联合针灸治疗气阴两虚型快速性心律失常的临床研究	宗文静	山东中医药大学	硕士	2012	5	668	原版阅读      CNKI AI阅读
3839	左金泻心汤加减治疗寒热错杂型胆汁反流性胃炎的临床研究	张淑娟	山东中医药大学	硕士	2012	1	251	原版阅读      CNKI AI阅读
3840	T2DM患者外周白细胞计数规律研究及清热解毒法的干预	胡宗艳	山东中医药大学	硕士	2012		76	原版阅读      CNKI AI阅读
3841	基于数据挖掘技术对374名慢乙肝病例临床用药规律研究	高占华	山东中医药大学	硕士	2012	2	461	原版阅读      CNKI AI阅读
3842	调肝扶脾法治疗腹泻型肠易激综合征的临床研究	于丹杰	山东中医药大学	硕士	2012	2	414	原版阅读      CNKI AI阅读
3843	丁书文教授治疗冠心病心绞痛的药物配伍特色及临证思辨规律探析	宋现丽	山东中医药大学	硕士	2012	5	418	原版阅读      CNKI AI阅读
3844	2型糖尿病亚临床动脉硬化与高敏C反应蛋白关系及中药干预研究	邵鑫	山东中医药大学	硕士	2012	1	203	原版阅读      CNKI AI阅读
3845	基于改进Apriori算法的名老中医治疗心血管病用药规律研究	高冲	山东中医药大学	硕士	2012	2	527	原版阅读      CNKI AI阅读
3846	礞石滚痰丸加减方对痰热内扰型失眠症生活质量影响研究	尹高云	山东中医药大学	硕士	2012	6	304	原版阅读      CNKI AI阅读
3847	黄连温胆汤加味对葡萄糖调节受损患者的临床干预研究	于淼	山东中医药大学	硕士	2012	3	160	原版阅读      CNKI AI阅读
3848	黄连解毒汤治疗糖尿病合并颈动脉粥样硬化的临床观察	李维珊	山东中医药大学	硕士	2012	10	359	原版阅读      CNKI AI阅读
3849	凉血消银汤联合复方黄连油膏治疗银屑病血热证的临床疗效及其对VEGF的影响	李建娜	山东中医药大学	硕士	2012	3	322	原版阅读      CNKI AI阅读
3850	黄连解毒汤防治急性脑梗塞大鼠胃肠损害的实验研究	吴天慧	山东中医药大学	硕士	2012	1	245	原版阅读      CNKI AI阅读
	中文题名	作者	学位授予单位	数据库	学位授予年度	被引	下载	操作
3851	加味乌梅汤治疗寒热错杂型功能性腹泻的临床研究	马卫卫	山东中医药大学	硕士	2012	15	535	原版阅读      CNKI AI阅读
3852	化浊解毒汤治疗2型糖尿病合并高脂血症的临床疗效研究	刘云霞	山东中医药大学	硕士	2012	7	310	原版阅读      CNKI AI阅读
3853	清胃降逆汤治疗胆汁反流性胃炎的临床研究	张志华	山东中医药大学	硕士	2012	1	232	原版阅读      CNKI AI阅读
3854	黄连丸提取物对糖尿病大鼠肠道二糖酶活性的影响及其有效成分的含量测定	陈玉霜	湖南师范大学	硕士	2012	6	434	原版阅读      CNKI AI阅读
3855	复方黄连注射剂对金葡球菌MSW和耐药基因的影响	曹琰	湖南农业大学	硕士	2012	8	207	原版阅读      CNKI AI阅读
3856	中药复方寒热药性的细胞学研究	成程	西北大学	硕士	2012	5	658	原版阅读      CNKI AI阅读
3857	延胡索化学成分研究及其中草药特色体系化学特征表达	周琼	北京协和医学院	硕士	2012	18	1431	原版阅读      CNKI AI阅读
3858	黄连五种单体对3T3-L1脂肪细胞糖脂代谢的影响及机制研究	王慧	第三军医大学	硕士	2012	6	956	原版阅读      CNKI AI阅读
3859	小陷胸汤颗粒剂制备工艺与质量标准研究	韩瑞伟	黑龙江中医药大学	硕士	2012	10	1982	原版阅读      CNKI AI阅读
3860	基于代谢组学技术的黄芩黄柏与黄芩黄柏栀子干预热病证候模型的研究	祖金祥	黑龙江中医药大学	硕士	2012	2	919	原版阅读      CNKI AI阅读
3861	《祖剂》“宗”、“祖”方剂研究及分类方法辨析	田雷	黑龙江中医药大学	硕士	2012		389	原版阅读      CNKI AI阅读
3862	基于成分分析与血管活性的元胡止痛片质量评价	张迎春	中国中医科学院	硕士	2012	11	740	原版阅读      CNKI AI阅读
3863	脑梗死早期应用黄连素对缺血性脑组织的保护作用及对pAkt，pGSK，pCREB和NF-κB调节作用的实验研究	张晓林	河北医科大学	硕士	2012	5	461	原版阅读      CNKI AI阅读
3864	兼容胶束电动色谱—质谱联用表面活性剂的研究	苏迪	广西大学	硕士	2012	2	224	原版阅读      CNKI AI阅读
3865	黄连阿胶颗粒制备工艺与质量标准研究	刘畅	黑龙江中医药大学	硕士	2012	6	1997	原版阅读      CNKI AI阅读
3866	黄连木油的精炼研究	牛玉芝	河南工业大学	硕士	2012	10	423	原版阅读      CNKI AI阅读
3867	中国别样茶的系统整理研究	韩碧群	北京协和医学院	硕士	2012	12	2381	原版阅读      CNKI AI阅读
3868	鲁中南石灰岩退化山地不同造林模型蓄水保土效益研究	胡建朋	山东农业大学	硕士	2012	6	318	原版阅读      CNKI AI阅读
3869	除湿消疣汤加减治疗未成熟型疣状胃炎（湿热瘀结型）的临床研究	赵燕	山东中医药大学	硕士	2012	1	104	原版阅读      CNKI AI阅读
3870	芍芪椿皮汤治疗大肠湿热型溃疡性结肠炎的临床疗效观察	李静	山东中医药大学	硕士	2012	6	383	原版阅读      CNKI AI阅读
3871	养心定悸汤治疗室性期前收缩的临床观察	王善雷	山东中医药大学	硕士	2012	2	215	原版阅读      CNKI AI阅读
3872	基于数据挖掘的仝小林教授临床“药症相应”规律探究	王帅	北京中医药大学	硕士	2012	11	1043	原版阅读      CNKI AI阅读
3873	黄连温胆汤加味治疗痰浊阻窍型轻度认知障碍的临床研究	李琨	中国中医科学院	硕士	2012	17	535	原版阅读      CNKI AI阅读
3874	基于温病古籍数据挖掘的四时温病辨治规律研究	佟琳	中国中医科学院	硕士	2012	15	1869	原版阅读      CNKI AI阅读
3875	祛湿化浊通心方对老年血脂代谢异常的干预研究	尹倚艰	中国中医科学院	硕士	2012	16	1125	原版阅读      CNKI AI阅读
3876	基于信息挖掘技术的蒲辅周外感热病辨治规律及传承研究	薛燕星	中国中医科学院	硕士	2012	16	1887	原版阅读      CNKI AI阅读
3877	中日医学文献中的《僧深方》研究	韩国正	中国中医科学院	硕士	2012	14	1192	原版阅读      CNKI AI阅读
3878	降糖化瘀胶囊治疗糖尿病合并冠心病的临床观察	朴珍嬉	中国中医科学院	硕士	2012	8	426	原版阅读      CNKI AI阅读
3879	《颅囟经》文献研究	刘燕君	中国中医科学院	硕士	2012	11	927	原版阅读      CNKI AI阅读
3880	加味半夏泻心汤治疗幽门螺旋杆菌相关性胃炎40例临床研究	翟天宋	湖北中医药大学	硕士	2012	8	859	原版阅读      CNKI AI阅读
3881	辛开苦降法治疗寒热错杂型吐酸病的临床疗效观察	章茜	湖北中医药大学	硕士	2012	6	423	原版阅读      CNKI AI阅读
3882	黄连及川黄柏抗糖尿病活性部位微量化学成分的研究	董二会	北京协和医学院	硕士	2012	20	771	原版阅读      CNKI AI阅读
3883	黄连氯仿、水提取物对实热证模型大鼠的影响研究	刘春蕾	山东中医药大学	硕士	2012	1	313	原版阅读      CNKI AI阅读
3884	多元分析在中医方剂分类中应用研究	杨永超	中国中医科学院	硕士	2012	5	438	原版阅读      CNKI AI阅读
3885	黄连素预处理对去甲肾上腺素诱导大鼠心肌损伤的影响	史丹利	湖北中医药大学	硕士	2012	2	197	原版阅读      CNKI AI阅读
3886	高效液相色谱法测定广防己及其配伍组中马兜铃酸A含量	孙康	湖北中医药大学	硕士	2012	2	429	原版阅读      CNKI AI阅读
3887	UPLC/MS~n方法快速筛选生物活性糖苷及其代谢物	乔婧芳	浙江工业大学	硕士	2012	4	374	原版阅读      CNKI AI阅读
3888	毛茛科植物花分泌组织的比较形态学研究	车晓芬	陕西师范大学	硕士	2012	6	496	原版阅读      CNKI AI阅读
3889	改性技术用于改善中药浸膏粉吸湿性的研究	杨红	成都中医药大学	硕士	2012	16	997	原版阅读      CNKI AI阅读
3890	舒胃消疡胶囊的制备与评价	王通艳	苏州大学	硕士	2012		190	原版阅读      CNKI AI阅读
3891	县级林地保护利用规划主要内容及方法研究——以德保县为例	龙滔	广西大学	硕士	2012	12	514	原版阅读      CNKI AI阅读
3892	化痰通冠饮治疗冠心病心绞痛痰热瘀阻型的临床疗效观察	王高峰	山东中医药大学	硕士	2012	7	232	原版阅读      CNKI AI阅读
3893	清化调胃饮治疗幽门螺杆菌相关浅表性胃炎（湿热中阻型）临床研究	张艳彬	山东中医药大学	硕士	2011	2	217	原版阅读      CNKI AI阅读
3894	黄连降脂合剂对冠心病介入术后痰瘀互结证患者的影响	刘俊丽	湖北中医药大学	硕士	2012	5	246	原版阅读      CNKI AI阅读
3895	梅国强教授治疗肺系疾病的临床经验总结	张仕玉	湖北中医药大学	硕士	2012	21	2054	原版阅读      CNKI AI阅读
3896	中药复方治疗溃疡性结肠炎的证治规律研究	付庆会	成都中医药大学	硕士	2012	6	388	原版阅读      CNKI AI阅读
3897	复方利多海浮膏治疗混合痔外剥内扎术后肛缘疼痛水肿的临床观察	谢祥锟	成都中医药大学	硕士	2012	3	191	原版阅读      CNKI AI阅读
3898	黄连温胆汤在治疗慢性胃炎中EGF及bFGF表达的实验研究	尤敏	成都中医药大学	硕士	2012	6	210	原版阅读      CNKI AI阅读
3899	四逆四君子汤加味治疗肝郁脾虚型慢性胃炎临床研究	张鹏飞	成都中医药大学	硕士	2012	10	649	原版阅读      CNKI AI阅读
3900	中药延胡索有效成分的吸收转运机制研究	刘强	福建中医药大学	硕士	2012	8	1062	原版阅读      CNKI AI阅读
	中文题名	作者	学位授予单位	数据库	学位授予年度	被引	下载	操作
3901	黄连属植物遗传多样性分析和铁皮石斛原球茎细胞学观察	韩凡	西南交通大学	硕士	2012	2	235	原版阅读      CNKI AI阅读
3902	黄芩和黄连对急性肺损伤大鼠的保护作用及其与胆碱能抗炎通路的相关性实验研究	崔蓉	成都中医药大学	硕士	2012	20	917	原版阅读      CNKI AI阅读
3903	黄连碱体外抗炎作用及其机制研究	张海	成都中医药大学	硕士	2012	30	1218	原版阅读      CNKI AI阅读
3904	三角叶黄连内生真菌1621菌株的鉴定及其代谢产物研究	刘敏	成都中医药大学	硕士	2012	3	387	原版阅读      CNKI AI阅读
3905	黄连温胆汤对大鼠慢性胃炎的病理及bcl-2、bax蛋白表达影响的实验研究	赵瑞珍	成都中医药大学	硕士	2012	12	281	原版阅读      CNKI AI阅读
3906	清瘟败毒颗粒的制备及药理学研究	郭时金	吉林大学	硕士	2012	3	553	原版阅读      CNKI AI阅读
3907	平肝泻火法治疗青中年原发性高血压的临床评价及其对血浆Hs-CRP水平影响的研究	刘娟	山东中医药大学	硕士	2012	6	176	原版阅读      CNKI AI阅读
3908	以生物工程实践活动为载体培养中学生创新实践能力	余颖浈	上海交通大学	硕士	2012	7	599	原版阅读      CNKI AI阅读
3909	流动注射化学发光法在药物分析中的应用研究	汲中玲	苏州大学	硕士	2012	4	528	原版阅读      CNKI AI阅读
3910	电控高压共轨柴油机燃用含氧燃料的NOx生成机理研究	范晨阳	河南科技大学	硕士	2012	1	239	原版阅读      CNKI AI阅读
3911	黄连木籽生物燃料发动机颗粒生成机理研究	张小玉	河南科技大学	硕士	2012	1	134	原版阅读      CNKI AI阅读
3912	“宫得健泡腾栓”的制备及临床试验	邱建民	扬州大学	硕士	2011	5	263	原版阅读      CNKI AI阅读
3913	失眠症惊悸不安状态理论与临床用药规律研究	王洪忠	山东中医药大学	硕士	2010	2	360	原版阅读      CNKI AI阅读
3914	连朴饮治疗女性湿热型痤疮的临床疗效观察	付丽彬	成都中医药大学	硕士	2012	4	429	原版阅读      CNKI AI阅读
3915	黄连解毒汤防治类风湿性关节炎的代谢组学研究	赵玲	吉林农业大学	硕士	2012	15	1245	原版阅读      CNKI AI阅读
3916	中医“和法”的理论研究	李笑宇	云南中医学院	硕士	2012	17	2062	原版阅读      CNKI AI阅读
3917	《伤寒杂病论》与《温病条辨》的比较研究	邱文超	云南中医学院	硕士	2012	9	1979	原版阅读      CNKI AI阅读
3918	复方黄连乳剂外治亚急性湿疹的临床研究	宋淑华	湖南中医药大学	硕士	2009	5	279	原版阅读      CNKI AI阅读
3919	川黄连栽培技术及产地加工方法对其药材品质的影响	王小宁	西南交通大学	硕士	2012	11	1073	原版阅读      CNKI AI阅读
3920	濒危药用植物雅连化学成分分析及其与土壤因子的相关性研究	岳清洪	成都中医药大学	硕士	2012	9	502	原版阅读      CNKI AI阅读
3921	黄连抗耐甲氧西林金黄色葡萄球菌（MRSA）组分药物的研究	张妲	成都中医药大学	硕士	2012	4	458	原版阅读      CNKI AI阅读
3922	三黄泻心汤汤剂、复方浸膏、单味配方浸膏多指标成分含量、特征图谱比较研究	蒋品	贵阳中医学院	硕士	2012	2	806	原版阅读      CNKI AI阅读
3923	加味枇杷清肺胶囊的制剂学研究	徐蓉	江苏大学	硕士	2009	1	290	原版阅读      CNKI AI阅读
3924	加味枇杷清肺胶囊提取物的制备初步药效学研究	徐骅	江苏大学	硕士	2009	1	182	原版阅读      CNKI AI阅读
3925	小檗碱及其同系物的药代动力学研究和安全性评价	吴宇娟	西南大学	硕士	2009	3	635	原版阅读      CNKI AI阅读
3926	延胡索（Corydalis yanhusuo W.T. Wang）的化学成分和生物活性研究	胡甜甜	沈阳药科大学	硕士	2009	30	1153	原版阅读      CNKI AI阅读
3927	黄连hppd基因在E.coli中表达产褐色素研究	姚红宝	河北大学	硕士	2010	3	158	原版阅读      CNKI AI阅读
3928	金枣远志胶囊的制备工艺及质量标准研究	李磊	西北大学	硕士	2012	5	412	原版阅读      CNKI AI阅读
3929	中草药对于红掌细菌性病害的防治性研究	黄书盛	福建农林大学	硕士	2010	3	292	原版阅读      CNKI AI阅读
3930	彩叶植物在洛阳市绿地中的应用调查及研究	牛曌缔	河南科技大学	硕士	2012	6	558	原版阅读      CNKI AI阅读
3931	2型糖尿病大鼠血管平滑肌反应性变化及黄连素的干预作用	刘小燕	泸州医学院	硕士	2012	2	125	原版阅读      CNKI AI阅读
3932	PAP为核心的三酰甘油合成及相关调控机制的研究	房志家	东华大学	硕士	2013	4	369	原版阅读      CNKI AI阅读
3933	三种天然产物中生物碱类化合物的液质联用分析	张晗	东华大学	硕士	2013	2	1234	原版阅读      CNKI AI阅读
3934	连作地黄cDNA消减文库的构建及其响应基因的筛选	范华敏	河南农业大学	硕士	2012		262	原版阅读      CNKI AI阅读
3935	中医药治疗慢性胃炎临床观察回顾分析	程曦	辽宁中医药大学	硕士	2012	12	866	原版阅读      CNKI AI阅读
3936	中医药治疗湿疹的用药规律探索	谢筱多	辽宁中医药大学	硕士	2012	13	1635	原版阅读      CNKI AI阅读
3937	酶法辅助提取黄连生物碱的研究	宁娜	天津医科大学	硕士	2009	2	697	原版阅读      CNKI AI阅读
3938	中草药防止木材腐朽的抑菌机理研究	李雪琦	内蒙古农业大学	硕士	2012	31	850	原版阅读      CNKI AI阅读
3939	中药复方“加味白头翁”颗粒剂的研制及其对鸡大肠杆菌病的疗效观察	王亮	四川农业大学	硕士	2012	16	1390	原版阅读      CNKI AI阅读
3940	沈家骥教授中医学术思想与临床经验总结	翟毓红	云南中医学院	硕士	2011	1	551	原版阅读      CNKI AI阅读
3941	枇杷清肺饮合黄连解毒汤加减治疗寻常痤疮湿热蕴结证的临床观察	曹光仕	辽宁中医药大学	硕士	2012		301	原版阅读      CNKI AI阅读
3942	健脾清热化湿汤治疗脾虚湿热型Hp阳性慢性非萎缩性胃炎的临床研究	胡锦洋	湖南中医药大学	硕士	2013	14	516	原版阅读      CNKI AI阅读
3943	陈大舜名老中医临证处方经验的研究	唐现莉	湖南中医药大学	硕士	2013	6	485	原版阅读      CNKI AI阅读
3944	黄连素通过NF-κB信号通路调控VEGF表达的分子机制研究	柯善栋	华中科技大学	硕士	2012	3	401	原版阅读      CNKI AI阅读
3945	黄连与生地含药血清改善棕榈酸诱导的NIT-1胰岛β细胞损伤的分子机制	管炜	华中科技大学	硕士	2012	3	217	原版阅读      CNKI AI阅读
3946	黄连饮片中小檗碱的提取与重金属去除工艺的研究	高锐	安徽农业大学	硕士	2012	5	590	原版阅读      CNKI AI阅读
3947	黄连解毒汤治疗类风湿性关节炎的代谢组学研究	章华伟	福建中医药大学	硕士	2013	24	2980	原版阅读      CNKI AI阅读
3948	161例慢性胃炎脾胃湿热证的中药用药特点研究	吴秋红	福建中医药大学	硕士	2013	3	382	原版阅读      CNKI AI阅读
3949	仝小林教授经方新用的思路与研究	张宸	北京中医药大学	硕士	2013	8	1416	原版阅读      CNKI AI阅读
3950	叶天士治疗温病用药规律研究	黄倩	北京中医药大学	硕士	2013	17	2417	原版阅读      CNKI AI阅读
	中文题名	作者	学位授予单位	数据库	学位授予年度	被引	下载	操作
3951	加味乌梅汤治疗厥阴证失眠临床疗效观察	李智文	北京中医药大学	硕士	2013	20	990	原版阅读      CNKI AI阅读
3952	黄连解毒汤调控单核/巨噬细胞分化抗动脉粥样硬化的研究	李彤	北京中医药大学	硕士	2013	8	676	原版阅读      CNKI AI阅读
3953	从煎服法探讨《伤寒论》的“保胃气”思想	陳楚為	北京中医药大学	硕士	2013	3	1856	原版阅读      CNKI AI阅读
3954	黄连素对人肝癌细胞HepG2增殖和复发的抑制作用及其机制探讨	李鸥	吉林大学	硕士	2013	7	630	原版阅读      CNKI AI阅读
3955	依据古代文献和现代处方探究黄芩用药规律	董历华	北京中医药大学	硕士	2013	20	1070	原版阅读      CNKI AI阅读
3956	苦瓜皂苷与黄连素混合物对Ⅱ型糖尿病小鼠的降血糖作用及预防糖尿病并发症的实验研究	陈松瑞	湖北中医药大学	硕士	2013	19	2086	原版阅读      CNKI AI阅读
3957	经方辨治糖尿病及并发症的临床证治规律研究	田文静	湖北中医药大学	硕士	2013	8	1592	原版阅读      CNKI AI阅读
3958	旋覆代赭汤合乌贝散加减方治疗反流性食管炎的临床观察	陈伟强	湖北中医药大学	硕士	2013	10	663	原版阅读      CNKI AI阅读
3959	黄癸固体分散体对胆管结扎诱导的肝纤维化的治疗作用及机制的研究	崔万丽	吉林大学	硕士	2013	2	291	原版阅读      CNKI AI阅读
3960	基于葫芦脲为超分子主体的分子光谱学研究及分析应用	杨钧	山西师范大学	硕士	2013	1	241	原版阅读      CNKI AI阅读
3961	吕仁和教授临证经验及学术思想浅析——23例特发性膜性肾病病例分析	王鑫	北京中医药大学	硕士	2013	61	1783	原版阅读      CNKI AI阅读
3962	李振华老师治疗腹泻型肠易激综合征的临床经验总结	崔爱澜	北京中医药大学	硕士	2013	7	1092	原版阅读      CNKI AI阅读
3963	中医辨证论治联合标准三联疗法治疗HP相关性慢性胃炎的临床研究	陈晓伟	北京中医药大学	硕士	2013	8	679	原版阅读      CNKI AI阅读
3964	不寐的辨证论治浅析及临床体会	伍亚男	北京中医药大学	硕士	2013	8	2046	原版阅读      CNKI AI阅读
3965	仝小林教授治疗糖尿病胃轻瘫病例研究及其经验方对糖尿病大鼠胃肠动力作用研究	李君玲	北京中医药大学	硕士	2013	14	1556	原版阅读      CNKI AI阅读
3966	基于数据挖掘的仝小林教授门诊2型糖尿病舌象信息研究	贺宏波	北京中医药大学	硕士	2013	7	761	原版阅读      CNKI AI阅读
3967	仝小林教授辨治代谢性高血压经验总结	肖明良	北京中医药大学	硕士	2013	11	1097	原版阅读      CNKI AI阅读
3968	基于数据挖掘的赵进喜教授治疗糖尿病120例病案分析	董菲	北京中医药大学	硕士	2013	10	1051	原版阅读      CNKI AI阅读
3969	六君子丸联合四联疗法提高脾胃虚弱型Hp感染者根除率的研究	朱婷婷	北京中医药大学	硕士	2013	7	492	原版阅读      CNKI AI阅读
3970	基于现代医案探讨葛根芩连汤的证量特点	张慧	北京中医药大学	硕士	2013	8	533	原版阅读      CNKI AI阅读
3971	基于药物代谢酶的双参通冠方中延胡索与人参的相互作用研究	杨鑫宝	北京中医药大学	硕士	2013	7	928	原版阅读      CNKI AI阅读
3972	效阈浓度下复方四种单体及其配伍的细胞生物效应	张敬升	北京中医药大学	硕士	2013	5	600	原版阅读      CNKI AI阅读
3973	健脾化湿解毒方对TAA诱导的急性肝衰竭小鼠模型的影响	杨天翼	北京中医药大学	硕士	2013	11	378	原版阅读      CNKI AI阅读
3974	中医药治疗糖尿病研究进展	朱琳琳	北京中医药大学	硕士	2013	98	10393	原版阅读      CNKI AI阅读
3975	荧光探针滴定法在环境污染物和药物分析中的应用	要飞虎	山西师范大学	硕士	2013		392	原版阅读      CNKI AI阅读
3976	中西药对大肠杆菌生物膜形成和毒力基因表达影响的初步研究	陈美玲	山东大学	硕士	2013	7	1020	原版阅读      CNKI AI阅读
3977	高效液相色谱法测定清热类制剂中有效成分含量的方法研究	刘阿静	延安大学	硕士	2013	6	1208	原版阅读      CNKI AI阅读
3978	唑类活性小分子的合成与抗微生物活性研究及其血清白蛋白的相互作用	张少林	西南大学	硕士	2013	2	186	原版阅读      CNKI AI阅读
3979	兰术四草化浊解毒方对溃疡性结肠炎大鼠血清TNF-α、IL-8及IL-10含量的影响	李博林	河北医科大学	硕士	2013	4	465	原版阅读      CNKI AI阅读
3980	化浊解毒愈疡煎对胃溃疡大鼠TNF-α、SOD及CAT的影响	张晓艳	河北医科大学	硕士	2013	4	204	原版阅读      CNKI AI阅读
3981	中药保留灌肠结合口服肠道微生态制剂治疗溃疡性直肠炎的临床研究	冯俊伟	河北医科大学	硕士	2013	6	738	原版阅读      CNKI AI阅读
3982	基于数据挖掘的李佃贵教授运用化浊解毒法治疗慢性萎缩性胃炎癌前期病变的临床与发现性研究	徐伟超	河北医科大学	硕士	2013	6	524	原版阅读      CNKI AI阅读
3983	基于《伤寒论》的小阴旦汤探讨	张晶星	浙江中医药大学	硕士	2013	1	564	原版阅读      CNKI AI阅读
3984	黄连生物碱的安全性评价及8-十六烷基小檗碱分析方法的研究	易骏	西南大学	硕士	2013	10	745	原版阅读      CNKI AI阅读
3985	重庆道地药材山银花、青蒿和黄连主要有效成分与微量元素含量评价及相关性分析	周蓓	西南大学	硕士	2013	18	2102	原版阅读      CNKI AI阅读
3986	黄连生物碱对线粒体复合物Ⅲ蛋白表达的影响	刘旭晶	西南大学	硕士	2013	3	282	原版阅读      CNKI AI阅读
3987	味连须药材的安全性评价	张德周	西南大学	硕士	2013	4	217	原版阅读      CNKI AI阅读
3988	黄连生物碱对解偶联蛋白2的影响	舒何晶	西南大学	硕士	2013	1	188	原版阅读      CNKI AI阅读
3989	黄连素体外诱导人脐带间充质干细胞向神经样细胞分化	闫冬冬	河北医科大学	硕士	2013		202	原版阅读      CNKI AI阅读
3990	暖温带落叶阔叶林灌木层种间关联探究	康丽丹	西北师范大学	硕士	2011	16	318	原版阅读      CNKI AI阅读
3991	壳聚糖絮凝沉降法对异黄酮和黄酮类成分影响的研究	王鹏	山东中医药大学	硕士	2011	8	456	原版阅读      CNKI AI阅读
3992	“四黄注射液”对动物热证的药效学及其作用机制的研究	吴菲	江西农业大学	硕士	2011	2	141	原版阅读      CNKI AI阅读
3993	黄连素对人胃癌MGC-803细胞增殖和侵袭转移的影响	王文怡	武汉科技大学	硕士	2011	3	259	原版阅读      CNKI AI阅读
3994	黄连解毒汤加味颗粒联合基础胰岛素、二甲双胍治疗初发肥胖型2型糖尿病的临床观察	王璞	山东中医药大学	硕士	2011	4	212	原版阅读      CNKI AI阅读
3995	黄连羊肝丸质量标准的研究	吴阳	辽宁医学院	硕士	2011	2	176	原版阅读      CNKI AI阅读
3996	黄连、枳实药对的配伍研究	林丽丽	辽宁中医药大学	硕士	2011	3	599	原版阅读      CNKI AI阅读
3997	中药根除幽门螺杆菌的研究（抑菌实验）	郭小丹	辽宁中医药大学	硕士	2011	15	1909	原版阅读      CNKI AI阅读
3998	中药根除幽门螺旋杆菌的研究（体外耐药反应实验）	潘虹	辽宁中医药大学	硕士	2011	10	872	原版阅读      CNKI AI阅读
3999	失眠症的不同医师辩证论治随机对照评价方法研究	杨淑宏	中国中医科学院	硕士	2011	3	451	原版阅读      CNKI AI阅读
4000	慢性萎缩性胃炎辩证治疗的疗效评价和基于数据挖掘的导师经验总结	刘珊	中国中医科学院	硕士	2011	9	1086	原版阅读      CNKI AI阅读
	中文题名	作者	学位授予单位	数据库	学位授予年度	被引	下载	操作
4001	仝小林教授辛开苦降法治疗糖尿病临床用药规律分析	万方	中国中医科学院	硕士	2011	25	1116	原版阅读      CNKI AI阅读
4002	从痰论治失眠症——李敬林教授运用温胆汤治疗失眠症经验总结	杨博	辽宁中医药大学	硕士	2011	13	929	原版阅读      CNKI AI阅读
4003	从热毒论治消渴	聂晓娇	辽宁中医药大学	硕士	2011	3	310	原版阅读      CNKI AI阅读
4004	黄连温胆汤合乌贝散加减治疗肝胃郁热型胆汁反流性胃炎的临床研究	王艳霞	山东中医药大学	硕士	2011	5	287	原版阅读      CNKI AI阅读
4005	滋阴降火、安神通脉方药治疗快速性心律失常阴虚火旺证的临床研究	林家茂	山东中医药大学	硕士	2011	3	325	原版阅读      CNKI AI阅读
4006	清心滋水胶囊治疗原发性慢性失眠（阴虚火旺证）的临床研究	吕殿平	长春中医药大学	硕士	2011	2	187	原版阅读      CNKI AI阅读
4007	黄连木籽油生物柴油制备及其实验研究	陆圣梅	安徽农业大学	硕士	2010	3	225	原版阅读      CNKI AI阅读
4008	硅藻生长调控富集油脂及其生物柴油特性研究	葛婷婷	浙江大学	硕士	2010	4	621	原版阅读      CNKI AI阅读
4009	直喷式柴油机燃用黄连木籽生物柴油的燃烧及排放特性研究	王鑫	河南科技大学	硕士	2010	6	158	原版阅读      CNKI AI阅读
4010	丁香叶提取物贴片成型工艺及质量控制研究	殷翔	黑龙江中医药大学	硕士	2010	3	356	原版阅读      CNKI AI阅读
4011	魔芋葡甘聚糖—蒙脱土复合膜作为结肠释药载体的研究	刘艳君	天津大学	硕士	2010	6	302	原版阅读      CNKI AI阅读
4012	补肾化痰活血方联合西药治疗PCOS伴胰岛素抵抗患者40例临床分析	王继波	黑龙江中医药大学	硕士	2010	7	268	原版阅读      CNKI AI阅读
4013	不同方式干预对2型糖尿病胰岛素抵抗的影响	杨东	山东中医药大学	硕士	2008	1	233	原版阅读      CNKI AI阅读
4014	小檗碱、梓醇及其配伍对胰岛素抵抗3T3-L1脂肪细胞抵抗素表达和分泌的影响	刘明	华中科技大学	硕士	2010	3	219	原版阅读      CNKI AI阅读
4015	离子对大肠杆菌生长的影响以及大肠杆菌生物被膜的初步研究	刘娟娟	山东中医药大学	硕士	2010	8	980	原版阅读      CNKI AI阅读
4016	俞根初《通俗伤寒论》祛湿方剂的配伍规律研究	莫家舜	浙江中医药大学	硕士	2010	2	662	原版阅读      CNKI AI阅读
4017	中药方剂不同提取方法药效成分化学动态变化研究	任美荣	黑龙江中医药大学	硕士	2010	2	591	原版阅读      CNKI AI阅读
4018	黄连温胆汤加减对代谢综合征大鼠胰岛素抵抗及血清瘦素的影响	靳艳江	黑龙江中医药大学	硕士	2010	1	233	原版阅读      CNKI AI阅读
4019	黄连温胆汤加减对代谢综合征大鼠胰岛素抵抗及血清FFA的影响	杜爱芬	黑龙江中医药大学	硕士	2010		214	原版阅读      CNKI AI阅读
4020	2种中药——五倍子和黄连的抗群体感应与抗病原菌作用的研究	Djakpo Odilon （奥德伦）	江南大学	硕士	2010	3	337	原版阅读      CNKI AI阅读
4021	小檗碱和小檗红碱13位衍生物的合成及抗菌活性研究	邵凯	长春工业大学	硕士	2010	6	679	原版阅读      CNKI AI阅读
4022	附子、干姜、黄连、大黄对正常大鼠寒热表征和能量代谢的影响	马清翠	山东中医药大学	硕士	2010	29	804	原版阅读      CNKI AI阅读
4023	以≤1000Da提取物探讨中药复方成分提取用SBE法研究的基本模式	窦锦明	山东中医药大学	硕士	2010	1	128	原版阅读      CNKI AI阅读
4024	益气补肾中药（脑神康）对糖尿病及其脑缺血大鼠脑内单胺类神经递质含量的影响	耿磊	山东中医药大学	硕士	2008		170	原版阅读      CNKI AI阅读
4025	清热祛湿方对2型糖尿病胰岛素抵抗患者及模型大鼠TNF-α影响的临床及实验研究	刘金玲	山东中医药大学	硕士	2008		123	原版阅读      CNKI AI阅读
4026	左金丸及类方寒热属性客观差异的生物热动力学研究	杨宏博	昆明理工大学	硕士	2010	9	431	原版阅读      CNKI AI阅读
4027	基于化学成分与生态因子相关性的黄连质量评价初步研究	耿志鹏	成都中医药大学	硕士	2010	6	740	原版阅读      CNKI AI阅读
4028	黄连、白芷中有害物质研究及黄连中生物碱抗Ⅱ型糖尿病机理探究	李铁钢	成都中医药大学	硕士	2010	1	471	原版阅读      CNKI AI阅读
4029	黄石散工艺及质量标准研究	王荧荧	成都中医药大学	硕士	2010	1	677	原版阅读      CNKI AI阅读
4030	交泰丸及其单味药对2型糖尿病大鼠异位脂肪沉积的影响	龚艳琳	华中科技大学	硕士	2010	1	206	原版阅读      CNKI AI阅读
4031	小檗碱与梓醇及其配伍对胰岛素抵抗3T3-L1脂肪细胞TNF-α、IL-1β、IL-6分泌及mRNA表达的影响	阴奇男	华中科技大学	硕士	2010	3	430	原版阅读      CNKI AI阅读
4032	不同配伍比例交泰丸对2型糖尿病大鼠的治疗作用及分子机制研究	汪健红	华中科技大学	硕士	2010	7	334	原版阅读      CNKI AI阅读
4033	黄连素对CA诱导的tau蛋白过度磷酸化的保护作用及其机制	余光	华中科技大学	硕士	2009	4	320	原版阅读      CNKI AI阅读
4034	当归龙荟片质量控制方法与药物动力学研究	胡春丽	沈阳药科大学	硕士	2008	2	226	原版阅读      CNKI AI阅读
4035	犀角地黄汤的文献研究	仇伟	南京中医药大学	硕士	2008	29	1504	原版阅读      CNKI AI阅读
4036	黄连生物碱的提取及降糖活性研究	杨勇	西南大学	硕士	2009	12	980	原版阅读      CNKI AI阅读
4037	凉血散瘀类方剂的整理研究	杨丽娟	南京中医药大学	硕士	2009	12	481	原版阅读      CNKI AI阅读
4038	柴胡三参胶囊对心肌缺血心律失常模型大鼠心肌细胞Ca2+及SERCA2a表达的影响	何少平	湖南中医药大学	硕士	2010	3	237	原版阅读      CNKI AI阅读
4039	基于方证相应学说的《伤寒论》方证整理与因机证治初探	高亮	黑龙江中医药大学	硕士	2010	7	777	原版阅读      CNKI AI阅读
4040	安神汤治疗更年期心肾不交型失眠的临床研究	席艳香	黑龙江中医药大学	硕士	2010	8	654	原版阅读      CNKI AI阅读
4041	解郁宁心合剂治疗早搏伴焦虑症状的临床研究	段婷婷	山东中医药大学	硕士	2010	2	136	原版阅读      CNKI AI阅读
4042	清热解毒法在风湿性疾病中的应用	林雨	山东中医药大学	硕士	2010	5	214	原版阅读      CNKI AI阅读
4043	清降合方治疗反流性食管炎肝胃郁火、浊气上逆证的临床疗效观察	张国强	山东中医药大学	硕士	2010		159	原版阅读      CNKI AI阅读
4044	越南黄连国家公园裸子植物分布及多样性研究	王维兴	西南林学院	硕士	2009	1	303	原版阅读      CNKI AI阅读
4045	黄连木籽油制备生物柴油及其副产物甘油的分离与精制	杨丽	郑州大学	硕士	2009	1	259	原版阅读      CNKI AI阅读
4046	泰山不同林分水源涵养功能研究	赵进红	山东农业大学	硕士	2009	6	377	原版阅读      CNKI AI阅读
4047	盱眙县困难地植被恢复树种苗期抗旱性研究	胡宏亮	南京林业大学	硕士	2010	1	108	原版阅读      CNKI AI阅读
4048	生物柴油树种结实及经济效益评价——以文冠果、花椒和油桐三个树种为例	马丽萍	河南农业大学	硕士	2009	3	475	原版阅读      CNKI AI阅读
4049	低密度脂蛋白受体3′非翻译区单核苷酸多态性对黄连素调节低密度脂蛋白受体表达的影响	蒋华新	南京医科大学	硕士	2009	1	56	原版阅读      CNKI AI阅读
4050	黄连素对模型大鼠脂联素的影响及其联合他汀类药物的降脂研究	郑贝贝	南京医科大学	硕士	2010	2	293	原版阅读      CNKI AI阅读
	中文题名	作者	学位授予单位	数据库	学位授予年度	被引	下载	操作
4051	附子、仙茅、黄连、黄柏对大鼠能量代谢影响的相关研究	樊志奇	山东中医药大学	硕士	2010	10	526	原版阅读      CNKI AI阅读
4052	明清时期部分地区道地药材的方志文献研究	梁飞	山东中医药大学	硕士	2010	25	1943	原版阅读      CNKI AI阅读
4053	参麦降糖颗粒对2型糖尿病胰岛素抵抗大鼠的作用及其机制研究	张通	山东中医药大学	硕士	2010	1	171	原版阅读      CNKI AI阅读
4054	中药寒热药性物质基础紫外光谱指纹图谱数字化表征体系的构建	李和光	山东中医药大学	硕士	2010	17	774	原版阅读      CNKI AI阅读
4055	酒蒸黄连炮制工艺及质量评价研究	郑海杰	成都中医药大学	硕士	2010		743	原版阅读      CNKI AI阅读
4056	中医美容方剂的配伍规律研究——治疗痤疮、黄褐斑及抗皮肤衰老方剂的配伍规律研究	顾严严	南京中医药大学	硕士	2010	14	4489	原版阅读      CNKI AI阅读
4057	小檗碱及其结构修饰物的在体肠吸收特性及对小肠糖分吸收影响的研究	董苏	华中科技大学	硕士	2009	1	390	原版阅读      CNKI AI阅读
4058	千金黄连丸及其拆方治疗2型糖尿病胰岛素抵抗的实验研究	冶岱蔚	新疆医科大学	硕士	2010	2	204	原版阅读      CNKI AI阅读
4059	《伤寒论》药对配伍规律的研究	林佩莉	浙江中医药大学	硕士	2010	4	1250	原版阅读      CNKI AI阅读
4060	祛瘀煎治疗结节囊肿型痤疮（痰热瘀结型）的临床观察	丁黎薇	黑龙江中医药大学	硕士	2010	2	332	原版阅读      CNKI AI阅读
4061	谢晶日教授治疗胃食管反流病辩证用药规律研究	尹莲花	黑龙江中医药大学	硕士	2010	3	485	原版阅读      CNKI AI阅读
4062	《伤寒杂病论》药用重气味学术思想研究	王伟	山东中医药大学	硕士	2010	11	1015	原版阅读      CNKI AI阅读
4063	安肠愈疡汤治疗慢性溃疡性结肠炎的临床及实验研究	孙大娟	山东中医药大学	硕士	2010	5	267	原版阅读      CNKI AI阅读
4064	胃康舒胶囊治疗幽门螺杆菌相关性胃溃疡的临床研究	王伟	山东中医药大学	硕士	2010	2	335	原版阅读      CNKI AI阅读
4065	丁书文教授清热解毒法治疗胸痹心痛的临证思辨规律探讨	刘蜜	山东中医药大学	硕士	2010	7	426	原版阅读      CNKI AI阅读
4066	中药针灸联合治疗气阴两虚型快速性心律失常的研究	于晟培	山东中医药大学	硕士	2010	4	367	原版阅读      CNKI AI阅读
4067	舒健化滞汤治疗肝郁脾虚型溃疡性结肠炎的临床研究	邢祎祎	山东中医药大学	硕士	2010		182	原版阅读      CNKI AI阅读
4068	胃食管反流病的研究进展（附谭万初教授治疗该病的经验及20例临床观察）	龚立荣	成都中医药大学	硕士	2010	2	290	原版阅读      CNKI AI阅读
4069	基于数据挖掘的脾胃湿热证辩治规律研究	张学虹	成都中医药大学	硕士	2010	4	328	原版阅读      CNKI AI阅读
4070	平痤饮治疗寻常痤疮（肺胃蕴热型）的临床研究	宋仲涛	黑龙江中医药大学	硕士	2007		162	原版阅读      CNKI AI阅读
4071	三仁汤加味治疗慢性浅表性胃炎脾胃湿热证的临床观察	曾庆福	广州中医药大学	硕士	2009	3	277	原版阅读      CNKI AI阅读
4072	《伤寒论》方剂的英译研究	柴卉	南京中医药大学	硕士	2010	16	1205	原版阅读      CNKI AI阅读
4073	中药对异育银鲫CYP450的诱导与抑制及对恩诺沙星代谢的影响	周常	上海海洋大学	硕士	2011	10	339	原版阅读      CNKI AI阅读
4074	不同中药对3种细菌耐药质粒的消除作用研究	马驰	四川农业大学	硕士	2011	56	1359	原版阅读      CNKI AI阅读
4075	解毒活血法治疗小儿肾病综合征病例分析及实验研究	梁学超	山东中医药大学	硕士	2011	1	182	原版阅读      CNKI AI阅读
4076	中药抑制剂血清药理学研究及对相关基因影响	游思湘	湖南农业大学	硕士	2011	6	280	原版阅读      CNKI AI阅读
4077	中药脑神康方的化学成分及质量控制方法研究	钟丽红	山东中医药大学	硕士	2011		113	原版阅读      CNKI AI阅读
4078	安徽短萼黄连资源调查和质量研究	刘学医	山东中医药大学	硕士	2011	4	382	原版阅读      CNKI AI阅读
4079	附子对虚寒证大鼠能量代谢影响及机制的初步研究	高娜	山东中医药大学	硕士	2011	13	425	原版阅读      CNKI AI阅读
4080	《中华本草》归肝经药物性效规律文献研究	朱艳玲	山东中医药大学	硕士	2011	15	764	原版阅读      CNKI AI阅读
4081	基于古今药方纵横的半夏减毒增效配伍规律研究	张玉修	山东中医药大学	硕士	2011	8	748	原版阅读      CNKI AI阅读
4082	寒性中药对实热证疗效的表述及大黄、黄连对实热证大鼠效应的实验研究	戴璐	山东中医药大学	硕士	2011	16	623	原版阅读      CNKI AI阅读
4083	基于古今药方纵横的吴茱萸减毒增效配伍规律研究	邵立立	山东中医药大学	硕士	2011	12	829	原版阅读      CNKI AI阅读
4084	黄连阿胶汤化裁治疗慢性非细菌性前列腺炎的剂型优化及疗效机理研究	叶金连	福建中医药大学	硕士	2011	1	307	原版阅读      CNKI AI阅读
4085	不同制备工艺葛根芩连汤抗感染作用的比较研究	杨丽珍	黑龙江中医药大学	硕士	2011		321	原版阅读      CNKI AI阅读
4086	干姜芩连人参煎膏剂的制备工艺与质量标准研究	陈旭	黑龙江中医药大学	硕士	2011	5	1057	原版阅读      CNKI AI阅读
4087	方剂辨证论治方法体系之建立——白头翁汤证的辨证论治	曲宝锐	黑龙江中医药大学	硕士	2011		275	原版阅读      CNKI AI阅读
4088	加味黄连温胆汤对痰热互结型不稳定型心绞痛患者同型半胱氨酸影响	何丽杰	黑龙江中医药大学	硕士	2011	3	201	原版阅读      CNKI AI阅读
4089	抗耐甲氧西林金黄色葡萄球菌的中药筛选	宓伟	山东大学	硕士	2011	5	455	原版阅读      CNKI AI阅读
4090	中成药中单一指标成分和多指标成分HPLC含量测定方法的研究	罗琴	西南交通大学	硕士	2011	2	1672	原版阅读      CNKI AI阅读
4091	仝小林教授治疗糖尿病肾病用药规律分析及经验总结	周强	中国中医科学院	硕士	2011	21	1506	原版阅读      CNKI AI阅读
4092	清降汤治疗室性早搏的临床研究	李淑一	山东中医药大学	硕士	2011	2	141	原版阅读      CNKI AI阅读
4093	丁书文教授从热毒论治治疗高血压病的临证思辨特点探讨	李瑞凤	山东中医药大学	硕士	2011	3	281	原版阅读      CNKI AI阅读
4094	丁书文教授清热解毒法治疗早搏的思辨规律探析	时莉晓	山东中医药大学	硕士	2011	6	209	原版阅读      CNKI AI阅读
4095	清中安胃饮治疗湿热中阻型胃溃疡的临床研究	孙明辉	山东中医药大学	硕士	2011	7	174	原版阅读      CNKI AI阅读
4096	《中医方剂大辞典》治泄方剂方药的证治规律	李如双	山东中医药大学	硕士	2011	5	486	原版阅读      CNKI AI阅读
4097	《伤寒论》寒热并用方药配伍研究	钟月圆	山东中医药大学	硕士	2011	12	1606	原版阅读      CNKI AI阅读
4098	《伤寒论》清法研究	童心怡	福建中医药大学	硕士	2011	12	940	原版阅读      CNKI AI阅读
4099	基于数据挖掘的周仲瑛教授糖尿病病机证治规律的研究	庄铭元	南京中医药大学	硕士	2011	8	547	原版阅读      CNKI AI阅读
4100	补肾调周法合黄连素治疗多囊卵巢综合征胰岛素抵抗的临床研究	卢会燕	南京中医药大学	硕士	2011	6	426	原版阅读      CNKI AI阅读
	中文题名	作者	学位授予单位	数据库	学位授予年度	被引	下载	操作
4101	辛开苦降法在慢性胃炎治疗中的应用研究	林伟浩	南京中医药大学	硕士	2011	4	605	原版阅读      CNKI AI阅读
4102	和胃消痞汤对肿瘤化疗所致脾胃虚弱型痞满的临床观察	杨旭	黑龙江中医药大学	硕士	2011	3	161	原版阅读      CNKI AI阅读
4103	肠愈宁颗粒治疗活动期溃疡性结肠炎（湿热内蕴型）的临床观察	吴芃瑶	黑龙江中医药大学	硕士	2011	4	239	原版阅读      CNKI AI阅读
4104	干旱胁迫对5个树种生理和叶片超微结构影响	郁慧	南京林业大学	硕士	2011	6	449	原版阅读      CNKI AI阅读
4105	“还脑益聪方”的药学工艺研究及川芎中有效成分的分离	胡佳	北京化工大学	硕士	2011	5	259	原版阅读      CNKI AI阅读
4106	止痢颗粒中药材浸膏的提取工艺与质量标准的研究	邹戬	湖北中医药大学	硕士	2011		295	原版阅读      CNKI AI阅读
4107	复方交泰巴布剂制备工艺及其质量分析研究	汪兰芳	湖北中医药大学	硕士	2011	3	395	原版阅读      CNKI AI阅读
4108	风景名胜区植物景观规划研究——以普陀山风景名胜区为例	郭浩	浙江农林大学	硕士	2011	15	583	原版阅读      CNKI AI阅读
4109	陕西林业生物质能源林基地建设与发展对策	刘晓利	西北农林科技大学	硕士	2011	3	299	原版阅读      CNKI AI阅读
4110	福建生物柴油树种筛选与良种选育研究	张彪	福建师范大学	硕士	2011	3	226	原版阅读      CNKI AI阅读
4111	三角叶黄连的生物学特性和生药学研究	李小锋	西南交通大学	硕士	2011	9	422	原版阅读      CNKI AI阅读
4112	不同光照对黄连质量和产量的影响	陈军	西北农林科技大学	硕士	2011	8	643	原版阅读      CNKI AI阅读
4113	主要矿质元素对生育前期黄连植株生长发育的影响	周波	华中农业大学	硕士	2011	4	281	原版阅读      CNKI AI阅读
4114	不同生长条件下黄连主要生物碱的积累动态研究	李沛	华中农业大学	硕士	2011	4	250	原版阅读      CNKI AI阅读
4115	盐酸小檗碱对G6PD酶缺陷患者红细胞的影响	黎红平	南方医科大学	硕士	2011	1	386	原版阅读      CNKI AI阅读
4116	丹黄凝胶剂的药学研究	陈新民	南京中医药大学	硕士	2011	6	1412	原版阅读      CNKI AI阅读
4117	多级超滤对黄连解毒汤提取物理化性质、溶出度及PC12细胞损伤的保护作用的影响	须明玉	南京中医药大学	硕士	2011	4	299	原版阅读      CNKI AI阅读
4118	峨眉黄连生物学特性与生药学研究	代春初	西南交通大学	硕士	2011	3	347	原版阅读      CNKI AI阅读
4119	栝楼根丸对2型糖尿病大鼠治疗作用的研究	马燕	河北联合大学	硕士	2011	2	248	原版阅读      CNKI AI阅读
4120	梅连消渴胶囊对实验性糖尿病模型糖、脂代谢的影响	金晓艳	南方医科大学	硕士	2011	2	310	原版阅读      CNKI AI阅读
4121	序贯中药凝胶的制备及其对实验性大鼠宫颈柱状上皮异位的病理形态学影响	郑晓玲	浙江大学	硕士	2011	1	394	原版阅读      CNKI AI阅读
4122	清胆平逆汤治疗胆汁反流性胃炎的临床观察	林熠娟	福建中医药大学	硕士	2011		131	原版阅读      CNKI AI阅读
4123	金小晶教授治疗反流性食管炎的经验总结	禹承伶	南京中医药大学	硕士	2011	12	385	原版阅读      CNKI AI阅读
4124	三清降糖复方对2型糖尿病大鼠血糖血脂影响的实验研究	王雪	河北联合大学	硕士	2011		110	原版阅读      CNKI AI阅读
4125	刘玉洁主任医师治疗心悸的临证经验研究	王清贤	河北联合大学	硕士	2011	3	706	原版阅读      CNKI AI阅读
4126	药品危机事件中网络议程设置对公众认知的影响分析	盛昀	上海外国语大学	硕士	2011	3	509	原版阅读      CNKI AI阅读
4127	O3高级氧化技术处理黄连素制药废水研究	秦伟伟	山东科技大学	硕士	2011	14	641	原版阅读      CNKI AI阅读
4128	高效复合益生菌的研制及对仔猪生产性能影响的研究	范国歌	河南农业大学	硕士	2011	6	411	原版阅读      CNKI AI阅读
4129	双黄连粉针在家兔、鸡体内的药动学研究	廖文兵	福建农林大学	硕士	2011	1	194	原版阅读      CNKI AI阅读
4130	怀地黄连作障碍消减技术研究	黄剑	河南农业大学	硕士	2011	10	449	原版阅读      CNKI AI阅读
4131	不同改良剂对土壤微生物生态的影响	乔晓荣	浙江大学	硕士	2011	23	1115	原版阅读      CNKI AI阅读
4132	盐酸小檗碱对急性脑梗死患者血清CRP及补体C3、C4水平的影响	刘敏	大连医科大学	硕士	2011		145	原版阅读      CNKI AI阅读
4133	鱼腥草对糖尿病的影响及药理学分析	顾菊萍	南京农业大学	硕士	2010	4	407	原版阅读      CNKI AI阅读
4134	胡黄连苷Ⅱ在大鼠脑缺血再灌注损伤中的抗氧化作用	房雷	青岛大学	硕士	2011	1	101	原版阅读      CNKI AI阅读
4135	基于相似结构特征的黄连混合生物碱转化为单体黄连碱的研究	庞雪	长春工业大学	硕士	2011	1	164	原版阅读      CNKI AI阅读
4136	王嘉麟学术思想和临床经验总结及治疗疡性结肠炎的方药分析研究	韩义红	北京中医药大学	硕士	2011	5	566	原版阅读      CNKI AI阅读
4137	陈彤云老师学术思想和临床经验总结及治疗粉刺理法方药的研究	刘清	北京中医药大学	硕士	2011	16	1884	原版阅读      CNKI AI阅读
4138	刘燕池教授学术思想与临床经验总结及治疗糖尿病的临床研究	邢兆宏	北京中医药大学	硕士	2011	4	525	原版阅读      CNKI AI阅读
4139	许彭龄学术思想与临床经验总结及其治疗慢性胃炎的用药规律研究	张其慧	北京中医药大学	硕士	2011	7	1118	原版阅读      CNKI AI阅读
4140	危北海学术思想与临床经验总结及应用胃肠复元法对脓毒症肠功能障碍治疗作用的探讨	范圣凯	北京中医药大学	硕士	2011	13	644	原版阅读      CNKI AI阅读
4141	魏执真教授学术思想临床经验总结及养阴平肝降逆法治疗椎—基底动脉供血不足的研究	周旭升	北京中医药大学	硕士	2011	1	457	原版阅读      CNKI AI阅读
4142	王琦教授辨体—辨病—辨证相结合学术思想与临床经验总结及治疗慢性失眠的临床研究	姜敏	北京中医药大学	硕士	2011	34	3513	原版阅读      CNKI AI阅读
4143	催化湿式氧化技术处理磷霉素钠制药废水研究	崔娜	大连理工大学	硕士	2011	6	417	原版阅读      CNKI AI阅读
4144	γ-聚谷氨酸发酵优化以及药物增溶的研究	王辉	河北工业大学	硕士	2011	2	291	原版阅读      CNKI AI阅读
4145	复方连萸胶囊的制备工艺及质量标准研究	李旸	华中科技大学	硕士	2011	1	276	原版阅读      CNKI AI阅读
4146	生物柴油发动机仿真及废热回收分析	谢德平	广西大学	硕士	2011		161	原版阅读      CNKI AI阅读
4147	胡黄连繁殖及栽培技术研究	苏泽春	中国农业科学院	硕士	2011		349	原版阅读      CNKI AI阅读
4148	黄连抑制LPS诱导的小鼠巨噬细胞MCP-1合成的机制研究	王洪杰	华中科技大学	硕士	2011	2	206	原版阅读      CNKI AI阅读
4149	黄连素对大鼠颈动脉球囊损伤模型及PTEN表达的影响	冮洪生	华中科技大学	硕士	2011		67	原版阅读      CNKI AI阅读
4150	黄连、生地及其配伍对2型糖尿病大鼠治疗作用及机制的比较研究	赵静	华中科技大学	硕士	2011	8	337	原版阅读      CNKI AI阅读
	中文题名	作者	学位授予单位	数据库	学位授予年度	被引	下载	操作
4151	冬地三黄汤对急性肾衰模型大鼠肾组织保护机制研究	王红梅	贵阳中医学院	硕士	2011	1	309	原版阅读      CNKI AI阅读
4152	水中草颗粒治疗复发性口腔溃疡的分子机制研究	姚成	浙江中医药大学	硕士	2011	2	286	原版阅读      CNKI AI阅读
4153	黄连素抑制福氏志贺菌的作用机理及GadB蛋白功能的研究	赵天	江南大学	硕士	2012	4	176	原版阅读      CNKI AI阅读
4154	溃结痊灌肠对溃疡性结肠炎实验大鼠IL-6、IL-10及T淋巴细胞亚群的影响	刘苏娅	浙江中医药大学	硕士	2011	2	183	原版阅读      CNKI AI阅读
4155	抗猪圆环病毒药物体外筛选研究	王克宁	河北农业大学	硕士	2012	8	514	原版阅读      CNKI AI阅读
4156	生长调节剂对黄连木生长及生理特性的影响	董倩	河北农业大学	硕士	2012	29	372	原版阅读      CNKI AI阅读
4157	黄连木雌、雄株的主要形态和生理特征研究	马丽媛	河北农业大学	硕士	2012	6	202	原版阅读      CNKI AI阅读
4158	阿月浑子与黄连木杂种幼胚培养技术研究	庞曼	河北农业大学	硕士	2012	7	231	原版阅读      CNKI AI阅读
4159	泻心汤有效组分抗糖尿病肾病的药效学研究	刘媛	复旦大学	硕士	2011	1	455	原版阅读      CNKI AI阅读
4160	味连须的提取工艺及微丸制备	周晓燕	西南大学	硕士	2012	3	233	原版阅读      CNKI AI阅读
4161	不同载体和前体脂质体对盐酸小檗碱体外释放和大鼠体内吸收的影响	杨平	北京中医药大学	硕士	2012	6	938	原版阅读      CNKI AI阅读
4162	从GLP-1探讨清热降浊方有效部位提取物对自发糖尿病大鼠的降糖机制	袁名泽	北京中医药大学	硕士	2012	11	457	原版阅读      CNKI AI阅读
4163	胡黄莲苷Ⅱ对脑缺血损伤后细胞凋亡及CytC和Calpain基因表达的影响	谢晓丽	青岛大学	硕士	2012		87	原版阅读      CNKI AI阅读
4164	黄连素对INS-1细胞PDX-1和IGF-1表达的影响	张晓菲	广西医科大学	硕士	2012	2	193	原版阅读      CNKI AI阅读
4165	黄连素对心力衰竭大鼠血清炎症细胞因子及诱导型一氧化氮合酶基因表达的影响	张恩浩	广西医科大学	硕士	2012	2	239	原版阅读      CNKI AI阅读
4166	不同剂量小檗碱对大鼠缺血心肌的保护作用	丁世豪	兰州大学	硕士	2012	1	173	原版阅读      CNKI AI阅读
4167	在体单向肠灌流与Caco-2细胞模型研究黄连解毒汤主要指标成分及其在复方配伍环境中的肠吸收机理	张燕	南京中医药大学	硕士	2012	19	2131	原版阅读      CNKI AI阅读
4168	从肝论治消化性溃疡的理论文献研究	田恩惠	北京中医药大学	硕士	2012	2	413	原版阅读      CNKI AI阅读
4169	吕景山老师学术思想和临床经验总结及应用施氏对药辨治慢性萎缩性胃炎的研究	文雅	北京中医药大学	硕士	2012	1	1045	原版阅读      CNKI AI阅读
4170	吕景山学术思想与临床经验总结及降糖调脂对药方干预2型糖尿病脂代谢紊乱的临床研究	郝重耀	北京中医药大学	硕士	2012	3	879	原版阅读      CNKI AI阅读
4171	牛兴东主任医师脾胃病学术思想和临床经验总结及反流性食管炎中医临床研究	郭增元	北京中医药大学	硕士	2012	20	1002	原版阅读      CNKI AI阅读
4172	慢性胃炎胃痛的胃镜黏膜象与中医证候相关性研究	李骁峰	北京中医药大学	硕士	2012	21	484	原版阅读      CNKI AI阅读
4173	2型糖尿病热伤气阴病机研究	李哲	北京中医药大学	硕士	2012	4	469	原版阅读      CNKI AI阅读
4174	葛根芩连汤方证研究	滕健樣	北京中医药大学	硕士	2012	26	1810	原版阅读      CNKI AI阅读
4175	清热降浊方治疗肥胖2型糖尿病合并血脂异常（肝胃郁热证）临床研究的亚组分析	车慧	北京中医药大学	硕士	2012	3	534	原版阅读      CNKI AI阅读
4176	幽门螺旋杆菌的中医研究进展	蔡妍阳	北京中医药大学	硕士	2012	28	2917	原版阅读      CNKI AI阅读
4177	抗耐甲氧西林金黄色葡萄球菌（MRSA）天然产物的筛选及研究	余琼	西南大学	硕士	2012	16	1235	原版阅读      CNKI AI阅读
4178	清心安神软胶囊的研制	王姿媛	广州中医药大学	硕士	2012	2	397	原版阅读      CNKI AI阅读
4179	黄连木抗二氧化硫能力与机制初探	任广炼	西南大学	硕士	2012	7	182	原版阅读      CNKI AI阅读
4180	山西黄连木群落特征及林下植物多样性的影响因素	高晓琳	北京林业大学	硕士	2012	2	247	原版阅读      CNKI AI阅读
4181	黄连素体外抑制人卵巢癌细胞增殖及其机制的研究	张春洁	兰州大学	硕士	2012	1	119	原版阅读      CNKI AI阅读
4182	人大肠癌癌旁组织体外培养平台的建立及小檗碱干预的初步研究	闵飞	广州中医药大学	硕士	2012		152	原版阅读      CNKI AI阅读
4183	自拟和胃清幽汤治疗小儿Hp相关胃脘痛（胃气壅滞型）临床研究	周天祎	长春中医药大学	硕士	2012	1	173	原版阅读      CNKI AI阅读
4184	健脾清化法联合标准三联根除Hp临床疗效观察	王皓云	南京中医药大学	硕士	2012	1	113	原版阅读      CNKI AI阅读
4185	一株锦鲤腐皮病病原菌对常见消毒剂及其八种中草药的耐药性研究	辛伟涛	天津农学院	硕士	2012	3	311	原版阅读      CNKI AI阅读
4186	延胡索药材质量控制的关键技术研究	李静慧	浙江大学	硕士	2012	13	924	原版阅读      CNKI AI阅读
4187	黄连代谢及生理特性对增强UV-B的响应研究	温泉	西南大学	硕士	2012	3	233	原版阅读      CNKI AI阅读
4188	黄丹烧伤膏的药学研究	孔德娟	吉林大学	硕士	2012		389	原版阅读      CNKI AI阅读
4189	黄连素对CCl4诱导的小鼠慢性肝损伤保护作用研究	王云晶	吉林大学	硕士	2012	12	845	原版阅读      CNKI AI阅读
4190	养阴清热方对DN大鼠炎性因子TNF-α、IL-17、VEGF表达影响的实验研究	俞立强	苏州大学	硕士	2012		153	原版阅读      CNKI AI阅读
4191	基于数学思维探讨中药“性—效关联”	汤金波	广州中医药大学	硕士	2012	3	613	原版阅读      CNKI AI阅读
4192	黄连解毒汤调控TLR4对MODS胃肠道影响的临床及实验研究	陈锦河	广州中医药大学	硕士	2012	3	316	原版阅读      CNKI AI阅读
4193	肠激安胶囊对肝脾不调型IBS-D的药理毒理研究	廖小红	广州中医药大学	硕士	2012		270	原版阅读      CNKI AI阅读
4194	凯乐泡腾片的制备工艺及质量标准研究	卢小凤	广州中医药大学	硕士	2012	17	2379	原版阅读      CNKI AI阅读
4195	芦荟在古今方剂中的功效和配伍作用研究	潘苗苗	南京中医药大学	硕士	2012	7	675	原版阅读      CNKI AI阅读
4196	龙胆泻肝汤及其类方的文献与临床应用研究	秦琴	南京中医药大学	硕士	2012	19	1267	原版阅读      CNKI AI阅读
4197	化学结构、机体状态与复方环境对中药成分药物动力学的影响——以黄连、黄芩主要指标成分为例	何凤	南京中医药大学	硕士	2012	2	666	原版阅读      CNKI AI阅读
4198	牛兴东学术思想及治疗慢性萎缩性胃炎经验总结	苏和	北京中医药大学	硕士	2012	20	1234	原版阅读      CNKI AI阅读
4199	《伤寒论》中大黄的应用规律研究	林振邦	北京中医药大学	硕士	2012	15	2661	原版阅读      CNKI AI阅读
4200	张仲景运用黄芩的规律研究	郭理想	北京中医药大学	硕士	2012	21	2298	原版阅读      CNKI AI阅读
	中文题名	作者	学位授予单位	数据库	学位授予年度	被引	下载	操作
4201	自制湿毒膏外用治疗慢性湿疹的临床研究	董一博	北京中医药大学	硕士	2012	7	635	原版阅读      CNKI AI阅读
4202	基于药性组合模式的《伤寒论》方剂配伍规律研究	李萌	北京中医药大学	硕士	2012	13	1434	原版阅读      CNKI AI阅读
4203	《通俗伤寒论》101首方剂方药剂量规律的文献研究	宋昊翀	北京中医药大学	硕士	2012	8	1350	原版阅读      CNKI AI阅读
4204	黄连温胆汤加味对稳定性心绞痛炎症及免疫因子的影响	龚丽	广州中医药大学	硕士	2012	13	337	原版阅读      CNKI AI阅读
4205	阴阳分治发作期癫痫的临床与实验研究	黎兴键	广州中医药大学	硕士	2012	12	846	原版阅读      CNKI AI阅读
4206	通腑解毒法治疗重症术后胃肠功能碍障的临床研究	朱珲莹	广州中医药大学	硕士	2012	1	245	原版阅读      CNKI AI阅读
4207	甲状腺机能亢进症的国家级名中医辨治规律初探	黄小敏	广州中医药大学	硕士	2012	19	1090	原版阅读      CNKI AI阅读
4208	以温病“伏气”学说论治复发性口腔溃疡	许琼芬	广州中医药大学	硕士	2012	14	1629	原版阅读      CNKI AI阅读
4209	溃疡性结肠炎近二十年文献中医证治规律研究	刘海英	广州中医药大学	硕士	2012	18	1391	原版阅读      CNKI AI阅读
4210	仲景理论和实践数据库之建立与应用	孙代华	广州中医药大学	硕士	2012		296	原版阅读      CNKI AI阅读
4211	加减半夏泻心汤治疗慢性萎缩性胃炎脾胃湿热证的临床研究	王光铭	南京中医药大学	硕士	2012	18	834	原版阅读      CNKI AI阅读
4212	孟河马派临证痞证及慢性萎缩性胃炎的证治规律研究	张伟	南京中医药大学	硕士	2012	12	570	原版阅读      CNKI AI阅读
4213	基于数据挖掘的周仲瑛教授论治失眠病机证治规律研究	卓家晖	南京中医药大学	硕士	2012	28	1016	原版阅读      CNKI AI阅读
4214	吴鞠通温病养阴法的研究	韦堂军	南京中医药大学	硕士	2012	15	1619	原版阅读      CNKI AI阅读
4215	健脾滋肾、清热养阴法治疗Ⅱ型糖尿病的临床研究	陈艳	南京中医药大学	硕士	2012	2	144	原版阅读      CNKI AI阅读
4216	胃食管反流病中医诊治规律探讨	梁邦杰	南京中医药大学	硕士	2012	10	981	原版阅读      CNKI AI阅读
4217	慢性萎缩性胃炎中医治法分布及方药运用规律的研究	易平钰	南京中医药大学	硕士	2012	1	392	原版阅读      CNKI AI阅读
4218	清化和中方治疗湿热中阻型慢性萎缩性胃炎临床研究	黄栋	南京中医药大学	硕士	2012	2	242	原版阅读      CNKI AI阅读
4219	采石宕口群落演替和刺槐年轮中重金属动态变化	陈曌坤	南京林业大学	硕士	2012	6	248	原版阅读      CNKI AI阅读
4220	抗锰植物筛选与锰污染土壤生态治理方法研究	郭丹丹	中南林业科技大学	硕士	2012	16	1006	原版阅读      CNKI AI阅读
4221	抗铅锌植物筛选与铅锌污染土壤生态治理方法研究	刘庆	中南林业科技大学	硕士	2012	10	979	原版阅读      CNKI AI阅读
4222	荧光法测定小檗碱的新方法研究	胡莎	陕西师范大学	硕士	2012	1	376	原版阅读      CNKI AI阅读
4223	琅琊山风景区野生观赏植物资源调查及评价	涂清芳	南京林业大学	硕士	2012	36	1522	原版阅读      CNKI AI阅读
4224	湖南永州石漠化治理对策的探讨	余晓丹	中南林业科技大学	硕士	2012	3	366	原版阅读      CNKI AI阅读
4225	海岸带防护林恢复过程中凋落物的组成及养分特征	陈增鸿	福建农林大学	硕士	2012	6	265	原版阅读      CNKI AI阅读
4226	柴平散加减联合西药治疗胃食管反流病肝胃郁热证的临床疗效观察	原晨	北京中医药大学	硕士	2012	2	463	原版阅读      CNKI AI阅读
4227	加味葛根芩连汤治疗小儿湿热型泄泻的临床观察	彭佩佩	河北医科大学	硕士	2012	7	387	原版阅读      CNKI AI阅读
4228	化浊解毒方治疗胆汁反流性胃炎的临床及实验研究	梁京	河北医科大学	硕士	2012	1	119	原版阅读      CNKI AI阅读
4229	刘铁军教授治疗肝病学术思想及运用“对药”临证经验整理与研究	张为民	长春中医药大学	硕士	2012	4	543	原版阅读      CNKI AI阅读
4230	中药灌肠治疗湿热蕴结型溃疡性结肠炎的临床研究	赵旭晓	长春中医药大学	硕士	2012	2	200	原版阅读      CNKI AI阅读
4231	浅析《伤寒论》中上热下寒证	王桂利	长春中医药大学	硕士	2012	6	1696	原版阅读      CNKI AI阅读
4232	地格达-4味汤的配伍变化对大鼠血清化学成分的影响研究	金刚	内蒙古民族大学	硕士	2012	2	231	原版阅读      CNKI AI阅读
4233	运用调理脾胃法治疗慢性肾小球疾病蛋白尿的临床研究与验案分析	屈欢欢	北京中医药大学	硕士	2012	6	667	原版阅读      CNKI AI阅读
4234	加味连梅颗粒对肥胖2型糖尿病大鼠糖脂代谢及肝内炎症的影响	于晶	长春中医药大学	硕士	2012	2	220	原版阅读      CNKI AI阅读
4235	酵母双杂交系统的抗HIV中草药的快速筛选	胡岩岩	河南师范大学	硕士	2012	1	197	原版阅读      CNKI AI阅读
4236	药用黄连的分子系统学和保护遗传学研究	胡娟	中国中医科学院	硕士	2010	10	522	原版阅读      CNKI AI阅读
4237	活血与清热药物组分配伍对高糖培养内皮细胞分泌功能的影响	王朋倩	中国中医科学院	硕士	2010		247	原版阅读      CNKI AI阅读
4238	中药复方有效组分早期干预对APP转基因小鼠胆碱能系统及脑细胞凋亡的影响	蔡琳琳	中国中医科学院	硕士	2010	3	343	原版阅读      CNKI AI阅读
4239	黄连素对2型糖尿病血脂异常调脂研究	孟湧生	中国中医科学院	硕士	2010	21	1030	原版阅读      CNKI AI阅读
4240	10种中药材道地产地的本草文献研究	孙娟娟	中国中医科学院	硕士	2010	30	2383	原版阅读      CNKI AI阅读
4241	基于临床数据挖掘的苦酸制甜法治疗糖尿病临床用药规律分析	刘文科	中国中医科学院	硕士	2010	9	892	原版阅读      CNKI AI阅读
4242	方证对应理论及其在冠心病心绞痛临床研究中的运用	熊兴江	中国中医科学院	硕士	2010	6	726	原版阅读      CNKI AI阅读
4243	戴希文治疗慢性肾脏病的经验总结	郭旸	中国中医科学院	硕士	2010	14	1260	原版阅读      CNKI AI阅读
4244	古代“药物归经”的经络理论运用研究	吕金山	中国中医科学院	硕士	2010	26	4452	原版阅读      CNKI AI阅读
4245	阴炎净凝胶的制备工艺及质控标准研究	吴雅莉	中南大学	硕士	2010	3	595	原版阅读      CNKI AI阅读
4246	中兽药黄白口服液的生产工艺、质量标准与药效学研究	王胜义	中国农业科学院	硕士	2010	7	829	原版阅读      CNKI AI阅读
4247	黄连素对乳腺癌细胞生长、转移和放射敏感性的影响	赵超前	苏州大学	硕士	2010	3	223	原版阅读      CNKI AI阅读
4248	防龋天然药物的筛选及其粗提物对变链菌的体外作用研究	俞晓峰	福建医科大学	硕士	2010	12	447	原版阅读      CNKI AI阅读
4249	单味中药治疗幽门螺杆菌的动物研究	王建平	福建医科大学	硕士	2010	2	527	原版阅读      CNKI AI阅读
4250	黄连解毒汤化学成分研究及其治疗老年痴呆有效成分的筛选	宋建芳	中国中医科学院	硕士	2010	3	1211	原版阅读      CNKI AI阅读
	中文题名	作者	学位授予单位	数据库	学位授予年度	被引	下载	操作
4251	黄连解毒汤传统饮片汤剂与配方颗粒汤剂药动学的对比研究	袁立	中南大学	硕士	2010	6	914	原版阅读      CNKI AI阅读
4252	马来松香乙二醇丙烯酯聚合物的制备及其在连莲素的分离和提纯中的应用	左振宇	广西大学	硕士	2007	4	383	原版阅读      CNKI AI阅读
4253	葛根芩连分散片的制备工艺及质量标准研究	李君富	成都中医药大学	硕士	2009	4	735	原版阅读      CNKI AI阅读
4254	优康凝胶的药学部分研究	吴学渊	成都中医药大学	硕士	2009	1	275	原版阅读      CNKI AI阅读
4255	鸡源性耐药大肠杆菌中药抑制剂的筛选及对鸡生化免疫指标的影响	张立永	中国农业科学院	硕士	2009	20	560	原版阅读      CNKI AI阅读
4256	江苏省园林树种规划研究	王智	南京农业大学	硕士	2009	31	1423	原版阅读      CNKI AI阅读
4257	川牛膝与黄连轮作规范化种植规程（SOP）和川牛膝多糖提取分离技术研究	赵磊	成都中医药大学	硕士	2009	5	366	原版阅读      CNKI AI阅读
4258	盐酸黄连素生物活性研究及其水悬浮剂的研制与应用	王林	贵州大学	硕士	2009	2	263	原版阅读      CNKI AI阅读
4259	小檗碱类化合物的合成及其生物活性的测定	赵立峰	贵州大学	硕士	2009	12	556	原版阅读      CNKI AI阅读
4260	中药水提液体系大孔吸附树脂使用周期对吸附量的影响及污染树脂再生的初步研究	刘小辉	南京中医药大学	硕士	2008	10	679	原版阅读      CNKI AI阅读
4261	三黄泻心滴丸的研制与质量标准研究	李莉	山东中医药大学	硕士	2009	5	875	原版阅读      CNKI AI阅读
4262	中药四性实验方法的建立及对黄连等六味药材药性的研究	刘平安	湖南中医药大学	硕士	2009	2	536	原版阅读      CNKI AI阅读
4263	半夏泻心汤及有效组分黄芩苷对HP感染小鼠胃黏膜保护作用	罗桂香	湖南中医药大学	硕士	2009	4	256	原版阅读      CNKI AI阅读
4264	鱼腥草挥发油及黄连生物碱的“网通性”研究	江欢英	湖南中医药大学	硕士	2009	1	162	原版阅读      CNKI AI阅读
4265	复方泻心汤的物质基础及其作用研究	曹俊辉	汕头大学	硕士	2009	4	370	原版阅读      CNKI AI阅读
4266	黄连1H-NMR指纹图谱及其体外抗内毒素活性的研究	陈玉兰	成都中医药大学	硕士	2009	17	694	原版阅读      CNKI AI阅读
4267	黄连HPLC指纹图谱、体外改善胰岛素抵抗活性及其相关性的探索研究	黄彦珺	成都中医药大学	硕士	2009	3	654	原版阅读      CNKI AI阅读
4268	肠康宁口服结肠定位制剂的药学研究	李珂	成都中医药大学	硕士	2009	3	215	原版阅读      CNKI AI阅读
4269	从一清胶囊看中成药的二次开发	文雅兰	成都中医药大学	硕士	2009	5	1034	原版阅读      CNKI AI阅读
4270	通络糖泰方对糖尿病周围神经病变大鼠血清IL-6水平表达影响的研究	袁海泼	成都中医药大学	硕士	2009	6	187	原版阅读      CNKI AI阅读
4271	应用基因芯片探讨黄连素降糖调脂的机制	张茜	中国协和医科大学	硕士	2009	3	301	原版阅读      CNKI AI阅读
4272	双黄连肺部吸收特性及其肺部毒性的体内外研究	叶俊晓	中国协和医科大学	硕士	2009	4	588	原版阅读      CNKI AI阅读
4273	白头翁汤质量控制方法及药动学研究	曲龙妹	沈阳药科大学	硕士	2009	5	396	原版阅读      CNKI AI阅读
4274	清化湿热为主治疗湿热型溃疡性结肠炎的疗效观察	林明武	福建中医学院	硕士	2008	2	139	原版阅读      CNKI AI阅读
4275	口腔溃疡病证治的古今文献研究	张双红	成都中医药大学	硕士	2009	22	1648	原版阅读      CNKI AI阅读
4276	参松养心胶囊治疗非器质性室性早搏（气阴两虚、热扰心神证）的随机双盲对照临床试验	陈彦	成都中医药大学	硕士	2009	5	250	原版阅读      CNKI AI阅读
4277	急性湿疹中医外治规范研究	刘晶晶	成都中医药大学	硕士	2009	4	649	原版阅读      CNKI AI阅读
4278	清热祛湿汤治疗溃疡性结肠炎湿热内蕴证的临床研究	张敏	成都中医药大学	硕士	2009	4	142	原版阅读      CNKI AI阅读
4279	中药丹参提取物对大肠杆菌（E.coli）环丙沙星耐药性的消除作用	杨柳	西南大学	硕士	2006	2	409	原版阅读      CNKI AI阅读
4280	中药“犊泻康”抗犊牛腹泻作用的研究	吕信	黑龙江八一农垦大学	硕士	2009	8	575	原版阅读      CNKI AI阅读
4281	中药抑制牛源致病性大肠杆菌对环丙沙星耐药的研究	王德志	黑龙江八一农垦大学	硕士	2009	5	316	原版阅读      CNKI AI阅读
4282	TMP对中药抗菌增效作用及其复方对免疫功能影响的研究	韩铁锁	黑龙江八一农垦大学	硕士	2009	7	325	原版阅读      CNKI AI阅读
4283	黄连木初代培养及褐变影响因子的研究	吴蒙	安徽农业大学	硕士	2009	7	202	原版阅读      CNKI AI阅读
4284	陷胸汤类方证治规律及临床应用研究	王卢曦	湖北中医学院	硕士	2009	7	904	原版阅读      CNKI AI阅读
4285	从苦寒药伤胃看常用苦寒药一般毒性及对胃肠运动影响的实验研究	李飞艳	湖南中医药大学	硕士	2005	15	553	原版阅读      CNKI AI阅读
4286	以现代医家对脂肪肝的中医共识病（证）名追溯明清方药研究	程华焱	新疆医科大学	硕士	2009	1	708	原版阅读      CNKI AI阅读
4287	慢性湿疹及神经性皮炎外用方剂组方用药规律研究	尚佩生	新疆医科大学	硕士	2009	6	704	原版阅读      CNKI AI阅读
4288	李东垣阴火病机及其用药规律研究	孙洁	新疆医科大学	硕士	2009	8	715	原版阅读      CNKI AI阅读
4289	脉冲电絮凝法处理制药废水研究	任美洁	中国环境科学研究院	硕士	2010	9	825	原版阅读      CNKI AI阅读
4290	黄连解毒颗粒制备工艺的改进及质量控制研究	张继红	湖南农业大学	硕士	2010	2	464	原版阅读      CNKI AI阅读
4291	中草药提取物对采后葡萄的病菌抑制和保鲜效果研究	周晓琳	湖南农业大学	硕士	2010	9	837	原版阅读      CNKI AI阅读
4292	LC/MS方法检测大鼠血浆中黄连素和酮康唑及药代动力学应用	贺平	天津医科大学	硕士	2010	9	1170	原版阅读      CNKI AI阅读
4293	天然产物抗氧化组分的毛细管电泳-化学发光法筛选与评价	庞媛	重庆大学	硕士	2010	2	328	原版阅读      CNKI AI阅读
4294	胡黄连苷Ⅱ对大鼠脑缺血再灌注损伤的干预机制	李震	青岛大学	硕士	2010	2	190	原版阅读      CNKI AI阅读
4295	中药耐药抑制剂筛选及耐药抑制机理研究	李俊超	湖南农业大学	硕士	2010	17	1071	原版阅读      CNKI AI阅读
4296	黄连素对肺炎衣原体感染诱导的血管内皮细胞迁移、血管新生的拮抗作用及其相关分子机制	权伟	天津医科大学	硕士	2010	2	156	原版阅读      CNKI AI阅读
4297	中药超微饮片与传统饮片化学成分及药效学剂量对比研究	张祥伟	南方医科大学	硕士	2010	9	1027	原版阅读      CNKI AI阅读
4298	葛根芩连汤超微粉主要有效成分溶出和药代动力学研究	刘蕊	福建农林大学	硕士	2010	1	317	原版阅读      CNKI AI阅读
4299	葛根芩连注射剂的制备及其质量控制研究	杨乐	四川农业大学	硕士	2010	11	583	原版阅读      CNKI AI阅读
4300	小清营注射剂的制备工艺及主要药效学研究	李莉萍	四川农业大学	硕士	2010	1	236	原版阅读      CNKI AI阅读
	中文题名	作者	学位授予单位	数据库	学位授予年度	被引	下载	操作
4301	黄连白绢病病菌Sclerotium rolfsii生物学特性及综合防治的研究	马琳	四川农业大学	硕士	2010	11	583	原版阅读      CNKI AI阅读
4302	黄连生地方防治放射性唾液腺损伤的临床及实验研究	赵云艳	南京中医药大学	硕士	2010	1	196	原版阅读      CNKI AI阅读
4303	乌梅丸方证研究	张金付	南京中医药大学	硕士	2010	14	1609	原版阅读      CNKI AI阅读
4304	五种天然有效部位生物总碱的提取分离及体外抗肿瘤作用研究	严淑	南京中医药大学	硕士	2010	6	1213	原版阅读      CNKI AI阅读
4305	人参皂苷Rb1与小檗碱对脂肪细胞炎症因子表达和分泌的作用及其分子机制的比较研究	刘佳	南京中医药大学	硕士	2010	5	564	原版阅读      CNKI AI阅读
4306	盐酸小檗碱对葡萄糖、氧化型低密度脂蛋白、胰岛素联合诱导人脐静脉内皮细胞损伤的干预作用	张婷	泸州医学院	硕士	2010		136	原版阅读      CNKI AI阅读
4307	兰茵凤扬化浊解毒方对溃疡性结肠炎大鼠核因子-κB抑制蛋白的影响	张晓利	河北医科大学	硕士	2010		140	原版阅读      CNKI AI阅读
4308	小檗碱对氧化型低密度脂蛋白诱导的内皮细胞损伤的保护作用	乔宋璇	湖北中医药大学	硕士	2010	2	125	原版阅读      CNKI AI阅读
4309	鼻衄止血凝胶的研制开发	熊峰	长春中医药大学	硕士	2010	3	569	原版阅读      CNKI AI阅读
4310	基于数据挖掘的周仲瑛教授治疗食道癌病案回顾性研究	孙杰	南京中医药大学	硕士	2010	4	935	原版阅读      CNKI AI阅读
4311	泻肝和胃法治疗反流性食管炎肝胃郁热证的临床研究	吴燕华	南京中医药大学	硕士	2010	1	340	原版阅读      CNKI AI阅读
4312	清化瘀热方干预糖尿病心肌病瘀热证的临床研究	邵鑫	南京中医药大学	硕士	2010	3	403	原版阅读      CNKI AI阅读
4313	连萸清降汤治疗反流性食管炎的临床观察及其对p16表达的影响	蔡玥	南京中医药大学	硕士	2010	2	190	原版阅读      CNKI AI阅读
4314	从瘀热论治慢性胃炎伴糜烂的理论探讨及疗效观察	顾益	南京中医药大学	硕士	2010	1	244	原版阅读      CNKI AI阅读
4315	从心胆气虚论治失眠的研究——附典型验案8则分析	张起华	南京中医药大学	硕士	2010	11	1151	原版阅读      CNKI AI阅读
4316	健脾疏肝、行气降逆法对脾虚肝郁型反流性食管炎胃肠动力的影响	顾媛媛	南京中医药大学	硕士	2010	6	305	原版阅读      CNKI AI阅读
4317	江苏省中医院肾内科运用中医药治疗肾脏病经验拮菁	陆芳芳	南京中医药大学	硕士	2010	1	618	原版阅读      CNKI AI阅读
4318	小儿止泻散敷脐治疗小儿腹泻的实验及临床研究	罗娟	泸州医学院	硕士	2010	1	373	原版阅读      CNKI AI阅读
4319	三黄油纱条的研制与临床观察	李韡琦	泸州医学院	硕士	2010		108	原版阅读      CNKI AI阅读
4320	养阴宜中汤治疗慢性萎缩性胃炎的临床研究	孟变红	福建中医药大学	硕士	2010	2	182	原版阅读      CNKI AI阅读
4321	肺经风热型痤疮的文献整理及研究	程杨	湖北中医药大学	硕士	2010	6	661	原版阅读      CNKI AI阅读
4322	黄连降脂合剂治疗高脂血症临床疗效观察	管燕	湖北中医药大学	硕士	2010	1	132	原版阅读      CNKI AI阅读
4323	新加左金汤治疗肝胃不和型慢性浅表性胃炎的临床研究	张贵彪	湖北中医药大学	硕士	2010	4	223	原版阅读      CNKI AI阅读
4324	黄连化痰通络饮治疗冠心病心绞痛痰热阻络证的临床研究	杨娜	长春中医药大学	硕士	2010	1	175	原版阅读      CNKI AI阅读
4325	苦酸通调法治疗早期肥胖的2型糖尿病的临床观察	康稚宜	长春中医药大学	硕士	2010	4	246	原版阅读      CNKI AI阅读
4326	固定化重组脂肪酶催化木本植物油脂制备生物柴油研究	王友东	南京林业大学	硕士	2010	2	286	原版阅读      CNKI AI阅读
4327	抗细菌性犊牛腹泻中药颗粒剂的研究	徐丹丹	东北农业大学	硕士	2010	10	721	原版阅读      CNKI AI阅读
4328	山东沙质海岸防护林主要树种适应性评价	刘浦孝	山东农业大学	硕士	2010	22	611	原版阅读      CNKI AI阅读
4329	不同种源黄连木水分生理特性及抗旱性研究	潘昊	南京林业大学	硕士	2010	2	295	原版阅读      CNKI AI阅读
4330	泰山罗汉崖林场森林近自然结构与水土保持功能	杜强	山东农业大学	硕士	2010	4	332	原版阅读      CNKI AI阅读
4331	超分子主体对某些药物的分子识别研究	杨吉元	山西师范大学	硕士	2010	2	210	原版阅读      CNKI AI阅读
4332	黄连总生物碱药物树脂骨架型缓释制剂的研究	金良	陕西中医学院	硕士	2010	6	388	原版阅读      CNKI AI阅读
4333	马齿苋水煎剂对溃疡性结肠炎模型小鼠作用机制的实验研究	张欢	陕西中医学院	硕士	2010	2	428	原版阅读      CNKI AI阅读
4334	调解汤对溃疡性结肠炎模型大鼠的实验研究	王小军	辽宁中医药大学	硕士	2010		133	原版阅读      CNKI AI阅读
4335	孙志广教授辨治反流性食管炎的临床经验研究	周明霞	南京中医药大学	硕士	2010	9	481	原版阅读      CNKI AI阅读
4336	程门雪学术思想研究	安艳丽	新疆医科大学	硕士	2010	2	593	原版阅读      CNKI AI阅读
4337	宋元时期与现代文献脂肪肝相关病证的方药对比研究	王转国	新疆医科大学	硕士	2010	1	337	原版阅读      CNKI AI阅读
4338	古代治疗黄疸方剂源流及用药规律研究	周国亮	辽宁中医药大学	硕士	2010	11	755	原版阅读      CNKI AI阅读
4339	《金匮要略》下利病证治源流研究	历飞	辽宁中医药大学	硕士	2010	3	711	原版阅读      CNKI AI阅读
4340	天然药物黄藤素的全合成研究	李定中	长沙理工大学	硕士	2010	11	930	原版阅读      CNKI AI阅读
4341	健胃祛痛微丸制备工艺与质量标准研究	雷杨	湖南中医药大学	硕士	2010	2	218	原版阅读      CNKI AI阅读
4342	30种植物提取物的抑菌防腐研究	范永超	河南工业大学	硕士	2010	21	2397	原版阅读      CNKI AI阅读
4343	毛细管电泳在线富集技术的研究	郝学超	广西工学院	硕士	2010		222	原版阅读      CNKI AI阅读
4344	黄连汤有效成分分析及其对鸭疫里氏杆菌外膜蛋白作用的初步研究	纪丽莎	浙江农林大学	硕士	2010		166	原版阅读      CNKI AI阅读
4345	中药“复方黄连散”防治仔猪大肠杆菌性腹泻机理的研究	张恒	中国农业科学院	硕士	2010	16	1154	原版阅读      CNKI AI阅读
4346	中国黄连木（Pistacia chinensis Bunge）实生群体性状变异研究	胡静静	山东农业大学	硕士	2010	6	150	原版阅读      CNKI AI阅读
4347	黄连栽培模式对土壤因子的影响及黄连品系间主要生理指标研究	李鑫鑫	华中农业大学	硕士	2010	9	382	原版阅读      CNKI AI阅读
4348	双黄连系列制剂中连翘有效成分的定性定量及口服液指纹图谱研究	程再功	黑龙江中医药大学	硕士	2010	3	720	原版阅读      CNKI AI阅读
4349	秦香止泻肠溶片治疗湿热型泄泻的临床疗效观察	杨鸿博	湖南中医药大学	硕士	2010	5	143	原版阅读      CNKI AI阅读
4350	中药黄连超细粉碎技术研究	黄晓东	华东理工大学	硕士	2011	4	497	原版阅读      CNKI AI阅读
	中文题名	作者	学位授予单位	数据库	学位授予年度	被引	下载	操作
4351	黄连蒲注射液药理与毒理学及治疗奶牛乳房炎效果的研究	白丽欣	河北农业大学	硕士	2011	6	330	原版阅读      CNKI AI阅读
4352	玉屏白头超微粉防治鸡大肠杆菌病的研究报告	宇凌	河南农业大学	硕士	2010	7	281	原版阅读      CNKI AI阅读
4353	中药复方制剂对鸡三种细菌性疾病的防治研究	张丁华	河南农业大学	硕士	2010	23	1072	原版阅读      CNKI AI阅读
4354	不同种源黄连木抗寒性研究	冯献宾	河北农业大学	硕士	2011	11	249	原版阅读      CNKI AI阅读
4355	河北省平山县石质山区主要造林树种耗水特征研究	刘春鹏	河北农业大学	硕士	2011	10	218	原版阅读      CNKI AI阅读
4356	黄连木雌花芽分化研究	张彦卿	河北农业大学	硕士	2011	12	315	原版阅读      CNKI AI阅读
4357	泌阳县古树名木保存现状调查与保护方法探讨	吕义坡	河南农业大学	硕士	2010	14	551	原版阅读      CNKI AI阅读
4358	中药材中5种特殊农药的残留分析方法研究	王天玉	浙江大学	硕士	2011	14	1097	原版阅读      CNKI AI阅读
4359	黄连素对大鼠非酒精性脂肪性肝病的防治作用	许腊梅	南京医科大学	硕士	2010	6	290	原版阅读      CNKI AI阅读
4360	基于冷热板示差法的中药寒热药性客观差异初步研究	周灿平	湖南中医药大学	硕士	2010	7	540	原版阅读      CNKI AI阅读
4361	黄连、连翘协同抑菌配方优化及保鲜应用研究	王婷婷	山东农业大学	硕士	2011	33	1038	原版阅读      CNKI AI阅读
4362	治疗奶牛真菌性乳腺炎中药方剂的筛选及临床应用	唐亮	山东农业大学	硕士	2011	1	332	原版阅读      CNKI AI阅读
4363	黄连木果实发育及部分内含物变化规律研究	齐昆	河北农业大学	硕士	2011	12	272	原版阅读      CNKI AI阅读
4364	黄连木果实发育以及果实中油体的形成	王晓茹	西北大学	硕士	2011	6	241	原版阅读      CNKI AI阅读
4365	用细胞学方法研究中药寒热药性	王征	西北大学	硕士	2011	19	998	原版阅读      CNKI AI阅读
4366	黄连素对2型糖尿病大鼠胰岛PDX-1和IGF-1表达的影响	陈秋伶	广西医科大学	硕士	2011	1	207	原版阅读      CNKI AI阅读
4367	黄连素对2型糖尿病大鼠胰岛细胞分泌功能的影响	贺钰梅	广西医科大学	硕士	2011		219	原版阅读      CNKI AI阅读
4368	黄连提取新工艺和传统制剂的现代化改造	汤琳	西南大学	硕士	2011	8	511	原版阅读      CNKI AI阅读
4369	超微与普通戊己丸的制备工艺及有效成分含量比较	史俊	湖南中医药大学	硕士	2011	2	166	原版阅读      CNKI AI阅读
4370	黄连素自微乳化肠溶胶珠的研究	何吉奎	西南大学	硕士	2011	9	228	原版阅读      CNKI AI阅读
4371	黄连木子叶节组培快繁及性别鉴定研究	程世平	河南科技大学	硕士	2011	9	413	原版阅读      CNKI AI阅读
4372	黄连二步法细胞悬浮培养及其生物碱含量的测定	张建佳	西南大学	硕士	2011	4	284	原版阅读      CNKI AI阅读
4373	黄连干燥工艺研究	郭小锋	西南大学	硕士	2011	9	441	原版阅读      CNKI AI阅读
4374	重庆产黄连、青蒿的质量研究	谢光武	西南大学	硕士	2011	1	571	原版阅读      CNKI AI阅读
4375	盐酸小檗碱对大鼠急慢性心肌缺血的保护作用	白彩艳	吉林大学	硕士	2011	5	334	原版阅读      CNKI AI阅读
4376	黄连生物碱抗高脂血症及动脉粥样硬化实验研究	侯宏	西南大学	硕士	2011	5	497	原版阅读      CNKI AI阅读
4377	麻黄升麻汤方证研究	曹淑贞	北京中医药大学	硕士	2011	5	1065	原版阅读      CNKI AI阅读
4378	苔黑酚葡萄糖苷在不同机体状态大鼠体内的药代动力学和组织分布差异研究	张晓萍	北京中医药大学	硕士	2011	7	441	原版阅读      CNKI AI阅读
4379	乌梅丸及其加减类方的方证规律研究	刘芳	北京中医药大学	硕士	2011	3	1630	原版阅读      CNKI AI阅读
4380	戊己丸与超微戊己丸实验比较研究	江星明	湖南中医药大学	硕士	2011	2	144	原版阅读      CNKI AI阅读
4381	铝离子对中药胡黄连、射干的荧光敏化作用及其分析应用研究	辛义川	河北师范大学	硕士	2011		125	原版阅读      CNKI AI阅读
4382	蒙医杀“粘”方剂药物抗真菌的实验研究	霍万学	吉林大学	硕士	2011	5	366	原版阅读      CNKI AI阅读
4383	吕仁和教授治疗慢肾风学术思想初探——63例lgA肾病医案浅析	赵晓娟	北京中医药大学	硕士	2011	11	926	原版阅读      CNKI AI阅读
4384	活动期溃疡性结肠炎的中医证候特点及与肠粘膜象关系的研究	吴健	北京中医药大学	硕士	2011	4	491	原版阅读      CNKI AI阅读
4385	基于《神农本草经》探讨经方方证对应下对症用药	黄雄杰	北京中医药大学	硕士	2011	16	2049	原版阅读      CNKI AI阅读
4386	痤疮清热合剂治疗肺胃蕴热型痤疮临床疗效观察	李珊	北京中医药大学	硕士	2011	1	467	原版阅读      CNKI AI阅读
4387	颜面痤疮发病部位与五脏相应规律的理论与文献学研究	刘澈	北京中医药大学	硕士	2011	23	2789	原版阅读      CNKI AI阅读
4388	辛开苦降法治疗慢性萎缩性胃炎癌前病变的临床观察	韩艳梅	北京中医药大学	硕士	2011	15	1303	原版阅读      CNKI AI阅读
4389	我国木本生物柴油市场潜力及优先开发区域选择研究	赵娥	北京林业大学	硕士	2011	9	403	原版阅读      CNKI AI阅读
4390	黄连木制备生物柴油的研究	张寿鑫	河北工程大学	硕士	2011	8	262	原版阅读      CNKI AI阅读
4391	黄连解毒汤提取精制工艺及安全性评价	魏婷	西南大学	硕士	2011	5	754	原版阅读      CNKI AI阅读
4392	筛选G-四链体配体的荧光各向异性法的研究	王月霞	陕西师范大学	硕士	2011		476	原版阅读      CNKI AI阅读
4393	我国木本油料能源资源政策研究	忻艳	北京林业大学	硕士	2011	2	447	原版阅读      CNKI AI阅读
4394	阿月浑子主要病害研究	杨书宇	北京林业大学	硕士	2011	3	240	原版阅读      CNKI AI阅读
4395	阿月浑子物候期及提高坐果率和品质技术的研究	樊桂敏	北京林业大学	硕士	2011	4	290	原版阅读      CNKI AI阅读
4396	三角叶黄连与黄连比较胚胎学研究	朱濛	成都中医药大学	硕士	2011	3	184	原版阅读      CNKI AI阅读
4397	三角叶黄连的遗传多样性研究	陈润	成都中医药大学	硕士	2011	2	213	原版阅读      CNKI AI阅读
4398	毛细管电泳在线富集技术在药物分析中的应用研究	胡大春	广西工学院	硕士	2011	4	214	原版阅读      CNKI AI阅读
4399	葛根芩连汤等常用经方用量历史轨迹研究	熊鹏	北京中医药大学	硕士	2011	3	703	原版阅读      CNKI AI阅读
4400	黄连降糖作用在糖尿病治疗中的应用与思考	周源	北京中医药大学	硕士	2011	15	2032	原版阅读      CNKI AI阅读
	中文题名	作者	学位授予单位	数据库	学位授予年度	被引	下载	操作
4401	中药复方提取物早期干预对APP转基因小鼠认知功能的影响及其作用机制研究	闫华	北京中医药大学	硕士	2011	3	711	原版阅读      CNKI AI阅读
4402	基于五运六气学说的临证方药文献研究	杨丽莎	北京中医药大学	硕士	2011	16	2403	原版阅读      CNKI AI阅读
4403	黄连解毒汤对动脉粥样硬化模型小鼠的干预作用	金海琴	北京中医药大学	硕士	2011	1	398	原版阅读      CNKI AI阅读
4404	黄连解毒汤调控TLR4对MODS心脏保护作用的研究	宋斐	广州中医药大学	硕士	2011	1	188	原版阅读      CNKI AI阅读
4405	黄连厚朴配伍主要化学成分在Caco-2细胞模型中的吸收与转运研究	吴安国	广州中医药大学	硕士	2011	13	1730	原版阅读      CNKI AI阅读
4406	基于“知识元语义分析”探讨张仲景“辛开苦降”的内涵及其临床运用	游章才	广州中医药大学	硕士	2011	3	634	原版阅读      CNKI AI阅读
4407	三黄栓的体外溶出度及质量标准研究	范凌云	兰州大学	硕士	2011	6	678	原版阅读      CNKI AI阅读
4408	黄连木香配伍对溃疡性结肠炎大鼠模型干预作用及相关机制研究	李骏豪	成都中医药大学	硕士	2011	15	436	原版阅读      CNKI AI阅读
4409	黄连吴茱萸配伍对溃疡性结肠炎大鼠模型的实验研究	周昕	成都中医药大学	硕士	2011	12	507	原版阅读      CNKI AI阅读
4410	峨眉地区黄连的道地性研究	余弦	成都中医药大学	硕士	2011	7	743	原版阅读      CNKI AI阅读
4411	化浊解毒方对2型糖尿病胰岛素抵抗影响的临床研究	秦浩	河北医科大学	硕士	2011	3	243	原版阅读      CNKI AI阅读
4412	葛根芩连汤对实验性糖尿病动物模型降血糖机制的初步研究	陈瑞平	长春师范学院	硕士	2011	17	1017	原版阅读      CNKI AI阅读
4413	吕仁和教授治疗肾水病学术思想初探——78例原发性肾病综合征医案浅析	周静鑫	北京中医药大学	硕士	2011	20	1048	原版阅读      CNKI AI阅读
4414	改良湿疹膏外用治疗慢性湿疹的临床研究	胡小明	北京中医药大学	硕士	2011		548	原版阅读      CNKI AI阅读
4415	吕仁和教授治疗紫癜性肾风学术思想初探—49例紫癜性肾炎医案浅析	阿曼古丽	北京中医药大学	硕士	2011	16	656	原版阅读      CNKI AI阅读
4416	基于聚类和关联规则的名医临证思维及方药应用规律挖掘方法	景丽俊	暨南大学	硕士	2011	13	775	原版阅读      CNKI AI阅读
4417	386例消化性溃疡出血临床资料回顾性分析	谢庆平	广州中医药大学	硕士	2011	5	521	原版阅读      CNKI AI阅读
4418	黄疸的中医古代文献研究	罗国亮	广州中医药大学	硕士	2011	23	1740	原版阅读      CNKI AI阅读
4419	藏药胡黄连活性成分的提取分离及药理学研究	赵多明	兰州大学	硕士	2011	2	434	原版阅读      CNKI AI阅读
4420	化浊解毒方治疗胆汁反流性胃炎的临床与实验研究	孟丹	河北医科大学	硕士	2011	2	148	原版阅读      CNKI AI阅读
4421	复方四黄栓的制备工艺与质量标准研究	王杰	广州中医药大学	硕士	2011	6	494	原版阅读      CNKI AI阅读
4422	能源植物黄连木遗传多样性的SSR及ISSR分析	郝丽娟	北京林业大学	硕士	2011	16	339	原版阅读      CNKI AI阅读
4423	黄连—厚朴“药对”的配伍探索及指导小檗碱—厚朴酚合成的初探	牛志强	广州中医药大学	硕士	2011	3	629	原版阅读      CNKI AI阅读
4424	复方山芪参胶囊制剂的研究	陈凌	兰州大学	硕士	2011		310	原版阅读      CNKI AI阅读
4425	黄连、牡丹皮道地药材的品质研究	彭福	成都中医药大学	硕士	2011	9	1526	原版阅读      CNKI AI阅读
4426	泻心滴丸的药学研究	李子羚	成都中医药大学	硕士	2011		197	原版阅读      CNKI AI阅读
4427	经方中寒热药共用规律及临床应用初探	杨旸	成都中医药大学	硕士	2011	4	421	原版阅读      CNKI AI阅读
4428	黄倍痔疮膏制备工艺及质量标准研究	刘茜	成都中医药大学	硕士	2011	2	750	原版阅读      CNKI AI阅读
4429	黄连麦冬提取物对体外培养大鼠结膜杯状细胞增殖作用及有效成分配伍筛选的实验研究	朱培庆	成都中医药大学	硕士	2011	2	369	原版阅读      CNKI AI阅读
4430	盐酸小檗碱对大鼠肾小管上皮细胞缺血再灌注损伤的保护作用	张日东	南京医科大学	硕士	2011	2	188	原版阅读      CNKI AI阅读
4431	黄连作用鼠疫耶尔森菌的分子机制研究	张静玲	重庆医科大学	硕士	2011	1	145	原版阅读      CNKI AI阅读
4432	加减温胆汤治疗右室流出道室性早搏疗效观察	黄国圣	广州中医药大学	硕士	2011	6	173	原版阅读      CNKI AI阅读
4433	理肠汤、雷公藤多甙片口服和溃疡灵灌肠治疗活动期溃疡性结肠炎的临床观察	黄飞霞	广州中医药大学	硕士	2011	5	220	原版阅读      CNKI AI阅读
4434	邱健行教授治疗慢性浅表性胃炎的临床经验总结	赖英哲	广州中医药大学	硕士	2011	12	650	原版阅读      CNKI AI阅读
4435	清胃祛湿方治疗肝郁脾虚兼湿热型Hp相关性慢性胃炎临床研究	李兴明	广州中医药大学	硕士	2011	11	280	原版阅读      CNKI AI阅读
4436	当代名中医临床辨治糖尿病经验探讨	李荔	广州中医药大学	硕士	2011	15	1410	原版阅读      CNKI AI阅读
4437	张仲景临证方用三大体系的确立及后世医家对此运用之研究	张国强	成都中医药大学	硕士	2011	1	917	原版阅读      CNKI AI阅读
4438	大黄黄连泻心汤泡服治疗口周皮炎的临床疗效观察	寸鹏飞	成都中医药大学	硕士	2011	1	238	原版阅读      CNKI AI阅读
4439	黄芪建中汤合枳实消痞丸治疗慢性胃炎（脾胃虚弱证）临床疗效观察	吕林	成都中医药大学	硕士	2011	6	429	原版阅读      CNKI AI阅读
4440	功能化磁性粒子的合成及在分离生物碱中的应用研究	彭婷婷	湖南师范大学	硕士	2011	3	337	原版阅读      CNKI AI阅读
4441	黄连木辐射诱变的效应分析及组织培养体系的建立	安倩	河北科技师范学院	硕士	2011	2	211	原版阅读      CNKI AI阅读
4442	雅连的品质与其种群生态效应的研究	熊飞宇	成都中医药大学	硕士	2011	2	224	原版阅读      CNKI AI阅读
4443	左金丸及其类方的性效差异及物质基础研究	程丹红	成都中医药大学	硕士	2011	10	677	原版阅读      CNKI AI阅读
4444	黄连生品及炮制品质量标准、药代动力学和组织分布研究	刘峰	辽宁中医药大学	硕士	2011	7	996	原版阅读      CNKI AI阅读
4445	黄连—吴茱萸药对配伍比较研究	高崇佳	辽宁中医药大学	硕士	2011	8	688	原版阅读      CNKI AI阅读
4446	中药口服结合灌肠治疗大肠湿热型溃疡性结肠炎的临床观察	张春阳	辽宁中医药大学	硕士	2011	7	218	原版阅读      CNKI AI阅读
4447	宫得健凝胶剂的研制	周生银	扬州大学	硕士	2009	8	422	原版阅读      CNKI AI阅读
4448	加味枇杷清肺胶囊中经方药组的药学研究	杜丰玉	江苏大学	硕士	2006	3	338	原版阅读      CNKI AI阅读
4449	加味枇杷清肺胶囊的制剂学研究	宣寒	江苏大学	硕士	2006	2	400	原版阅读      CNKI AI阅读
4450	葛根芩连汤配伍毒效及主要成份谱药动学变化的研究	王磊	南方医科大学	硕士	2009	8	914	原版阅读      CNKI AI阅读
	中文题名	作者	学位授予单位	数据库	学位授予年度	被引	下载	操作
4451	东田糖脉灵治疗2型糖尿病并脂代谢异常的临床观察及机制探讨	丁园英	南方医科大学	硕士	2009	1	273	原版阅读      CNKI AI阅读
4452	紫金山主要森林植物群落研究	沈年华	南京林业大学	硕士	2009	27	688	原版阅读      CNKI AI阅读
4453	盐酸小檗碱包被颗粒的制备及药理学研究	高海鹏	武汉工业学院	硕士	2009	1	532	原版阅读      CNKI AI阅读
4454	徐州侧柏纯林诱导为生态风景林的基础研究	闫家锋	南京林业大学	硕士	2009	10	261	原版阅读      CNKI AI阅读
4455	淹水对15个树种苗木生长和形态特征的影响	刘春风	南京林业大学	硕士	2009	49	996	原版阅读      CNKI AI阅读
4456	不同种源黄连木种子品质与苗期生长特性研究	陈隆升	南京林业大学	硕士	2009	22	553	原版阅读      CNKI AI阅读
4457	不同树种在涝渍胁迫下生长及其生理特性的响应	张晓燕	南京林业大学	硕士	2009	35	585	原版阅读      CNKI AI阅读
4458	徐州市次生林群落物种多样性及生态位研究	周福仁	南京林业大学	硕士	2009	17	441	原版阅读      CNKI AI阅读
4459	黄连与吴茱萸配伍抗肿瘤相互作用的初步研究	王晓娜	大连医科大学	硕士	2009	4	592	原版阅读      CNKI AI阅读
4460	《伤寒论》方剂配伍规律的研究	廖明波	长春中医药大学	硕士	2009	5	1003	原版阅读      CNKI AI阅读
4461	中药治疗解脲支原体引起女性下生殖道感染的临床观察	张立春	长春中医药大学	硕士	2008	1	246	原版阅读      CNKI AI阅读
4462	美国红鱼致病性弧菌分离鉴定与免疫防治技术研究	马爱敏	山东农业大学	硕士	2009	1	319	原版阅读      CNKI AI阅读
4463	中药复方“连黄”抗大肠杆菌性腹泻作用的实验研究	李春花	延边大学	硕士	2008	6	722	原版阅读      CNKI AI阅读
4464	指纹图谱结合化学计量学在中药质量控制中的研究	袁亚洲	南昌大学	硕士	2009	4	1068	原版阅读      CNKI AI阅读
4465	含小檗碱的中药与甘草煎煮过程中的化学变化——小檗碱与甘草酸的沉淀反应机理研究	邓江	湖南中医药大学	硕士	2007	15	883	原版阅读      CNKI AI阅读
4466	中药的抑菌特性及细菌对中药的抗药性研究	徐轲	山东大学	硕士	2009	11	1870	原版阅读      CNKI AI阅读
4467	益气消溃汤治疗脾虚挟热型Hp相关性消化性溃疡的临床观察	郭维军	湖南中医药大学	硕士	2007	2	149	原版阅读      CNKI AI阅读
4468	健脾清热活血方对脾虚热郁血瘀型消化性溃疡临床疗效观察	陆凤鸣	南京中医药大学	硕士	2009	4	209	原版阅读      CNKI AI阅读
4469	明清中医疫病发病、症状与用药相关性数据挖掘研究	彭丽坤	南京中医药大学	硕士	2009	6	953	原版阅读      CNKI AI阅读
4470	中草药对8种畜禽肠道病原菌的体外抑菌试验	陈虹	甘肃农业大学	硕士	2009	25	2084	原版阅读      CNKI AI阅读
4471	甘肃林木资源开发潜力评价	马开	甘肃农业大学	硕士	2009	14	451	原版阅读      CNKI AI阅读
4472	中药材外源性有害物质的残留研究	钟弦	西南大学	硕士	2007	9	1164	原版阅读      CNKI AI阅读
4473	地黄（Rehmannia glutinosa Libosch.）根区土壤中酚酸类物质的化感作用研究	杜家方	河南农业大学	硕士	2009	24	1221	原版阅读      CNKI AI阅读
4474	地黄根系分泌物的生物活性及其分离和鉴定	吴宗伟	河南农业大学	硕士	2009	6	499	原版阅读      CNKI AI阅读
4475	地黄连作的障碍效应与生理生态特性研究	尹文佳	河南农业大学	硕士	2009	27	620	原版阅读      CNKI AI阅读
4476	黄芪（Astragalus membranaceus）连作障碍的研究	赵培强	西北师范大学	硕士	2009	17	1397	原版阅读      CNKI AI阅读
4477	清金平喘颗粒制备工艺、质量标准及药效学初步研究	曲静	辽宁中医药大学	硕士	2008	2	478	原版阅读      CNKI AI阅读
4478	中药益糖康及其拆方对糖尿病大鼠血糖、血脂影响的研究	张文顺	辽宁中医药大学	硕士	2008	6	375	原版阅读      CNKI AI阅读
4479	以半夏药对研究七情配伍对细胞代谢酶P450的影响	奚丽君	南京中医药大学	硕士	2009	11	928	原版阅读      CNKI AI阅读
4480	黄连素对2型糖尿病大鼠的治疗作用及机制研究	戴建峰	泸州医学院	硕士	2009	6	853	原版阅读      CNKI AI阅读
4481	枇杷清肺饮加减治疗新加坡中国两地寻常性痤疮的临床观察	刘立	南京中医药大学	硕士	2009	1	322	原版阅读      CNKI AI阅读
4482	苦辛法在温病中应用之研究	陈志伟	南京中医药大学	硕士	2009	19	1200	原版阅读      CNKI AI阅读
4483	痤疮古代文献整理及研究	毛文姣	南京中医药大学	硕士	2009	41	2508	原版阅读      CNKI AI阅读
4484	清心滋肾汤治疗绝经综合征失眠症的临床研究	王敏	南京中医药大学	硕士	2009	3	269	原版阅读      CNKI AI阅读
4485	鸡大肠杆菌病与“湿热下注膀胱”证相关性研究	康新悦	四川农业大学	硕士	2009	3	310	原版阅读      CNKI AI阅读
4486	“白头翁汤”、仔猪大肠杆菌性腹泻与硒相关性研究	吴燕	四川农业大学	硕士	2009	6	682	原版阅读      CNKI AI阅读
4487	中药质量标准中中药配伍组合效应的影响——黄连解毒汤配伍组合效应研究	王岩	西南大学	硕士	2008	4	735	原版阅读      CNKI AI阅读
4488	基于古今药方纵横的人参应用配伍及研究	刘敏	山东中医药大学	硕士	2009	11	1542	原版阅读      CNKI AI阅读
4489	泻心汤半仿生提取法的研究	李磊	山东中医药大学	硕士	2009	3	236	原版阅读      CNKI AI阅读
4490	三黄片、一清胶囊、一清颗粒的质量控制研究	刘丹	广东药学院	硕士	2009	1	857	原版阅读      CNKI AI阅读
4491	半夏泻心汤及其拆方对Hp感染小鼠胃黏膜保护作用和相关因子的影响	郭春秀	湖南中医药大学	硕士	2006	2	200	原版阅读      CNKI AI阅读
4492	黄连、吴茱萸药对的配伍研究	张朔	辽宁中医药大学	硕士	2009	3	879	原版阅读      CNKI AI阅读
4493	黄连解毒汤抑制内毒素诱导的家兔发热机制研究	刘君财	辽宁中医药大学	硕士	2009	7	429	原版阅读      CNKI AI阅读
4494	两种常用中草药多成分快速分析方法的研究	乔艳玲	中国协和医科大学	硕士	2009	6	512	原版阅读      CNKI AI阅读
4495	常用中药川黄柏和黄连化学成分及生物活性比较研究	王萌	中国协和医科大学	硕士	2009	40	1878	原版阅读      CNKI AI阅读
4496	西藏胡黄连根茎部分的化学成分及其体外抑菌活性的研究	尹立子	吉林大学	硕士	2009	4	523	原版阅读      CNKI AI阅读
4497	清化调中法治疗慢性浅表性胃炎的临床研究	任发明	山东中医药大学	硕士	2008	1	214	原版阅读      CNKI AI阅读
4498	《温病条辨》养阴思想与“动”性病症相关性的理论探讨	乔平	山东中医药大学	硕士	2009	4	371	原版阅读      CNKI AI阅读
4499	清热和胃降逆方治疗胃食管反流病肝胃郁热证临床疗效观察与机理探讨	孙晓伟	山东中医药大学	硕士	2009	3	197	原版阅读      CNKI AI阅读
4500	益气养阴安神法治疗气阴两虚型快速性心律失常的临床研究	魏希进	山东中医药大学	硕士	2009		279	原版阅读      CNKI AI阅读
	中文题名	作者	学位授予单位	数据库	学位授予年度	被引	下载	操作
4501	消可宁防治2型糖尿病胰岛素抵抗的临床研究	扈东兵	山东中医药大学	硕士	2009	2	159	原版阅读      CNKI AI阅读
4502	以方测证法反证并糖代谢异常代谢综合征大鼠中医证型的研究	姜楠	辽宁中医药大学	硕士	2009	6	251	原版阅读      CNKI AI阅读
4503	姜树民教授辨治胆汁反流性胃炎经验	王宝柱	辽宁中医药大学	硕士	2009		205	原版阅读      CNKI AI阅读
4504	参与式生态环境管理在越南黄连国家公园的应用研究	阮江南	西南大学	硕士	2010	3	311	原版阅读      CNKI AI阅读
4505	近红外光谱法进行多组分体系同时测定的研究	刘振尧	西南大学	硕士	2010	9	1096	原版阅读      CNKI AI阅读
4506	白屈菜质量评价研究	顾悦	江苏大学	硕士	2010	15	797	原版阅读      CNKI AI阅读
4507	靶向FtsZ的细胞分裂抑制剂筛选模型建立的初步研究	张雯	上海师范大学	硕士	2010	3	318	原版阅读      CNKI AI阅读
4508	黄连素对人肺腺癌A549细胞株的体外作用研究	史海岭	河北农业大学	硕士	2010	1	343	原版阅读      CNKI AI阅读
4509	提取分离黄连须中生物碱及其药代动力学研究	柳明	西南大学	硕士	2010	5	1220	原版阅读      CNKI AI阅读
4510	黄连素对H22肝癌细胞的抑制作用及其机制探讨	项丹丹	吉林大学	硕士	2010	6	874	原版阅读      CNKI AI阅读
4511	TLR4表达与MODS发病关系及黄连解毒汤作用的实验及临床研究	李翀	广州中医药大学	硕士	2010	1	197	原版阅读      CNKI AI阅读
4512	黄连阿胶汤治疗失眠的临床研究	杨雄麟	广州中医药大学	硕士	2010	9	1545	原版阅读      CNKI AI阅读
4513	反萃分散组合液膜分离提取中草药中的生物碱研究	欧阳丽	湖南师范大学	硕士	2010	2	354	原版阅读      CNKI AI阅读
4514	中药“连黄”各主要成分分离纯化及在大鼠体内药代动力学研究	高威	延边大学	硕士	2010		266	原版阅读      CNKI AI阅读
4515	黄连木授粉受精特性研究	邱政芳	河北农业大学	硕士	2010	3	262	原版阅读      CNKI AI阅读
4516	不同种源黄连木及阿月浑子遗传多样性分析	王超	河北农业大学	硕士	2010	9	250	原版阅读      CNKI AI阅读
4517	菊科与黄连属药用植物的RAPD指纹分析	樊晓霞	西南交通大学	硕士	2010	4	194	原版阅读      CNKI AI阅读
4518	中西医结合诊疗急性病毒性心肌炎的临床路径研究	刘永耀	广州中医药大学	硕士	2010	3	550	原版阅读      CNKI AI阅读
4519	中药寒热药性的实验评价方法及物质基础研究	程薇薇	西北大学	硕士	2010	19	1228	原版阅读      CNKI AI阅读
4520	双黄巴布剂的研制与体外透皮吸收研究	李玲慧	广州中医药大学	硕士	2010	12	1336	原版阅读      CNKI AI阅读
4521	黄连解毒汤对动脉粥样硬化炎症反应的实验研究	郭重仪	广州中医药大学	硕士	2010	4	474	原版阅读      CNKI AI阅读
4522	妇科栓剂的制备工艺和质量标准研究	陈吉航	广州中医药大学	硕士	2010	7	1715	原版阅读      CNKI AI阅读
4523	香莲栓剂的研制及其质量标准的研究	郑少文	广州中医药大学	硕士	2010	6	858	原版阅读      CNKI AI阅读
4524	温中清肠胶囊制备工艺与其质量标准研究	李少华	广州中医药大学	硕士	2010		517	原版阅读      CNKI AI阅读
4525	肠激安胶囊的工艺、质量标准研究及腹泻型肠易激综合征动物模型比较	闫雪	广州中医药大学	硕士	2010	1	424	原版阅读      CNKI AI阅读
4526	核苷类成分的分析及流动相选择对中药分离的影响	张建芝	湖南师范大学	硕士	2010	5	584	原版阅读      CNKI AI阅读
4527	香连丸的质量标准及其活性组分的药物代谢动力学研究	吴玉琼	兰州大学	硕士	2010	8	883	原版阅读      CNKI AI阅读
4528	加味黄连解毒汤调控Toll样受体4对MODS影响的临床研究	彭卉婷	广州中医药大学	硕士	2010	1	221	原版阅读      CNKI AI阅读
4529	仲景调和脾胃思想研究	黄小丽	广州中医药大学	硕士	2010	7	1211	原版阅读      CNKI AI阅读
4530	何炎燊名中医脾胃病诊疗经验的信息化研究	房志科	广州中医药大学	硕士	2010	5	788	原版阅读      CNKI AI阅读
4531	淮莲饮治疗特应性皮炎临床观察	肖卫棉	广州中医药大学	硕士	2010	6	233	原版阅读      CNKI AI阅读
4532	当代名中医临床辩治糖尿病肾病规律探讨	沈玉燕	广州中医药大学	硕士	2010	6	1638	原版阅读      CNKI AI阅读
4533	妊娠恶阻的中医证治文献研究	严晓莹	广州中医药大学	硕士	2010	2	788	原版阅读      CNKI AI阅读
4534	TLR9与相关炎症因子在大鼠大脑中的动态表达及干预研究	赵守中	西北农林科技大学	硕士	2010		122	原版阅读      CNKI AI阅读
4535	中国黄连木主产区现状及最优发展区域研究	吴丹	北京林业大学	硕士	2010	4	372	原版阅读      CNKI AI阅读
4536	黄连叶片与须根中小檗碱的提取纯化研究	刘婷	西北农林科技大学	硕士	2010	8	949	原版阅读      CNKI AI阅读
4537	防治地黄连作障碍有益细菌生物学特性及大田定殖能力的研究	谭亚男	山东理工大学	硕士	2010	1	342	原版阅读      CNKI AI阅读
4538	交泰丸镇静催眠的有效成分研究	盛亚男	广州中医药大学	硕士	2010	21	746	原版阅读      CNKI AI阅读
4539	盐酸小檗碱对体外培养人牙周膜细胞分泌白细胞介素-6的影响	张帆	兰州大学	硕士	2010		73	原版阅读      CNKI AI阅读
4540	黄连苦瓜提取物对实验性2型糖尿病大鼠糖脂代谢的影响	张尔驰	北京中医药大学	硕士	2010	3	704	原版阅读      CNKI AI阅读
4541	滇丁香、茜草抑制α-葡萄糖苷酶活性成分研究	张丽	河南大学	硕士	2010	22	1515	原版阅读      CNKI AI阅读
4542	中医药“内外合治”肺经风热型痤疮的临床研究	李昕	北京中医药大学	硕士	2010	2	414	原版阅读      CNKI AI阅读
4543	糖肾清保护糖尿病肾病大鼠肾功能的作用机制研究	曹丽娟	北京中医药大学	硕士	2010	2	435	原版阅读      CNKI AI阅读
4544	推拿疗法配合中药配方颗粒敷脐治疗小儿湿热泻的临床研究	潘善伟	北京中医药大学	硕士	2010	2	476	原版阅读      CNKI AI阅读
4545	仝小林教授运用经方治疗糖尿病剂量规律的数据挖掘研究	李修洋	北京中医药大学	硕士	2010	17	1809	原版阅读      CNKI AI阅读
4546	功能性消化不良中医证候特点分析	马晶晶	北京中医药大学	硕士	2010	3	773	原版阅读      CNKI AI阅读
4547	黄连素改善2型糖尿病大鼠骨骼肌胰岛素抵抗的作用及机制初探	塔提阿娜	吉林大学	硕士	2010	8	730	原版阅读      CNKI AI阅读
4548	玉女煎现代临床应用的文献研究	龚云翔	北京中医药大学	硕士	2010	10	883	原版阅读      CNKI AI阅读
4549	半夏泻心汤古今运用考探	薛珂	北京中医药大学	硕士	2010	10	2253	原版阅读      CNKI AI阅读
4550	四种中草药有效成分的提取及抑菌试验	路强	内蒙古农业大学	硕士	2010	9	1235	原版阅读      CNKI AI阅读	中文题名	作者	学位授予单位	数据库	学位授予年度	被引	下载	操作
4501	消可宁防治2型糖尿病胰岛素抵抗的临床研究	扈东兵	山东中医药大学	硕士	2009	2	159	原版阅读      CNKI AI阅读
4502	以方测证法反证并糖代谢异常代谢综合征大鼠中医证型的研究	姜楠	辽宁中医药大学	硕士	2009	6	251	原版阅读      CNKI AI阅读
4503	姜树民教授辨治胆汁反流性胃炎经验	王宝柱	辽宁中医药大学	硕士	2009		205	原版阅读      CNKI AI阅读
4504	参与式生态环境管理在越南黄连国家公园的应用研究	阮江南	西南大学	硕士	2010	3	311	原版阅读      CNKI AI阅读
4505	近红外光谱法进行多组分体系同时测定的研究	刘振尧	西南大学	硕士	2010	9	1096	原版阅读      CNKI AI阅读
4506	白屈菜质量评价研究	顾悦	江苏大学	硕士	2010	15	797	原版阅读      CNKI AI阅读
4507	靶向FtsZ的细胞分裂抑制剂筛选模型建立的初步研究	张雯	上海师范大学	硕士	2010	3	318	原版阅读      CNKI AI阅读
4508	黄连素对人肺腺癌A549细胞株的体外作用研究	史海岭	河北农业大学	硕士	2010	1	343	原版阅读      CNKI AI阅读
4509	提取分离黄连须中生物碱及其药代动力学研究	柳明	西南大学	硕士	2010	5	1220	原版阅读      CNKI AI阅读
4510	黄连素对H22肝癌细胞的抑制作用及其机制探讨	项丹丹	吉林大学	硕士	2010	6	874	原版阅读      CNKI AI阅读
4511	TLR4表达与MODS发病关系及黄连解毒汤作用的实验及临床研究	李翀	广州中医药大学	硕士	2010	1	197	原版阅读      CNKI AI阅读
4512	黄连阿胶汤治疗失眠的临床研究	杨雄麟	广州中医药大学	硕士	2010	9	1545	原版阅读      CNKI AI阅读
4513	反萃分散组合液膜分离提取中草药中的生物碱研究	欧阳丽	湖南师范大学	硕士	2010	2	354	原版阅读      CNKI AI阅读
4514	中药“连黄”各主要成分分离纯化及在大鼠体内药代动力学研究	高威	延边大学	硕士	2010		266	原版阅读      CNKI AI阅读
4515	黄连木授粉受精特性研究	邱政芳	河北农业大学	硕士	2010	3	262	原版阅读      CNKI AI阅读
4516	不同种源黄连木及阿月浑子遗传多样性分析	王超	河北农业大学	硕士	2010	9	250	原版阅读      CNKI AI阅读
4517	菊科与黄连属药用植物的RAPD指纹分析	樊晓霞	西南交通大学	硕士	2010	4	194	原版阅读      CNKI AI阅读
4518	中西医结合诊疗急性病毒性心肌炎的临床路径研究	刘永耀	广州中医药大学	硕士	2010	3	550	原版阅读      CNKI AI阅读
4519	中药寒热药性的实验评价方法及物质基础研究	程薇薇	西北大学	硕士	2010	19	1228	原版阅读      CNKI AI阅读
4520	双黄巴布剂的研制与体外透皮吸收研究	李玲慧	广州中医药大学	硕士	2010	12	1336	原版阅读      CNKI AI阅读
4521	黄连解毒汤对动脉粥样硬化炎症反应的实验研究	郭重仪	广州中医药大学	硕士	2010	4	474	原版阅读      CNKI AI阅读
4522	妇科栓剂的制备工艺和质量标准研究	陈吉航	广州中医药大学	硕士	2010	7	1715	原版阅读      CNKI AI阅读
4523	香莲栓剂的研制及其质量标准的研究	郑少文	广州中医药大学	硕士	2010	6	858	原版阅读      CNKI AI阅读
4524	温中清肠胶囊制备工艺与其质量标准研究	李少华	广州中医药大学	硕士	2010		517	原版阅读      CNKI AI阅读
4525	肠激安胶囊的工艺、质量标准研究及腹泻型肠易激综合征动物模型比较	闫雪	广州中医药大学	硕士	2010	1	424	原版阅读      CNKI AI阅读
4526	核苷类成分的分析及流动相选择对中药分离的影响	张建芝	湖南师范大学	硕士	2010	5	584	原版阅读      CNKI AI阅读
4527	香连丸的质量标准及其活性组分的药物代谢动力学研究	吴玉琼	兰州大学	硕士	2010	8	883	原版阅读      CNKI AI阅读
4528	加味黄连解毒汤调控Toll样受体4对MODS影响的临床研究	彭卉婷	广州中医药大学	硕士	2010	1	221	原版阅读      CNKI AI阅读
4529	仲景调和脾胃思想研究	黄小丽	广州中医药大学	硕士	2010	7	1211	原版阅读      CNKI AI阅读
4530	何炎燊名中医脾胃病诊疗经验的信息化研究	房志科	广州中医药大学	硕士	2010	5	788	原版阅读      CNKI AI阅读
4531	淮莲饮治疗特应性皮炎临床观察	肖卫棉	广州中医药大学	硕士	2010	6	233	原版阅读      CNKI AI阅读
4532	当代名中医临床辩治糖尿病肾病规律探讨	沈玉燕	广州中医药大学	硕士	2010	6	1638	原版阅读      CNKI AI阅读
4533	妊娠恶阻的中医证治文献研究	严晓莹	广州中医药大学	硕士	2010	2	788	原版阅读      CNKI AI阅读
4534	TLR9与相关炎症因子在大鼠大脑中的动态表达及干预研究	赵守中	西北农林科技大学	硕士	2010		122	原版阅读      CNKI AI阅读
4535	中国黄连木主产区现状及最优发展区域研究	吴丹	北京林业大学	硕士	2010	4	372	原版阅读      CNKI AI阅读
4536	黄连叶片与须根中小檗碱的提取纯化研究	刘婷	西北农林科技大学	硕士	2010	8	949	原版阅读      CNKI AI阅读
4537	防治地黄连作障碍有益细菌生物学特性及大田定殖能力的研究	谭亚男	山东理工大学	硕士	2010	1	342	原版阅读      CNKI AI阅读
4538	交泰丸镇静催眠的有效成分研究	盛亚男	广州中医药大学	硕士	2010	21	746	原版阅读      CNKI AI阅读
4539	盐酸小檗碱对体外培养人牙周膜细胞分泌白细胞介素-6的影响	张帆	兰州大学	硕士	2010		73	原版阅读      CNKI AI阅读
4540	黄连苦瓜提取物对实验性2型糖尿病大鼠糖脂代谢的影响	张尔驰	北京中医药大学	硕士	2010	3	704	原版阅读      CNKI AI阅读
4541	滇丁香、茜草抑制α-葡萄糖苷酶活性成分研究	张丽	河南大学	硕士	2010	22	1515	原版阅读      CNKI AI阅读
4542	中医药“内外合治”肺经风热型痤疮的临床研究	李昕	北京中医药大学	硕士	2010	2	414	原版阅读      CNKI AI阅读
4543	糖肾清保护糖尿病肾病大鼠肾功能的作用机制研究	曹丽娟	北京中医药大学	硕士	2010	2	435	原版阅读      CNKI AI阅读
4544	推拿疗法配合中药配方颗粒敷脐治疗小儿湿热泻的临床研究	潘善伟	北京中医药大学	硕士	2010	2	476	原版阅读      CNKI AI阅读
4545	仝小林教授运用经方治疗糖尿病剂量规律的数据挖掘研究	李修洋	北京中医药大学	硕士	2010	17	1809	原版阅读      CNKI AI阅读
4546	功能性消化不良中医证候特点分析	马晶晶	北京中医药大学	硕士	2010	3	773	原版阅读      CNKI AI阅读
4547	黄连素改善2型糖尿病大鼠骨骼肌胰岛素抵抗的作用及机制初探	塔提阿娜	吉林大学	硕士	2010	8	730	原版阅读      CNKI AI阅读
4548	玉女煎现代临床应用的文献研究	龚云翔	北京中医药大学	硕士	2010	10	883	原版阅读      CNKI AI阅读
4549	半夏泻心汤古今运用考探	薛珂	北京中医药大学	硕士	2010	10	2253	原版阅读      CNKI AI阅读
4550	四种中草药有效成分的提取及抑菌试验	路强	内蒙古农业大学	硕士	2010	9	1235	原版阅读      CNKI AI阅读
	中文题名	作者	学位授予单位	数据库	学位授予年度	被引	下载	操作
4551	黄芩—黄连药对药代动力学及相互作用研究	冯瑾	第二军医大学	硕士	2010	37	1882	原版阅读      CNKI AI阅读
4552	高速逆流色谱技术在天然产物分离制备中的探索性研究	尹连红	大连医科大学	硕士	2010	4	517	原版阅读      CNKI AI阅读
4553	小檗碱对大鼠体内葛根素药动学的影响	吴恒	安徽医科大学	硕士	2010	1	474	原版阅读      CNKI AI阅读
4554	三部《名医类案》医籍中不寐医案用药特色探讨	苏冠宇	北京中医药大学	硕士	2010	9	842	原版阅读      CNKI AI阅读
4555	慢性萎缩性胃炎癌前病变的中医证候特点研究	孙成鑫	北京中医药大学	硕士	2010	4	923	原版阅读      CNKI AI阅读
4556	泄泻的古今诊疗概况	高湛	北京中医药大学	硕士	2010	29	2246	原版阅读      CNKI AI阅读
4557	《伤寒论》的人参应用规律研究	刘忠第	北京中医药大学	硕士	2010	18	2868	原版阅读      CNKI AI阅读
4558	中医药分期论治溃疡性结肠炎的临床研究	马沛荣	北京中医药大学	硕士	2010	12	594	原版阅读      CNKI AI阅读
4559	万氏牛黄清心微丸的制备及质量标准研究	王爽	北京中医药大学	硕士	2008	3	474	原版阅读      CNKI AI阅读
4560	治疗奶牛子宫内膜炎中草药复方泡腾片的研究	范春然	内蒙古大学	硕士	2008	3	451	原版阅读      CNKI AI阅读
4561	不同种源黄连木种子的比较分析	李晓旭	北京林业大学	硕士	2008	7	395	原版阅读      CNKI AI阅读
4562	玄参生物学特性和规范化研究技术研究	薛媛菲	西北农林科技大学	硕士	2008	8	672	原版阅读      CNKI AI阅读
4563	连萸胶囊对自发性高血压大鼠血压干预作用及相关机制的研究	李琳	北京中医药大学	硕士	2008	1	261	原版阅读      CNKI AI阅读
4564	药对甘草—黄连、荆芥—桂枝和生姜—桂枝化学成分研究	赵君	中南大学	硕士	2008	1	1259	原版阅读      CNKI AI阅读
4565	复方麝香滴眼液的药效学研究	曹喜红	重庆医科大学	硕士	2008	1	277	原版阅读      CNKI AI阅读
4566	中药影响表皮葡萄球菌形成生物被膜关键基因的机制研究	何敏	重庆医科大学	硕士	2008	6	441	原版阅读      CNKI AI阅读
4567	《中藏经》组方用药特点研究	张绍峰	黑龙江中医药大学	硕士	2008	2	568	原版阅读      CNKI AI阅读
4568	泄泻病证的古今文献研究与学术源流探讨	杨照坤	北京中医药大学	硕士	2008	83	6195	原版阅读      CNKI AI阅读
4569	《伤寒杂病论》中的食疗思想及应用方法研究	徐平	北京中医药大学	硕士	2008	30	3492	原版阅读      CNKI AI阅读
4570	黄连素治疗2型糖尿病临床观察	江南	北京中医药大学	硕士	2008	5	702	原版阅读      CNKI AI阅读
4571	葡萄糖耐量受损的中医用药研究	刘凡	北京中医药大学	硕士	2008	1	293	原版阅读      CNKI AI阅读
4572	益气活血解毒法对溃疡性结肠炎大鼠胃肠激素影响的研究	沈静	北京中医药大学	硕士	2008	6	440	原版阅读      CNKI AI阅读
4573	基于证候演变的2型糖尿病胰岛素抵抗大鼠模型中医方药干预	刘玥	北京中医药大学	硕士	2008	4	539	原版阅读      CNKI AI阅读
4574	溃疡性结肠炎经方治疗研究和临床观察	方静	北京中医药大学	硕士	2008	1	679	原版阅读      CNKI AI阅读
4575	慢性萎缩性胃炎中医证候规律研究	牛少强	北京中医药大学	硕士	2008	4	947	原版阅读      CNKI AI阅读
4576	小陷胸汤相关文献研究及其在糖尿病领域的应用	顾雨芳	北京中医药大学	硕士	2008	3	547	原版阅读      CNKI AI阅读
4577	大黄黄连泻心汤相关文献研究及其在糖尿病领域的应用	宋佳	北京中医药大学	硕士	2008	9	1057	原版阅读      CNKI AI阅读
4578	疏肝和胃方治疗肝胃郁热型胆汁反流性胃炎的临床与实验研究	裴昱	河北医科大学	硕士	2008	4	237	原版阅读      CNKI AI阅读
4579	连葛降糖片制备工艺及质量控制研究	李东辉	北京中医药大学	硕士	2008	1	444	原版阅读      CNKI AI阅读
4580	宫得健方剂的改进及其临床试验	孙琳	扬州大学	硕士	2008	3	95	原版阅读      CNKI AI阅读
4581	奶牛白色念珠菌性乳腺炎的快速诊断及中药治疗研究	刘有旺	山东农业大学	硕士	2008	3	299	原版阅读      CNKI AI阅读
4582	生态景观林树种选择与结构配置定量研究	马俊	浙江林学院	硕士	2008	18	960	原版阅读      CNKI AI阅读
4583	胶南大珠山森林群落分类、排序及主要树种生态位研究	范迎新	山东农业大学	硕士	2008	16	499	原版阅读      CNKI AI阅读
4584	泰山森林涵养水源功能与价值评估	辛慧	山东农业大学	硕士	2008	11	610	原版阅读      CNKI AI阅读
4585	促进子宫收缩中药的筛选与组方试验	吕俊锦	扬州大学	硕士	2008	3	642	原版阅读      CNKI AI阅读
4586	中药分子方剂治疗脑卒中的初步研究	梁建贞	首都师范大学	硕士	2008	1	363	原版阅读      CNKI AI阅读
4587	胸痹证治中医临床研究	王聪	中国中医科学院	硕士	2008	11	1055	原版阅读      CNKI AI阅读
4588	复方中草药制剂对奶牛子宫内膜炎的防治效果及免疫增强功能研究	陈现伟	山东农业大学	硕士	2007	33	795	原版阅读      CNKI AI阅读
4589	黄前水库上游典型森林植被水文生态功能研究	程传民	山东农业大学	硕士	2007	6	293	原版阅读      CNKI AI阅读
4590	小檗碱对初发2型糖尿病患者糖脂代谢及瘦素的影响	王蔚	山西医科大学	硕士	2008	2	217	原版阅读      CNKI AI阅读
4591	中药对卵清蛋白经皮致敏诱发BALB/c小鼠异位性皮炎病变的实验研究	赵晔	大连医科大学	硕士	2008	5	391	原版阅读      CNKI AI阅读
4592	基于分类关联规则的仲景方挖掘研究	官晖	福建中医学院	硕士	2008	11	708	原版阅读      CNKI AI阅读
4593	《医方集解》方剂中对药配伍应用的文献研究	周易	福建中医学院	硕士	2008	12	600	原版阅读      CNKI AI阅读
4594	养殖鳗鲡主要病原菌中草药复方的筛选	刘宏伟	集美大学	硕士	2008	3	567	原版阅读      CNKI AI阅读
4595	抗细菌性犊牛腹泻中药颗粒剂组方筛选及制备	徐倩倩	东北农业大学	硕士	2008	7	729	原版阅读      CNKI AI阅读
4596	盐酸小檗碱对肉仔鸡生长性能、胴体品质及脂质代谢的影响	李葱晓	河南农业大学	硕士	2008	14	352	原版阅读      CNKI AI阅读
4597	禽大肠杆菌ESBLs动力学及中药提取物对其抑制作用的研究	石科	河南农业大学	硕士	2008	5	375	原版阅读      CNKI AI阅读
4598	中草药醇提物抑菌活性筛选及其在青椒保鲜上的应用	余东坡	河南农业大学	硕士	2008	17	936	原版阅读      CNKI AI阅读
4599	复方滴耳液治疗急性化脓性中耳炎的临床研究	张丹丹	长春中医药大学	硕士	2008	2	377	原版阅读      CNKI AI阅读
4600	甘露散治疗更年期综合征的药理学研究	檀德宏	沈阳药科大学	硕士	2005	4	203	原版阅读      CNKI AI阅读
	中文题名	作者	学位授予单位	数据库	学位授予年度	被引	下载	操作
4601	几种天然植物成份治疗幽门螺杆菌感染的实验研究	赵小勇	第三军医大学	硕士	2006	3	522	原版阅读      CNKI AI阅读
4602	复方黄连胶囊对早期糖尿病肾病大鼠肾病变的防治作用研究	魏瑜	安徽医科大学	硕士	2008	3	240	原版阅读      CNKI AI阅读
4603	千金黄连丸方剂配伍的药代动力学研究	王晓强	华中科技大学	硕士	2007	5	405	原版阅读      CNKI AI阅读
4604	毛茛科心皮多样性及其系统学研究	唐小华	陕西师范大学	硕士	2008	4	449	原版阅读      CNKI AI阅读
4605	香连丸有效部位止痛、止泻、抗炎及对小鼠溃疡性结肠炎治疗作用研究	龙群	南方医科大学	硕士	2008	6	505	原版阅读      CNKI AI阅读
4606	小檗碱与梓醇及其配伍改善胰岛素抵抗的研究	刘芳芳	华中科技大学	硕士	2007	1	267	原版阅读      CNKI AI阅读
4607	黄连消渴颗粒的提取工艺及其降血糖的实验研究	邓月婷	西南交通大学	硕士	2008	4	386	原版阅读      CNKI AI阅读
4608	成膜材料在中药复方片剂包衣中的适应性研究	杨宗锟	成都中医药大学	硕士	2008	1	464	原版阅读      CNKI AI阅读
4609	海拔高度和管理方式对云南黄连生物量和主要有效成分的影响	张霁	中国科学院研究生院（西双版纳热带植物园）	硕士	2008	5	276	原版阅读      CNKI AI阅读
4610	含小檗碱类中药品质生物评价与控制的初步研究	方艺霖	成都中医药大学	硕士	2008	12	785	原版阅读      CNKI AI阅读
4611	通络糖泰方对糖尿病周围神经病变大鼠血清肿瘤坏死因子-α影响的实验研究	王明选	成都中医药大学	硕士	2008	7	196	原版阅读      CNKI AI阅读
4612	黄连吴茱萸配伍降脂作用物质基础研究	罗媛媛	成都中医药大学	硕士	2007	5	352	原版阅读      CNKI AI阅读
4613	左金丸pH敏感自调式给药凝胶胶囊的研究	赖庆宽	成都中医药大学	硕士	2008	1	279	原版阅读      CNKI AI阅读
4614	黄连与附子减毒增效配伍关系的初步研究	张媛	成都中医药大学	硕士	2008	8	455	原版阅读      CNKI AI阅读
4615	胡黄连单体Scrocaffeside A免疫增强活性的体外研究	安娜	吉林大学	硕士	2008	4	253	原版阅读      CNKI AI阅读
4616	中药复方JH-07的HPLC指纹图谱及抗肿瘤活性研究	王晓雪	中国协和医科大学	硕士	2008	2	395	原版阅读      CNKI AI阅读
4617	中药复方黄连解毒汤药效物质基础的计算机虚拟筛选研究	龙伟	中国协和医科大学	硕士	2008	18	1228	原版阅读      CNKI AI阅读
4618	延胡索抗心肌缺血活性部位物质基础研究	程星烨	中国协和医科大学	硕士	2008	17	886	原版阅读      CNKI AI阅读
4619	脾虚与皮肤机械屏障功能关系的部分实验研究	何丹	成都中医药大学	硕士	2008	6	409	原版阅读      CNKI AI阅读
4620	中医药对治疗溃疡性结肠炎的临床研究及探讨——附51例溃疡性结肠炎的临床研究与分析	梁俏玲	成都中医药大学	硕士	2008		911	原版阅读      CNKI AI阅读
4621	药用植物提取物在控制酒精发酵染菌和抑制肠道有害菌中的初步研究	郑进保	厦门大学	硕士	2008	6	548	原版阅读      CNKI AI阅读
4622	10个园林树种耐涝性比较研究	罗祺	南京农业大学	硕士	2008	24	964	原版阅读      CNKI AI阅读
4623	天然保鲜剂在羊肉保鲜中的应用	王永刚	甘肃农业大学	硕士	2008	8	749	原版阅读      CNKI AI阅读
4624	抗污染聚醚砜超滤膜性能研究及其在中药精制中的应用	赵为	天津大学	硕士	2008	17	728	原版阅读      CNKI AI阅读
4625	三角帆蚌细菌性疾病病原的分离、鉴定及防治药物的筛选	郑艳红	湖南农业大学	硕士	2008	1	236	原版阅读      CNKI AI阅读
4626	安徽省石灰岩山地森林群落特征及造林树种选择研究	袁字美	安徽农业大学	硕士	2008	5	404	原版阅读      CNKI AI阅读
4627	中国黄连木（Pistacia chinensis Bunge）重金属及模拟酸雨逆境生理的研究	隋岩洁	西南大学	硕士	2009	5	228	原版阅读      CNKI AI阅读
4628	大连地区大樱桃根癌病的研究	李莹莹	辽宁师范大学	硕士	2008	29	562	原版阅读      CNKI AI阅读
4629	黄连素对脑缺血再灌注小鼠损伤和免疫系统的影响	宋兵	暨南大学	硕士	2009	8	332	原版阅读      CNKI AI阅读
4630	黄连木雌雄配子体发育和受精特性研究	李旭新	河北农业大学	硕士	2009	6	231	原版阅读      CNKI AI阅读
4631	天然水果保鲜剂的研究	邱磊	河北农业大学	硕士	2009	8	1026	原版阅读      CNKI AI阅读
4632	药用植物专类园规划设计初探	罗德荣	西南大学	硕士	2009	48	2496	原版阅读      CNKI AI阅读
4633	阿月浑子炭疽病的鉴定及其防治	姜勇	河北农业大学	硕士	2009	7	310	原版阅读      CNKI AI阅读
4634	盐酸小檗碱联合抗真菌药物对犬小孢子菌体外抗菌活性研究	杨晓亮	河北医科大学	硕士	2009	1	495	原版阅读      CNKI AI阅读
4635	白头翁汤方药半仿生提取法的实验研究	仲晓宁	山东中医药大学	硕士	2008		241	原版阅读      CNKI AI阅读
4636	中药四性理论的表述及黄连、栀子、干姜、附子对正常大鼠效应的实验研究	张斌	山东中医药大学	硕士	2008	18	746	原版阅读      CNKI AI阅读
4637	清代医家治疗癥积组方规律初探	艾娟	北京中医药大学	硕士	2009	6	456	原版阅读      CNKI AI阅读
4638	盐酸小檗碱体内分布研究	梁瑞	北京中医药大学	硕士	2009	5	892	原版阅读      CNKI AI阅读
4639	高效液相色谱在中草药质量控制中的应用	王丽峰	西南大学	硕士	2009	87	6852	原版阅读      CNKI AI阅读
4640	黄连黄柏指纹图谱及成分研究	霍达	首都师范大学	硕士	2009	18	1893	原版阅读      CNKI AI阅读
4641	SELDI技术建立中药类肿瘤MDR逆转剂的快速筛选方法及4种中药逆转作用的体外研究	唐海桦	广西医科大学	硕士	2009	1	305	原版阅读      CNKI AI阅读
4642	岩黄连总碱对实验性肝损伤的保护作用及其机制研究	贾杰	广西医科大学	硕士	2009	3	284	原版阅读      CNKI AI阅读
4643	岩黄连抗乙型肝炎病毒的作用研究	王健	广西医科大学	硕士	2009	7	326	原版阅读      CNKI AI阅读
4644	解毒消痈方药对溃疡性结肠炎大鼠的作用及其抗炎机理的研究	张金丽	河北医科大学	硕士	2009	2	225	原版阅读      CNKI AI阅读
4645	解毒消痈方药对溃疡性结肠炎大鼠NF-κB、IL-1β、IL-8影响的研究	朱峰	河北医科大学	硕士	2009	3	354	原版阅读      CNKI AI阅读
4646	化浊解毒方治疗慢性萎缩性胃炎的实验研究	焦建玮	河北医科大学	硕士	2009		287	原版阅读      CNKI AI阅读
4647	银翘薏米汤对病毒性心肌炎小鼠治疗作用机制的实验研究	朱爱茹	河北医科大学	硕士	2009	7	229	原版阅读      CNKI AI阅读
4648	岩黄连总碱对肝损伤保护的实验研究及替米沙坦降血压的荟萃分析	奚桂林	第二军医大学	硕士	2009	2	327	原版阅读      CNKI AI阅读
4649	健脾清肠汤治疗溃疡性结肠炎的临床研究	田军红	山东中医药大学	硕士	2008	3	257	原版阅读      CNKI AI阅读
4650	清胆和胃降逆方治疗胃食管反流病胆热犯胃证的疗效观察与机理探讨	陈燕	山东中医药大学	硕士	2008	2	205	原版阅读      CNKI AI阅读
	中文题名	作者	学位授予单位	数据库	学位授予年度	被引	下载	操作
4651	清热化湿方治疗慢性浅表性胃炎伴糜烂脾胃湿热证的疗效观察与机理探讨	孙文正	山东中医药大学	硕士	2008	5	299	原版阅读      CNKI AI阅读
4652	甲癣洗剂治疗全甲营养不良型甲真菌病的实验研究及临床观察	徐光勇	山东中医药大学	硕士	2008	2	394	原版阅读      CNKI AI阅读
4653	中医药治疗泄泻用药规律的研究	李琦	山东中医药大学	硕士	2008	5	716	原版阅读      CNKI AI阅读
4654	清热消肿洗剂湿敷配合中药内服治疗急性湿疹皮炎的临床与实验研究	陶洋	北京中医药大学	硕士	2009	6	722	原版阅读      CNKI AI阅读
4655	痰瘀毒合治对高脂血症及动脉粥样硬化免疫反应调节的临床研究	韩俊阁	北京中医药大学	硕士	2009	3	302	原版阅读      CNKI AI阅读
4656	《伤寒论》本源药物剂量探索——仝小林教授应用经方本源剂量治疗糖尿病的经验总结	姬航宇	北京中医药大学	硕士	2009	105	2620	原版阅读      CNKI AI阅读
4657	阴火理论与复发性口腔溃疡病机及证治关系的研究	郏淑娟	北京中医药大学	硕士	2009	4	1028	原版阅读      CNKI AI阅读
4658	清肝健脾、活血解毒法治疗寻常型痤疮的临床观察	帅睿	北京中医药大学	硕士	2009	3	843	原版阅读      CNKI AI阅读
4659	产热细胞表型转变障碍主导脾阳虚证发病的实验研究	李文靖	北京中医药大学	硕士	2009	2	196	原版阅读      CNKI AI阅读
4660	仲景调和寒热学术思想研究	刘冠峰	广州中医药大学	硕士	2009	8	718	原版阅读      CNKI AI阅读
4661	黄连温胆汤对代谢综合征患者内皮功能保护的研究	徐丽红	广州中医药大学	硕士	2009	13	335	原版阅读      CNKI AI阅读
4662	龙胆泻肝汤加味治疗肝郁化火型不寐证的临床研究	程维德	广州中医药大学	硕士	2009	8	788	原版阅读      CNKI AI阅读
4663	功能化磁性粒子合成及分离提取生物碱研究	李玉慧	湖南师范大学	硕士	2009	6	420	原版阅读      CNKI AI阅读
4664	复方芩连颗粒制备工艺与质量标准研究	张琼	湖北中医学院	硕士	2009	2	569	原版阅读      CNKI AI阅读
4665	荆门上清丸的工艺及质量标准研究	刘荆金	湖北中医学院	硕士	2009	2	326	原版阅读      CNKI AI阅读
4666	中药黄连结肠靶向制剂的工艺及其质量标准研究	高月娟	黑龙江中医药大学	硕士	2009	2	472	原版阅读      CNKI AI阅读
4667	黄连木FAE1基因的克隆及表达分析	陈金波	北京林业大学	硕士	2009	6	313	原版阅读      CNKI AI阅读
4668	阿月浑子物候期与环境条件及有机营养的关系	王倜	北京林业大学	硕士	2009	1	273	原版阅读      CNKI AI阅读
4669	阿月浑子酚类物质的分析与研究	李娜娜	新疆农业大学	硕士	2009	3	266	原版阅读      CNKI AI阅读
4670	加味黄连解毒汤治疗脓毒症对多器官功能障碍影响的临床研究	于洋	广州中医药大学	硕士	2009	10	486	原版阅读      CNKI AI阅读
4671	栀子甘草豉汤、大黄黄连泻心汤对反流性食管炎模型大鼠胃肠激素和氧化应激的影响	刘小河	北京中医药大学	硕士	2009	4	672	原版阅读      CNKI AI阅读
4672	乌梅丸加减对溃疡性结肠炎大鼠IL-4/STAT6信号通路的调节作用	殷胜骏	北京中医药大学	硕士	2009	14	987	原版阅读      CNKI AI阅读
4673	酶触型复方盐酸小檗碱结肠定位骨架包衣片制备及其质量标准研究	肖尧	北京中医药大学	硕士	2009	2	475	原版阅读      CNKI AI阅读
4674	中药CA2007对大鼠急性酒精性胃损伤防治作用的实验研究	赵云	北京中医药大学	硕士	2009	5	782	原版阅读      CNKI AI阅读
4675	黄连阿胶合剂防治大鼠氟哌啶醇肾毒性的实验研究	陈钦	浙江大学	硕士	2008		120	原版阅读      CNKI AI阅读
4676	连萸降压胶囊对自发性高血压大鼠降压机制的血清蛋白质组学研究	齐连芬	中国中医科学院	硕士	2009	1	429	原版阅读      CNKI AI阅读
4677	黄连解毒汤三种生物碱在糖尿病大鼠体内的药代动力学研究	吴晓霞	中国中医科学院	硕士	2009	9	1424	原版阅读      CNKI AI阅读
4678	萸连巴布膏的药学研究与评价	杜茂波	中国中医科学院	硕士	2009	6	747	原版阅读      CNKI AI阅读
4679	黄连素预处理对大鼠心肌缺血再灌注损伤的保护作用	方明	湖北中医学院	硕士	2009	2	146	原版阅读      CNKI AI阅读
4680	抑制乙型溶血性链球菌和清除免疫复合物的中药研究	王姝	吉林农业大学	硕士	2008	6	515	原版阅读      CNKI AI阅读
4681	肠愈宁对溃疡性结肠炎大鼠模型IL-8的影响及相关临床研究	时光	黑龙江中医药大学	硕士	2009	2	160	原版阅读      CNKI AI阅读
4682	大黄黄连泻心汤、理中丸对幽门结扎型胃溃疡模型大鼠药效学及作用机理研究	高青竹	黑龙江中医药大学	硕士	2009	5	401	原版阅读      CNKI AI阅读
4683	黄连温胆汤加减对喂养型代谢综合征模型大鼠血清IL-6及主动脉VCAM-1的影响	李鑫	黑龙江中医药大学	硕士	2009	4	279	原版阅读      CNKI AI阅读
4684	黄连温胆汤加减对喂养型代谢综合征模型大鼠血清TNF-α及主动脉NF-κB的影响	邓晓威	黑龙江中医药大学	硕士	2009	3	229	原版阅读      CNKI AI阅读
4685	中药黄连结肠靶向制剂工艺及其药代动力学研究	薛红梅	黑龙江中医药大学	硕士	2009	2	657	原版阅读      CNKI AI阅读
4686	黄连温胆汤加减对膳食诱导型代谢综合征大鼠胰岛素抵抗与血管内皮功能影响的研究	张艳钦	黑龙江中医药大学	硕士	2009	7	245	原版阅读      CNKI AI阅读
4687	方剂寒热并用配伍规律研究	任小宁	陕西中医学院	硕士	2009	10	585	原版阅读      CNKI AI阅读
4688	从内风论治快速性心律失常的理论探讨和临床研究	付长庚	山东中医药大学	硕士	2008	9	462	原版阅读      CNKI AI阅读
4689	黄连解毒汤治疗糖尿病心肌损伤的临床与实验研究	魏芹	山东中医药大学	硕士	2008	3	359	原版阅读      CNKI AI阅读
4690	温中补虚理气止痛法抗小儿幽门螺杆菌感染的临床研究	杨晓玲	山东中医药大学	硕士	2008	2	156	原版阅读      CNKI AI阅读
4691	芙黄散外敷治疗阑尾周围脓肿的临床研究	徐克磊	山东中医药大学	硕士	2008	2	113	原版阅读      CNKI AI阅读
4692	仝小林教授治疗糖尿病胃肠病临证经验总结	翟翌	北京中医药大学	硕士	2009	7	889	原版阅读      CNKI AI阅读
4693	中药治疗急性心肌梗死及与缺血后适应联合作用机理的研究	张蕾	中国中医科学院	硕士	2009	1	366	原版阅读      CNKI AI阅读
4694	牙周消口服液治疗牙周炎的临床观察	曲丽娜	中国中医科学院	硕士	2009	1	414	原版阅读      CNKI AI阅读
4695	平胃散合四逆散加减治疗慢性浅表性胃窦炎（脾胃湿热证）的临床研究	王平胜	湖北中医学院	硕士	2009	8	442	原版阅读      CNKI AI阅读
4696	《伤寒论》腹痛证治规律研究	高文基	湖北中医学院	硕士	2009	2	918	原版阅读      CNKI AI阅读
4697	《伤寒论》下利证治规律研究	陈荣铨	湖北中医学院	硕士	2009	8	1293	原版阅读      CNKI AI阅读
4698	小肠腑病临床基本证候用药规律的研究	胡明丽	湖北中医学院	硕士	2009		381	原版阅读      CNKI AI阅读
4699	黄竹欣胃汤治疗胆汁反流性胃炎的临床研究	仲秋	湖北中医学院	硕士	2009	6	243	原版阅读      CNKI AI阅读
4700	清肠汤治疗大肠湿热型溃疡性结肠炎的临床研究	李晨	湖北中医学院	硕士	2009	10	438	原版阅读      CNKI AI阅读
	中文题名	作者	学位授予单位	数据库	学位授予年度	被引	下载	操作
4701	四逆散合左金丸治疗反流性食管炎的临床研究	龚艳桥	湖北中医学院	硕士	2009	14	533	原版阅读      CNKI AI阅读
4702	黄连降脂汤治疗高脂血症的临床研究	李林敏	湖北中医学院	硕士	2009	1	209	原版阅读      CNKI AI阅读
4703	黄连膏加散剂外敷治疗皮肤溃疡的临床研究	贺美林	湖北中医学院	硕士	2009		357	原版阅读      CNKI AI阅读
4704	谢晶日教授治疗活动期溃疡性结肠炎的经验研究	郑敏敏	黑龙江中医药大学	硕士	2009		384	原版阅读      CNKI AI阅读
4705	中医治疗咳嗽的证治方药规律研究	陈明静	黑龙江中医药大学	硕士	2009	9	1219	原版阅读      CNKI AI阅读
4706	玉容汤治疗寻常性痤疮（肺经风热型）的临床研究	运国靖	黑龙江中医药大学	硕士	2008	2	271	原版阅读      CNKI AI阅读
4707	基于古今医案数据分析的血证证治规律研究	罗正凯	黑龙江中医药大学	硕士	2009	12	1162	原版阅读      CNKI AI阅读
4708	槐花合剂保留灌肠治疗溃疡性直肠炎的临床研究	彭燕	黑龙江中医药大学	硕士	2009	1	390	原版阅读      CNKI AI阅读
4709	乳链菌肽与天然提取物质复配性能及应用的研究	吕晓楠	河北工业大学	硕士	2009	7	488	原版阅读      CNKI AI阅读
4710	固定化复合脂肪酶催化黄连木籽油合成生物柴油	侯丽媛	河北工业大学	硕士	2009	3	243	原版阅读      CNKI AI阅读
4711	地黄连作障碍的差异蛋白质组学研究	李改玲	福建农林大学	硕士	2009	21	538	原版阅读      CNKI AI阅读
4712	葛根芩连汤血清药化学研究	金慧	上海交通大学	硕士	2008	16	1459	原版阅读      CNKI AI阅读
4713	孕妇金花片的质量标准研究	高英博	黑龙江中医药大学	硕士	2009		184	原版阅读      CNKI AI阅读
4714	乌金胶囊质量标准的建立及其药效学的研究	吴英华	黑龙江大学	硕士	2009	2	307	原版阅读      CNKI AI阅读
4715	抗仔猪腹泻中药口服液的制备及质量标准研究	孟倩	东北农业大学	硕士	2007	10	1319	原版阅读      CNKI AI阅读
4716	白屈菜活性物质提取工艺及杀虫活性的研究	张宏浩	东北林业大学	硕士	2007	28	852	原版阅读      CNKI AI阅读
4717	鲁中南砂石山区水土保持植被水文生态效应的研究	王兴翠	山东农业大学	硕士	2007	3	234	原版阅读      CNKI AI阅读
4718	张贵元教授治疗胃食管反流病经验撷要	孙长学	辽宁中医药大学	硕士	2007	5	375	原版阅读      CNKI AI阅读
4719	《中国药膳大辞典》《中医食疗方全录》中文献来源、药膳食疗常用中药应用情况研究	朱晓平	扬州大学	硕士	2006	28	5864	原版阅读      CNKI AI阅读
4720	中医清热解毒法治疗妥瑞氏症探讨——黄连解毒汤加方治疗实热型302例的分析	林宝华	辽宁中医药大学	硕士	2007		508	原版阅读      CNKI AI阅读
4721	宁淮高速公路沿线植被物种多样性研究	孟凡云	南京林业大学	硕士	2007	14	717	原版阅读      CNKI AI阅读
4722	黄石市陆生植物多样性与应用研究	陈兵	华中农业大学	硕士	2007	35	742	原版阅读      CNKI AI阅读
4723	金铃子滴丸有效部位及制剂工艺研究	黄娴	北京中医药大学	硕士	2007	1	422	原版阅读      CNKI AI阅读
4724	左金滴丸有效部位及制剂工艺研究	尼富苓	北京中医药大学	硕士	2007	1	558	原版阅读      CNKI AI阅读
4725	复方癃闭治颗粒的制备工艺及质量标准研究	刘晶	辽宁中医药大学	硕士	2007		126	原版阅读      CNKI AI阅读
4726	阿月浑子酚类物质定性定量分析及其对细胞超微结构的影响	富丰珍	新疆农业大学	硕士	2007	1	195	原版阅读      CNKI AI阅读
4727	阿月浑子苗木繁育技术研究	张晓东	新疆农业大学	硕士	2007		271	原版阅读      CNKI AI阅读
4728	黄连生物碱抗结肠癌作用实验及其分子机制研究	吴柯	重庆医科大学	硕士	2007	9	520	原版阅读      CNKI AI阅读
4729	清营汤现代临床应用的文献研究	林基石	北京中医药大学	硕士	2007	8	941	原版阅读      CNKI AI阅读
4730	中药寒热药性生理生化评价指标的初步研究	赵兴业	北京中医药大学	硕士	2007	83	2778	原版阅读      CNKI AI阅读
4731	因病—因证—因症结合组方模式的探讨	邢超	北京中医药大学	硕士	2007	11	771	原版阅读      CNKI AI阅读
4732	许浚组方规律研究——《东医宝鉴》中四物汤及其加味方的研究	洪成姬	北京中医药大学	硕士	2007	6	316	原版阅读      CNKI AI阅读
4733	野罂粟水煎剂对番泻叶致泻小鼠止泻作用的机理研究	刘素芳	北京中医药大学	硕士	2007	28	1083	原版阅读      CNKI AI阅读
4734	基于小肠特殊转运方式探讨黄连吴茱萸药对配伍机理	孙万晶	北京中医药大学	硕士	2007	7	861	原版阅读      CNKI AI阅读
4735	黄连解毒汤加味透皮吸收剂对小鼠口腔菌群及溶菌酶活性的影响	李君	辽宁中医药大学	硕士	2007	3	290	原版阅读      CNKI AI阅读
4736	降糖通脉方对糖尿病大鼠心肌病变影响的实验研究	曹萍	湖北中医学院	硕士	2007	4	205	原版阅读      CNKI AI阅读
4737	中医药抗溃疡性结肠炎复发的临床研究	林芳冰	北京中医药大学	硕士	2007	4	720	原版阅读      CNKI AI阅读
4738	不寐病因证治的现代文献整理研究	王光玉	北京中医药大学	硕士	2007	38	3084	原版阅读      CNKI AI阅读
4739	时行感冒的诊断及“从毒论治”的预试验研究	范津博	北京中医药大学	硕士	2007	6	898	原版阅读      CNKI AI阅读
4740	芩栀苦参丸治疗寻常痤疮的临床疗效观察	马朝东	北京中医药大学	硕士	2007	4	1014	原版阅读      CNKI AI阅读
4741	痞满病证的古代文献研究与学术源流探讨	黄国能	北京中医药大学	硕士	2007	30	2087	原版阅读      CNKI AI阅读
4742	心律失常现代中医文献的整理与研究	李志明	北京中医药大学	硕士	2007	36	5641	原版阅读      CNKI AI阅读
4743	中风病“瘀血生风”病机的文献研究	吴炜	北京中医药大学	硕士	2006	21	1812	原版阅读      CNKI AI阅读
4744	芪归升降散治疗慢性肾功能不全的临床观察	张田学忠	北京中医药大学	硕士	2007	5	559	原版阅读      CNKI AI阅读
4745	运用健脾理气法治疗小儿泄泻的研究	曾莉	北京中医药大学	硕士	2007		535	原版阅读      CNKI AI阅读
4746	黄连解毒汤对多器官功能障碍综合征心脏的影响	林正佳	广州中医药大学	硕士	2007	2	197	原版阅读      CNKI AI阅读
4747	姜树民教授治疗溃疡性结肠炎经验谈	任江	辽宁中医药大学	硕士	2007		182	原版阅读      CNKI AI阅读
4748	田振国教授治疗慢性非特异性溃疡性结肠炎经验探析	路越	辽宁中医药大学	硕士	2007	4	262	原版阅读      CNKI AI阅读
4749	不寐的文献回顾分析研究	林扬南	辽宁中医药大学	硕士	2007	10	909	原版阅读      CNKI AI阅读
4750	「温泻法」对慢性肝性脑病虚寒夹实证的临床研究	罗仕荣	辽宁中医药大学	硕士	2007	2	206	原版阅读      CNKI AI阅读
	中文题名	作者	学位授予单位	数据库	学位授予年度	被引	下载	操作
4751	《孙文垣医案》辨治脾胃肠病证的特色研究	袁文娟	福建中医学院	硕士	2007	2	615	原版阅读      CNKI AI阅读
4752	清热解毒法、活血化瘀法对2型糖尿病大鼠血管内皮影响的对比研究	陈娟	湖北中医学院	硕士	2007	2	231	原版阅读      CNKI AI阅读
4753	消糜汤治疗肝胃不和型慢性糜烂性胃炎的临床研究	郭琳	湖北中医学院	硕士	2007	7	273	原版阅读      CNKI AI阅读
4754	耐甲氧西林金黄色葡萄球菌（MRSA）PBP2a C-末端的克隆、表达以及拮抗MRSA中药的筛选	和生琦	第三军医大学	硕士	2007	2	478	原版阅读      CNKI AI阅读
4755	一清分散片的研制及质量评价研究	尚军	新疆农业大学	硕士	2007	1	418	原版阅读      CNKI AI阅读
4756	中药材胡黄连黄柏黄芩的指纹图谱研究	王云英	中南民族大学	硕士	2007	10	898	原版阅读      CNKI AI阅读
4757	延胡索物质基础及其主要活性单体体内代谢的LC-DAD-MS/MS研究	丁波	第二军医大学	硕士	2007	16	923	原版阅读      CNKI AI阅读
4758	糖肾胶囊对肥胖伴胰岛素抵抗大鼠模型的影响	张前进	北京中医药大学	硕士	2007	1	250	原版阅读      CNKI AI阅读
4759	清热法治疗高血压病胰岛素抵抗的研究	胡德胜	山东中医药大学	硕士	2007	2	140	原版阅读      CNKI AI阅读
4760	络脉舒通颗粒剂治疗冠心病的临床研究	李林	山东中医药大学	硕士	2007		129	原版阅读      CNKI AI阅读
4761	溃结灵（口服）合解毒生肌汤（灌肠）治疗溃疡性结肠炎的临床研究	顾培青	山东中医药大学	硕士	2007	1	245	原版阅读      CNKI AI阅读
4762	《伤寒杂病论》用药四性规律研究	张引强	山东中医药大学	硕士	2007	5	1126	原版阅读      CNKI AI阅读
4763	清热泻火法治疗青壮年原发性高血压的疗效评价及初步作用机制研究	于杰	山东中医药大学	硕士	2007	3	214	原版阅读      CNKI AI阅读
4764	膀胱经背部注射玻璃酸钠配合解毒活血汤治疗白塞病的临床研究	张永强	山东中医药大学	硕士	2007	3	171	原版阅读      CNKI AI阅读
4765	中医药抗感染治疗临床研究的初步探讨	叶声	北京中医药大学	硕士	2007	4	484	原版阅读      CNKI AI阅读
4766	古方黄连丸方剂配伍的药效学及物质基础研究	夏旋	华中科技大学	硕士	2006	9	698	原版阅读      CNKI AI阅读
4767	黄连解毒汤及黄连素对2型糖尿病大鼠靶组织中磷脂酰肌醇-3激酶mRNA和蛋白表达的影响	金丹	华中科技大学	硕士	2006	15	370	原版阅读      CNKI AI阅读
4768	化痰定眩方治疗椎—基底动脉供血不足性眩晕的临床研究	常红	山东中医药大学	硕士	2006	4	204	原版阅读      CNKI AI阅读
4769	《伤寒论》下利证的常变辨证论治思维探讨	赵桂芝	山东中医药大学	硕士	2007	4	663	原版阅读      CNKI AI阅读
4770	冬黄颗粒剂的制备工艺及质量标准研究	吕丽娟	长春中医药大学	硕士	2007	6	1058	原版阅读      CNKI AI阅读
4771	丹参等中药治疗寻常痤疮机理的实验研究	吕全兴	山东中医药大学	硕士	2006	11	675	原版阅读      CNKI AI阅读
4772	复方治淋通对大肠杆菌的抑菌作用及对下焦湿热型尿路感染的疗效观察	付艳艳	长春中医药大学	硕士	2007		231	原版阅读      CNKI AI阅读
4773	“禽康散”对肉鸡生产性能及免疫功能影响的研究	李和平	四川农业大学	硕士	2007	10	291	原版阅读      CNKI AI阅读
4774	多因素干预改善2型糖尿病胰岛素抵抗的临床研究	曹莹	山东中医药大学	硕士	2007	4	294	原版阅读      CNKI AI阅读
4775	十二指肠定位释药系统—盐酸黄连素生物粘附包衣片的研究	郑玲利	四川大学	硕士	2006	6	613	原版阅读      CNKI AI阅读
4776	黄连的化学成分及质量标准的研究	李峰	四川大学	硕士	2007	40	3792	原版阅读      CNKI AI阅读
4777	左金丸方药提取工艺的研究	张颖	山东中医药大学	硕士	2006		405	原版阅读      CNKI AI阅读
4778	云南黄连和西藏黄连的HPLC指纹图谱研究	杨林	四川大学	硕士	2007	13	793	原版阅读      CNKI AI阅读
4779	黄连多糖的提取及活性研究	吴玉娟	西南交通大学	硕士	2007	23	1504	原版阅读      CNKI AI阅读
4780	双黄分散片制备工艺及质量标准研究	高媛	武汉理工大学	硕士	2007	2	380	原版阅读      CNKI AI阅读
4781	高效液相色谱结合化学计量学在中药指纹图谱及复杂药物体系分析中的应用	彭韵燕	南昌大学	硕士	2007	8	1195	原版阅读      CNKI AI阅读
4782	中药乙醇提取液干预幽门螺杆菌分泌空泡毒素的研究	郑筱雯	南昌大学	硕士	2007	3	240	原版阅读      CNKI AI阅读
4783	中药对幽门螺杆菌的体外抗菌活性研究	吴静	安徽理工大学	硕士	2007	10	1185	原版阅读      CNKI AI阅读
4784	高效液相色谱法在芩连制剂分析中的应用研究	马燕虹	浙江大学	硕士	2007		289	原版阅读      CNKI AI阅读
4785	三种园林树木耐盐性研究	冯蕾	河北农业大学	硕士	2008	26	391	原版阅读      CNKI AI阅读
4786	地黄根际有益细菌的筛选及其作用机制研究	王学翠	山东师范大学	硕士	2008	2	502	原版阅读      CNKI AI阅读
4787	十一味中药炮制和六种复方配伍的高效液相色谱研究	王喜习	西北大学	硕士	2008	2	917	原版阅读      CNKI AI阅读
4788	清胃胶囊制备工艺与质量标准研究	蔡晓燕	广州中医药大学	硕士	2008	2	568	原版阅读      CNKI AI阅读
4789	三颗针提取物对肉仔鸡生长、抗氧化功能及肉品质的影响	丁景华	河南农业大学	硕士	2006	8	395	原版阅读      CNKI AI阅读
4790	三颗针提取物替代抗生素在断奶仔猪饲粮中的应用研究	刘岭	河南农业大学	硕士	2006	17	425	原版阅读      CNKI AI阅读
4791	香连滴丸的研制及其对小鼠溃疡性结肠炎的治疗试验	易先国	西南大学	硕士	2008	3	216	原版阅读      CNKI AI阅读
4792	皖北地区石灰岩山地森林群落及造林树种选择研究	江荣翠	安徽农业大学	硕士	2007	8	302	原版阅读      CNKI AI阅读
4793	阿月浑子引种观察试验与分析	李建红	甘肃农业大学	硕士	2005	1	185	原版阅读      CNKI AI阅读
4794	地黄连作障碍中化感物质的鉴定	朱广军	河南农业大学	硕士	2007	12	516	原版阅读      CNKI AI阅读
4795	大黄酸改善糖尿病大鼠血糖、胰岛素敏感性并增强肝脏PPARγ、GLUT-2表达	金苗苗	中国人民解放军军医进修学院	硕士	2008	5	554	原版阅读      CNKI AI阅读
4796	中药复方0326的研究	徐瑶	中国协和医科大学	硕士	2007	1	273	原版阅读      CNKI AI阅读
4797	葛根芩连汤指纹图谱及血清药物化学的研究	闫琰	南方医科大学	硕士	2007	5	1385	原版阅读      CNKI AI阅读
4798	黄芪、板蓝根等中药提取物及组方体内免疫调节和体外抗病毒作用研究	王学斌	河南农业大学	硕士	2007	18	2029	原版阅读      CNKI AI阅读
4799	β2-肾上腺素受体亲和色谱在黄连活性成分筛选及其相互作用研究中的应用	刘洁	西北大学	硕士	2008	5	367	原版阅读      CNKI AI阅读
4800	黄连注射液抗内毒素致兔发热及机理研究	谷臣君	西南大学	硕士	2008	11	444	原版阅读      CNKI AI阅读
	中文题名	作者	学位授予单位	数据库	学位授予年度	被引	下载	操作
4801	黄连（Rhizaoma Coptidis）的指纹图谱研究	韩晶	西南大学	硕士	2008	12	1594	原版阅读      CNKI AI阅读
4802	巴戟天质量标准及胡黄连化学成分研究	朴金花	西南大学	硕士	2008	2	668	原版阅读      CNKI AI阅读
4803	中药延胡索质量标准化及制剂研究	贾贝西	河南大学	硕士	2008	9	1380	原版阅读      CNKI AI阅读
4804	黄连温胆汤对内质网应激下巨噬细胞凋亡的影响	陈晓瑜	广州中医药大学	硕士	2008	7	378	原版阅读      CNKI AI阅读
4805	黄连解毒汤对小鼠肠道菌群的影响	罗海华	广州中医药大学	硕士	2008	12	1502	原版阅读      CNKI AI阅读
4806	交泰丸“交通心肾”的配伍机理研究	王红丹	广州中医药大学	硕士	2008	17	1068	原版阅读      CNKI AI阅读
4807	交泰丸活性组分自微乳化体系的研究	张倍恩	广州中医药大学	硕士	2008	3	387	原版阅读      CNKI AI阅读
4808	加味白头翁汤对溃疡性结肠炎大鼠治疗作用及其机制的实验研究	刘建军	湖北中医学院	硕士	2008	6	416	原版阅读      CNKI AI阅读
4809	黄连温胆汤治疗台湾青少年失眠症的临床疗效观察	蔡月春	广州中医药大学	硕士	2008	2	455	原版阅读      CNKI AI阅读
4810	加味黄连解毒汤对多器官功能障碍综合症肺脏保护的研究	牛明华	广州中医药大学	硕士	2008		206	原版阅读      CNKI AI阅读
4811	加味黄连解毒汤调控NF-kB对多器官功能障碍综合征的影响	何健卓	广州中医药大学	硕士	2008	1	276	原版阅读      CNKI AI阅读
4812	当代名中医慢性肾衰医案的挖掘研究	叶凤珍	广州中医药大学	硕士	2008	6	868	原版阅读      CNKI AI阅读
4813	清肠汤治疗大肠湿热型溃疡性结肠炎的临床研究	尹俊芳	湖北中医学院	硕士	2008	9	349	原版阅读      CNKI AI阅读
4814	加味玉女煎治疗2型糖尿病的临床观察	徐乃佳	湖北中医学院	硕士	2008	4	467	原版阅读      CNKI AI阅读
4815	拟态弧菌外毒素的检测及中草药抑菌抗毒素活性的研究	张传亮	安徽农业大学	硕士	2007	4	397	原版阅读      CNKI AI阅读
4816	地黄连作障碍主要因子关系分析	孙富林	河南农业大学	硕士	2007	8	420	原版阅读      CNKI AI阅读
4817	思的明胶囊的药学研究及其对吗啡依赖大鼠体内吗啡代谢的影响	黄建春	广西医科大学	硕士	2008		140	原版阅读      CNKI AI阅读
4818	加味四逆散联合泮托拉唑治疗幽门螺杆菌相关慢性浅表性胃炎的临床研究	顾小生	湖北中医学院	硕士	2008		242	原版阅读      CNKI AI阅读
4819	黄连解毒汤对MPTP所致帕金森小鼠的保护作用及机制研究	李泓睿	吉林大学	硕士	2008	2	466	原版阅读      CNKI AI阅读
4820	阴道致病念珠菌的菌种及单味中药煎剂药敏试验研究	胡吉升	湖北中医学院	硕士	2008	1	278	原版阅读      CNKI AI阅读
4821	黄连饮片的炮制工艺及质量控制研究	梅静	湖北中医学院	硕士	2008	8	1563	原版阅读      CNKI AI阅读
4822	黄连素对心力衰竭患者心功能、血管内皮细胞功能及炎性标志物的影响	成永霞	广西医科大学	硕士	2007	3	252	原版阅读      CNKI AI阅读
4823	藿朴夏苓汤加减治疗慢性浅表性胃炎（脾胃湿热证）的临床研究	刘敏	湖北中医学院	硕士	2008	4	434	原版阅读      CNKI AI阅读
4824	乙肝长乐片治疗慢性乙型肝炎（肝脾湿热证）的临床研究	杨越	湖北中医学院	硕士	2008		140	原版阅读      CNKI AI阅读
4825	《伤寒论》寒热并用方证临床应用规律研究	陈剑	湖北中医学院	硕士	2008	7	1717	原版阅读      CNKI AI阅读
4826	从“胆失中正”论治老年焦虑性神经症的临床研究	张丹丹	湖北中医学院	硕士	2008	7	288	原版阅读      CNKI AI阅读
4827	胡黄连单体Caffeoyl Glycoside免疫活性的体外研究	曹永国	吉林大学	硕士	2008	6	243	原版阅读      CNKI AI阅读
4828	福建生物能源树种的调查和筛选研究	王平	福建农林大学	硕士	2008	13	690	原版阅读      CNKI AI阅读
4829	地黄连作的自毒作用研究	齐晓辉	福建农林大学	硕士	2008	22	764	原版阅读      CNKI AI阅读
4830	地黄连作对土壤微生物的影响	陈慧	福建农林大学	硕士	2008	31	896	原版阅读      CNKI AI阅读
4831	小檗碱对兔动脉粥样硬化干预作用的实验研究	朱凌波	苏州大学	硕士	2008	5	310	原版阅读      CNKI AI阅读
4832	延胡索的化学成分研究	张晓丽	沈阳药科大学	硕士	2008	28	1865	原版阅读      CNKI AI阅读
4833	西藏胡黄连化学成分的研究	黄开毅	沈阳药科大学	硕士	2008	10	673	原版阅读      CNKI AI阅读
4834	黄连—吴茱萸药对主要成分的溶出变化和药动学研究	邓雅婷	沈阳药科大学	硕士	2008	5	1001	原版阅读      CNKI AI阅读
4835	芩连片质量控制方法与药物动力学研究	高靥	沈阳药科大学	硕士	2008	1	397	原版阅读      CNKI AI阅读
4836	蟾酥和西藏胡黄连化学成分的研究	朱仝飞	沈阳药科大学	硕士	2008	14	749	原版阅读      CNKI AI阅读
4837	小檗碱衍生物的制备及其神经营养活性研究	刘卫涛	西北农林科技大学	硕士	2008	8	632	原版阅读      CNKI AI阅读
4838	胡黄连甙II的分离提取及药理学研究	郭明川	华东理工大学	硕士	2005		286	原版阅读      CNKI AI阅读
4839	固定化脂肪酶催化木本油脂制备生物柴油的研究	王卫刚	北京林业大学	硕士	2008	5	487	原版阅读      CNKI AI阅读
4840	黄连活性成分的光谱性质及中药中小檗碱的环糊精敏化荧光法测定	郑彦慧	河北师范大学	硕士	2008	7	671	原版阅读      CNKI AI阅读
4841	双料喉风生物黏附口腔贴片的研制	刘娜	广东药学院	硕士	2008		406	原版阅读      CNKI AI阅读
4842	盐酸小檗碱磷脂复合物的研制	左巨波	重庆医科大学	硕士	2008	7	920	原版阅读      CNKI AI阅读
4843	电热针结合中药治疗脾胃虚寒型慢性萎缩性胃炎的临床研究	石爱华	北京中医药大学	硕士	2008	8	574	原版阅读      CNKI AI阅读
4844	甘草的藏医药文献研究及其与中医药相关文献的比较	李素芬	北京中医药大学	硕士	2008	4	1226	原版阅读      CNKI AI阅读
4845	清瘟败毒饮现代临床应用的文献研究	林佩儒	北京中医药大学	硕士	2008	1	656	原版阅读      CNKI AI阅读
4846	自拟消痤汤治疗痤疮的临床疗效观察	徐晶钰	北京中医药大学	硕士	2008	5	685	原版阅读      CNKI AI阅读
4847	仝小林教授治疗2型糖尿病临证经验总结	刘霞	北京中医药大学	硕士	2008	22	1585	原版阅读      CNKI AI阅读
4848	痤疮合剂治疗寻常痤疮肺胃湿热证的临床和实验研究	杨岚	北京中医药大学	硕士	2008	2	739	原版阅读      CNKI AI阅读
4849	加味四逆散治疗慢性胃炎的研究	丁衍文	北京中医药大学	硕士	2008	4	964	原版阅读      CNKI AI阅读
4850	化瘀降浊合剂防治代谢综合征的临床观察	任昶	北京中医药大学	硕士	2006	2	425	原版阅读      CNKI AI阅读
	中文题名	作者	学位授予单位	数据库	学位授予年度	被引	下载	操作
4851	酸橙与甜橙枳实所制枳术丸治疗功能性消化不良脾虚气滞证临床疗效的比较研究	张越颖	北京中医药大学	硕士	2006	3	418	原版阅读      CNKI AI阅读
4852	岩黄连化学成分和活性的研究	毛宇昂	广西医科大学	硕士	2006	17	912	原版阅读      CNKI AI阅读
4853	不同品系黄连（Coptis chinensis Franch.）质量、产量和生物学性状的研究	朱强	中国科学院研究生院（武汉植物园）	硕士	2006	2	621	原版阅读      CNKI AI阅读
4854	黄连总碱对铝过负荷致神经元退变保护作用的研究	张静	重庆医科大学	硕士	2006	3	117	原版阅读      CNKI AI阅读
4855	葛根芩连汤配伍主要成分药代动力学研究	吴艳萍	第一军医大学	硕士	2006	8	1108	原版阅读      CNKI AI阅读
4856	芩连片的质量标准研究	黄晓玲	沈阳药科大学	硕士	2006		610	原版阅读      CNKI AI阅读
4857	复方二甲双胍抗糖尿病并发症研究	张宁	沈阳药科大学	硕士	2005		363	原版阅读      CNKI AI阅读
4858	泻心汤与逍遥散配方颗粒剂质量控制方法研究	马跃平	沈阳药科大学	硕士	2005	3	771	原版阅读      CNKI AI阅读
4859	葛根芩连结肠定位释药柱塞胶囊的研究	李青坡	沈阳药科大学	硕士	2004	3	666	原版阅读      CNKI AI阅读
4860	冠心病痰热瘀阻证的证型研究	殷丽萍	南京中医药大学	硕士	2005	11	499	原版阅读      CNKI AI阅读
4861	从寒热辨证论治小儿Hp相关性胃炎的临床研究	白美茹	南京中医药大学	硕士	2005		403	原版阅读      CNKI AI阅读
4862	干旱胁迫对阿月浑子与黄连木生理特性的影响	李在军	新疆农业大学	硕士	2006	4	360	原版阅读      CNKI AI阅读
4863	锦屏山森林公园的植被生态恢复与优化发展研究	满慧	南京农业大学	硕士	2006	6	755	原版阅读      CNKI AI阅读
4864	中药提取液抑制R质粒接合传递的体内外实验研究	龚甜	南昌大学	硕士	2006	5	273	原版阅读      CNKI AI阅读
4865	三种野生黄连的生药学和RAPD分析研究	彭爱华	四川大学	硕士	2006	4	427	原版阅读      CNKI AI阅读
4866	西藏黄连和云南黄连的生药学与RAPD分析研究	陈璐	四川大学	硕士	2006	3	338	原版阅读      CNKI AI阅读
4867	岩黄连冻干粉针剂的研究	陈满仓	上海医药工业研究院	硕士	2006	1	456	原版阅读      CNKI AI阅读
4868	南京市秋冬季植物景观的研究	邵妍	南京林业大学	硕士	2006	37	1603	原版阅读      CNKI AI阅读
4869	南京栖霞山植物区系地理及野生植物资源研究	王会宁	南京林业大学	硕士	2006	36	1389	原版阅读      CNKI AI阅读
4870	小檗碱改善肉鸡盲肠微生态、生长代谢及免疫力的研究	周保华	扬州大学	硕士	2006	11	197	原版阅读      CNKI AI阅读
4871	运脾开胃法治疗小儿厌食症的临床文献与实验研究	孙心亮	南京中医药大学	硕士	2006	9	814	原版阅读      CNKI AI阅读
4872	西藏胡黄连和鸡矢藤的化学成分及黄芪多糖的提取工艺研究	邹旭	中国科学院研究生院（成都生物研究所）	硕士	2006	6	1211	原版阅读      CNKI AI阅读
4873	阿月浑子引种及其栽培技术研究	高力力	西北农林科技大学	硕士	2005	4	347	原版阅读      CNKI AI阅读
4874	通解调补法治疗白塞病的临床研究	陈德霞	山东中医药大学	硕士	2006	1	231	原版阅读      CNKI AI阅读
4875	快律宁治疗室性心律失常（阴虚火旺证）的临床研究	姚晓东	山东中医药大学	硕士	2006	6	243	原版阅读      CNKI AI阅读
4876	清热解毒治疗对2型糖尿病炎症因子的干预作用	张萌	山东中医药大学	硕士	2006	1	342	原版阅读      CNKI AI阅读
4877	黄连微粉干预颈动脉粥样硬化斑块的临床研究	王姗姗	山东中医药大学	硕士	2006	8	214	原版阅读      CNKI AI阅读
4878	中医不同治则代表方药对胃癌细胞端粒酶活性及细胞凋亡的影响	李昕	山东中医药大学	硕士	2006		258	原版阅读      CNKI AI阅读
4879	火热在颈动脉粥样硬化发病中的意义及中药治疗观察	屈静	山东中医药大学	硕士	2006	9	223	原版阅读      CNKI AI阅读
4880	良性小动脉肾硬化症（肾功能衰竭期）湿浊内蕴证的临床研究	王智深	山东中医药大学	硕士	2006		135	原版阅读      CNKI AI阅读
4881	络脉舒通颗粒剂治疗冠心病快速性心律失常的临床研究	张克清	山东中医药大学	硕士	2006	2	201	原版阅读      CNKI AI阅读
4882	解毒益心汤治疗病毒性心肌炎的临床研究	李滨	山东中医药大学	硕士	2006	3	228	原版阅读      CNKI AI阅读
4883	黄连解毒汤抗肿瘤有效成分及其机制的实验研究	温庆辉	吉林大学	硕士	2006		386	原版阅读      CNKI AI阅读
4884	岩黄连的地质背景及组织培养技术研究	陆瑞群	广西师范大学	硕士	2006	7	407	原版阅读      CNKI AI阅读
4885	贵州及邻区下寒武统层序地层格架及其古地理演化	孟晓庆	中国地质大学（北京）	硕士	2007	14	819	原版阅读      CNKI AI阅读
4886	中药提取物体外抗真菌活性的实验研究	王玲	大连医科大学	硕士	2007	17	1513	原版阅读      CNKI AI阅读
4887	中药降糖胶囊的制备及其质量标准研究	张云常	首都师范大学	硕士	2007	1	356	原版阅读      CNKI AI阅读
4888	阿月浑子组织培养关键技术及褐化研究	魏芳	北京林业大学	硕士	2007	5	455	原版阅读      CNKI AI阅读
4889	中药抗真菌的实验研究	于军	吉林大学	硕士	2007	9	822	原版阅读      CNKI AI阅读
4890	量热法研究中药复方及单味药参与的振荡体系	高桂兰	曲阜师范大学	硕士	2007		136	原版阅读      CNKI AI阅读
4891	地黄连作障碍机理研究（Ⅰ）——水苏糖和梓醇对土壤细菌的影响研究	刘峰	山东大学	硕士	2007	8	525	原版阅读      CNKI AI阅读
4892	高盐高糖饮食建立代谢综合征模型及其药物干预的实验研究	王丽红	山东大学	硕士	2007	4	555	原版阅读      CNKI AI阅读
4893	中成药中几种生物碱的HPLC分析检测研究	孙杰	首都师范大学	硕士	2007	1	781	原版阅读      CNKI AI阅读
4894	中药中有效成分生物活性的微量量热法研究	王建涛	曲阜师范大学	硕士	2007	1	256	原版阅读      CNKI AI阅读
4895	清热解毒饮对糖尿病血清炎症因子的干预研究	术红燕	山东大学	硕士	2007	2	232	原版阅读      CNKI AI阅读
4896	创愈膏体外抑菌和对小鼠腹腔巨噬细胞吞噬功能的实验研究	闵娜	陕西中医学院	硕士	2007	2	275	原版阅读      CNKI AI阅读
4897	小陷胸汤配伍左金丸治疗反流性食管炎的药效学研究	董晓旭	贵阳中医学院	硕士	2007	2	400	原版阅读      CNKI AI阅读
4898	胃炎康胶囊质量标准与稳定性的研究	谭文龙	吉林大学	硕士	2007	2	137	原版阅读      CNKI AI阅读
4899	焦虑泰康饮的成型工艺和质量标准的实验研究	张强	黑龙江中医药大学	硕士	2007		80	原版阅读      CNKI AI阅读
4900	鳗鲡病原菌的现场快速检测与药物防治	吴亮	集美大学	硕士	2007	8	375	原版阅读      CNKI AI阅读
	中文题名	作者	学位授予单位	数据库	学位授予年度	被引	下载	操作
4901	皖南石灰岩土壤森林植物群落类型及造林树种选择的研究	王方芳	安徽农业大学	硕士	2006	8	388	原版阅读      CNKI AI阅读
4902	HPLC-DAD指纹图谱技术用于峨眉味连品质评价研究	蒋合众	西南交通大学	硕士	2007	1	251	原版阅读      CNKI AI阅读
4903	脱氢卡维汀药效学研究及临床前安全性评价	孙宁玲	中国人民解放军军事医学科学院	硕士	2007	1	453	原版阅读      CNKI AI阅读
4904	盐酸小檗碱对人牙周膜细胞生物学活性及大鼠牙周组织IL-1β、TNF-α表达的影响	张小恒	兰州大学	硕士	2007	3	221	原版阅读      CNKI AI阅读
4905	中枢Ⅰ型囊泡谷氨酸转运体表达与学习记忆功能关系的初步研究	赵月莹	中国人民解放军军事医学科学院	硕士	2007	1	325	原版阅读      CNKI AI阅读
4906	黄连素对人宫颈癌Hela细胞株的体外作用研究	狄晓鸿	兰州大学	硕士	2007		228	原版阅读      CNKI AI阅读
4907	中药逆转大肠埃希菌对β-内酰胺类抗生素耐药性的实验研究	芦亚君	兰州大学	硕士	2007	10	620	原版阅读      CNKI AI阅读
4908	补脾益肠汤对溃疡性结肠炎模型小鼠血清TNF-α的影响	邢盛茹	黑龙江中医药大学	硕士	2007	1	213	原版阅读      CNKI AI阅读
4909	黄连解毒汤对快速老化模型小鼠海马蛋白表达作用的研究	王杉	中国人民解放军军事医学科学院	硕士	2007	1	809	原版阅读      CNKI AI阅读
4910	开光复明片质量标准的研究	王艳君	郑州大学	硕士	2007	3	179	原版阅读      CNKI AI阅读
4911	理气活血清热方及各拆方抑制人胃腺癌细胞BGC823 PDGFRβ-PLC-γ1信号转导的研究	秦秀德	河南中医学院	硕士	2007	3	253	原版阅读      CNKI AI阅读
4912	《医林改错》活血化瘀方药特点及治法源流探析	王烨燃	黑龙江中医药大学	硕士	2007	19	1739	原版阅读      CNKI AI阅读
4913	胃宁颗粒治疗肝胃不和型胃食管反流病的临床研究	金汤	黑龙江中医药大学	硕士	2007	1	282	原版阅读      CNKI AI阅读
4914	不寐证治法与组方遣药的研究	李岩	黑龙江中医药大学	硕士	2007	8	543	原版阅读      CNKI AI阅读
4915	天然植物染料用于纤维素纤维织物染色性能研究	吕丽华	大连轻工业学院	硕士	2005	25	2355	原版阅读      CNKI AI阅读
4916	小檗碱促进獭兔生长代谢、盲肠微生物活力及免疫性能的研究	荣娜	扬州大学	硕士	2007	8	251	原版阅读      CNKI AI阅读
4917	治疗奶牛子宫内膜炎中药方剂—宫得健的试验研究	田永强	扬州大学	硕士	2007	13	325	原版阅读      CNKI AI阅读
4918	阿月浑子授粉生物学特性研究	张艳青	河北农业大学	硕士	2007	11	334	原版阅读      CNKI AI阅读
4919	重庆市野生黄连（Coptis chinensis Franch.）形态分化和药效成分与环境因子的关联性研究	龚传秀	西南大学	硕士	2007	5	285	原版阅读      CNKI AI阅读
4920	金纳米微粒与某些药物小分子相互作用的分子光谱及其分析应用研究	鲁群岷	西南大学	硕士	2007	3	384	原版阅读      CNKI AI阅读
4921	中药饮片用量调研分析及其标准研究	唐仕欢	中国中医科学院	硕士	2007	11	1518	原版阅读      CNKI AI阅读
4922	黄连解毒汤经皮吸收对小鼠T淋巴细胞、巨噬细胞及TNF-α含量的影响	马蕊	辽宁中医药大学	硕士	2007	1	212	原版阅读      CNKI AI阅读
4923	对七情配伍中“单行”含义的探讨	汪傲楠	辽宁中医药大学	硕士	2007		291	原版阅读      CNKI AI阅读
4924	中成药的多指标分析及其在质量控制中的应用	李艳荣	河北医科大学	硕士	2007	3	1121	原版阅读      CNKI AI阅读
4925	黄连素对重症急性胰腺炎大鼠血浆LPS和TNF-α的影响及意义	张磊	佳木斯大学	硕士	2007	2	164	原版阅读      CNKI AI阅读
4926	朱建贵主任医师应用经方方证的临床经验研究	曾怡祯	中国中医科学院	硕士	2007	3	1375	原版阅读      CNKI AI阅读
4927	台湾医家李政育医师的中医学术思想与临床经验在魁北克的实践	叶庆钏	辽宁中医药大学	硕士	2007	1	369	原版阅读      CNKI AI阅读
4928	人参在方剂配伍中性能改变的历史文献考察	闫喜焕	黑龙江中医药大学	硕士	2007	1	765	原版阅读      CNKI AI阅读
4929	治疗泄泻方剂的配伍研究	王国红	黑龙江中医药大学	硕士	2007	4	556	原版阅读      CNKI AI阅读
4930	连萸煎剂对自发性高血压大鼠血管重塑的干预研究	刘蓓	中国中医科学院	硕士	2007	1	164	原版阅读      CNKI AI阅读
4931	连萸煎剂对自发性高血压大鼠血压和心功能的影响及机制研究	卜宪峥	中国中医科学院	硕士	2007		303	原版阅读      CNKI AI阅读
4932	戊已丸提取物不同配伍的药物动力学实验研究	鲍天冬	中国中医科学院	硕士	2007	5	447	原版阅读      CNKI AI阅读
4933	中医郁证文献探要	杨盛名	中国中医科学院	硕士	2007	27	2813	原版阅读      CNKI AI阅读
4934	不同中医内治法对实验性家兔视网膜血管病变的干预研究	张志芳	中国中医科学院	硕士	2007	2	107	原版阅读      CNKI AI阅读
4935	张仲景医籍药物名词研究	李婵婷	广西师范大学	硕士	2007	20	886	原版阅读      CNKI AI阅读
4936	山东省主要造林树种耗水性研究	谢东锋	山东农业大学	硕士	2004	10	501	原版阅读      CNKI AI阅读
4937	泻心滴丸的研究	陈再兴	辽宁中医学院	硕士	2004	1	208	原版阅读      CNKI AI阅读
4938	紫黄油膏治疗婴儿湿疹的实验研究	陈家惠	辽宁中医学院	硕士	2004		414	原版阅读      CNKI AI阅读
4939	小檗碱对人高转移肺癌细胞系（PG）细胞增殖和转移的影响及机制研究	蒋艳	北京中医药大学	硕士	2004	5	276	原版阅读      CNKI AI阅读
4940	复方苦参止痒霜治疗亚急性湿疹、慢性湿疹的临床与实验研究	戴明	北京中医药大学	硕士	2004	3	1089	原版阅读      CNKI AI阅读
4941	复方胃热康治疗胃热壅盛型胃溃疡出血的实验研究	唐红波	湖南中医学院	硕士	2004	4	351	原版阅读      CNKI AI阅读
4942	茱连膏治疗慢性湿疹的主要药理及临床研究	李小莎	湖南中医学院	硕士	2004	2	329	原版阅读      CNKI AI阅读
4943	戊己水煎液抑杀幽门螺杆菌及对感染胃上皮细胞的保护作用	唐小梅	湖南中医学院	硕士	2004	1	136	原版阅读      CNKI AI阅读
4944	调胃止痛灵治疗小儿幽门螺杆菌感染的临床研究	崔霞	北京中医药大学	硕士	2004	2	225	原版阅读      CNKI AI阅读
4945	方剂配伍理论及其数据库查询系统的设计与实现	戴水平	湖南中医学院	硕士	2004		555	原版阅读      CNKI AI阅读
4946	抗癌中药中生命动力学元素群分布与抗癌药效之间的关系	赵惠英	北京化工大学	硕士	2004	3	660	原版阅读      CNKI AI阅读
4947	重庆市中药出口战略与对策研究	文化	重庆大学	硕士	2004	4	1304	原版阅读      CNKI AI阅读
4948	秋泻糖浆治疗小儿秋季腹泻的临床研究	谢沛霖	湖北中医学院	硕士	2004		192	原版阅读      CNKI AI阅读
4949	复方白毛藤注射剂的抗菌作用和免疫活性研究	王书全	湖南农业大学	硕士	2004	4	185	原版阅读      CNKI AI阅读
4950	干旱、盐碱和温光胁迫对黄连（Coptis chinensis Franch）生理作用的影响	田桂香	西南大学	硕士	2006	15	612	原版阅读      CNKI AI阅读
	中文题名	作者	学位授予单位	数据库	学位授予年度	被引	下载	操作
4951	酞菁化合物、黄连提取物对碳钢的缓蚀作用及其量子化学研究	赵澎	中国科学院研究生院（海洋研究所）	硕士	2005	6	346	原版阅读      CNKI AI阅读
4952	阿月浑子和黄连木外植体启动培养研究	刘洋	北京林业大学	硕士	2005	14	369	原版阅读      CNKI AI阅读
4953	半夏和胃颗粒治疗慢性浅表性胃炎的临床研究	杨桂桂	湖北中医学院	硕士	2005		293	原版阅读      CNKI AI阅读
4954	加减人参白虎汤治疗2型糖尿病的临床研究	陈俊	湖北中医学院	硕士	2005	6	511	原版阅读      CNKI AI阅读
4955	糖尿病足溃疡外敷中药使用原则初探	唐袁媛	北京中医药大学	硕士	2005		643	原版阅读      CNKI AI阅读
4956	中医名家对失眠的分类和论治特点的分析与研究	何南辉	北京中医药大学	硕士	2005	18	2682	原版阅读      CNKI AI阅读
4957	仲景酒疸辨证论治源流与发展的清以前文献研究	欧阳绘天	北京中医药大学	硕士	2005	4	620	原版阅读      CNKI AI阅读
4958	十九畏的本草文献考证和人参五灵脂配伍的实验研究	李德全	北京中医药大学	硕士	2005	9	1421	原版阅读      CNKI AI阅读
4959	刘渡舟教授方证辨证方法研究	简瑜真	北京中医药大学	硕士	2005	22	2824	原版阅读      CNKI AI阅读
4960	从经方配伍看《伤寒杂病论》对前人组方理论的继承与发展	高元宏	北京中医药大学	硕士	2005	8	1308	原版阅读      CNKI AI阅读
4961	温清饮治疗异位性皮炎的临床回顾性总结	车武	北京中医药大学	硕士	2005	2	450	原版阅读      CNKI AI阅读
4962	糖肾胶囊对高果糖餐大鼠胰岛素抵抗及脂代谢的影响	刘震	北京中医药大学	硕士	2005		151	原版阅读      CNKI AI阅读
4963	唐代关内道与江南道土贡对比研究——兼论唐中后期经济的发展	袁本海	中央民族大学	硕士	2005	18	1009	原版阅读      CNKI AI阅读
4964	解吸-内部沸腾两步法提取植物有效成分工艺及其工艺及其机理的研究	赵钟兴	广西大学	硕士	2005	3	329	原版阅读      CNKI AI阅读
4965	新型生物中药基础研究、制备技术及其在肉仔鸡上的应用	唐燕红	中国农业大学	硕士	2005	14	733	原版阅读      CNKI AI阅读
4966	芩翘口服液对鸡O78大肠杆菌病的疗效观察及其机理初探	刘天龙	中国农业大学	硕士	2005	9	538	原版阅读      CNKI AI阅读
4967	黄连、黄芩提取物对小鼠胸腺细胞凋亡的影响	曾芸	广西大学	硕士	2005	1	282	原版阅读      CNKI AI阅读
4968	乌梅丸对溃疡性结肠炎大鼠结肠粘膜超氧化物歧化酶及血清Ea-RFC、Et-RFC的影响	赵岩	辽宁中医学院	硕士	2005	4	232	原版阅读      CNKI AI阅读
4969	黄连素与牛磺酸对IR大鼠早期干预及对脂肪组织PAI－1mRNA表达的影响实验研究	崔琳琳	山西医科大学	硕士	2005	1	101	原版阅读      CNKI AI阅读
4970	葛花与枳椇子解酒作用的比较研究	李爱里	北京中医药大学	硕士	2005	9	2964	原版阅读      CNKI AI阅读
4971	栀子苷、黄芩苷和小檗碱对缺氧/复氧损伤时大鼠脑微血管内皮细胞粘附分子表达的影响	袁拯忠	北京中医药大学	硕士	2005	4	664	原版阅读      CNKI AI阅读
4972	辛开苦降法（昌阳泻心汤加减）治疗湿热泄泻的临床研究	江义墩	北京中医药大学	硕士	2005	4	473	原版阅读      CNKI AI阅读
4973	中药材中农药多残留分析方法研究	李丽青	浙江大学	硕士	2005	17	1024	原版阅读      CNKI AI阅读
4974	遮阴度对黄连生理生化特性的影响研究	尹丽	西南农业大学	硕士	2005	19	720	原版阅读      CNKI AI阅读
4975	阿月浑子不同品种抗寒性评价	段肖翠	河北农业大学	硕士	2005	15	401	原版阅读      CNKI AI阅读
4976	牛牙周膜细胞生物学特性及中药双黄补对该细胞增殖影响的体外研究	邹慧儒	河北医科大学	硕士	2005		124	原版阅读      CNKI AI阅读
4977	化浊和胃汤治疗胆汁反流性胃炎的实验研究	刘金里	河北医科大学	硕士	2005	1	180	原版阅读      CNKI AI阅读
4978	半夏泻心汤对胃肠运动影响的实验研究	秦波	中国医科大学	硕士	2005	4	434	原版阅读      CNKI AI阅读
4979	清代前中期方剂学成就与特点研究（1644-1840）	马红治	中国中医研究院	硕士	2005	15	1246	原版阅读      CNKI AI阅读
4980	以氧化电位评价含黄酮类、酚酸类成分中药抗氧化活性的研究	辛敏通	中国中医研究院	硕士	2005	9	935	原版阅读      CNKI AI阅读
4981	黄连总碱对实验性胃溃疡的作用研究	李备	重庆医科大学	硕士	2005	7	616	原版阅读      CNKI AI阅读
4982	复方黄连解毒汤治疗多器官功能障碍综合征的疗效评价	王帅	广州中医药大学	硕士	2005	1	130	原版阅读      CNKI AI阅读
4983	建国前岭南中医喉科文献的整理研究	郭强	广州中医药大学	硕士	2005	3	408	原版阅读      CNKI AI阅读
4984	化痰解郁汤治疗失眠的临床研究	高鹏	山东中医药大学	硕士	2005	5	694	原版阅读      CNKI AI阅读
4985	疏肝降逆汤治疗反流性食管炎的临床研究	于鹰	山东中医药大学	硕士	2005	3	576	原版阅读      CNKI AI阅读
4986	黄连平胃汤治疗慢性胃炎脾胃湿热证的临床实验研究	盛浩	山东中医药大学	硕士	2005	6	501	原版阅读      CNKI AI阅读
4987	妇外栓的研究	杨波	广州中医药大学	硕士	2005		347	原版阅读      CNKI AI阅读
4988	清肝降压颗粒治疗原发性高血压病的临床研究	陈金艳	山东中医药大学	硕士	2005	2	203	原版阅读      CNKI AI阅读
4989	疏肝降逆、清胆和胃法治疗胆汁反流性胃炎的临床研究	田梅	山东中医药大学	硕士	2005	3	326	原版阅读      CNKI AI阅读
4990	双黄补缓释药条体外释放率的测定	张风华	河北医科大学	硕士	2004	1	174	原版阅读      CNKI AI阅读
4991	台湾医家李政育学术思想及临床诊疗经验整理研究	陈淑芬	广州中医药大学	硕士	2005	5	448	原版阅读      CNKI AI阅读
4992	克痔软膏促进肛肠病术后创面愈合的临床研究	王振	山东中医药大学	硕士	2005	3	378	原版阅读      CNKI AI阅读
4993	金芪降糖片防治糖尿病血管并发症的临床和实验研究	王滨	山东中医药大学	硕士	2005	3	294	原版阅读      CNKI AI阅读
4994	乌桕（Sapium sebiferum(L.)Roxb）、大叶桉（Eucalyptus robusta Smith)抗菌活性研究	魏金强	福建农林大学	硕士	2005		437	原版阅读      CNKI AI阅读
4995	10树种苗期抗旱特性及抗旱评价指标体系的研究	胡学俭	山东农业大学	硕士	2005	68	766	原版阅读      CNKI AI阅读
4996	孔林灌草丛害虫及天敌群落动态研究	王强	山东农业大学	硕士	2005	2	156	原版阅读      CNKI AI阅读
4997	中药抑制大肠杆菌对四环素类药物耐药的研究	张玉国	吉林大学	硕士	2005	10	1071	原版阅读      CNKI AI阅读
4998	《伤寒论》相反相成法剖析	田明健	黑龙江中医药大学	硕士	2005	2	429	原版阅读      CNKI AI阅读
4999	黄连阿胶汤抗焦虑作用的最佳配比和提取工艺的实验研究	耿慧春	黑龙江中医药大学	硕士	2005	3	437	原版阅读      CNKI AI阅读
5000	香连丸治疗胃脘痛（消化性溃疡）配伍实验研究	王海	黑龙江中医药大学	硕士	2005		266	原版阅读      CNKI AI阅读
	中文题名	作者	学位授予单位	数据库	学位授予年度	被引	下载	操作
5001	仲景控制大黄在复方中功效发挥方向之诸因素研究	张锦伦	成都中医药大学	硕士	2005	15	536	原版阅读      CNKI AI阅读
5002	半夏和胃颗粒治疗慢性浅表性胃炎（脾虚胃热证）的临床研究	宝乐尔（Zagdsuren Bolortulga）	天津中医学院	硕士	2005		269	原版阅读      CNKI AI阅读
5003	半夏泻心汤治疗慢性萎缩性胃炎的临床研究	陈明德	天津中医学院	硕士	2005	2	1146	原版阅读      CNKI AI阅读
5004	心融机变　巧发奇中——《孙文垣医案》研究	周波	天津中医学院	硕士	2005	1	827	原版阅读      CNKI AI阅读
5005	黄芩配伍运用的文献研究	刘舟	成都中医药大学	硕士	2005	8	630	原版阅读      CNKI AI阅读
5006	中药药对的量化分析与知识发现	刘娟	成都中医药大学	硕士	2005	17	959	原版阅读      CNKI AI阅读
5007	控制细辛在复方中功效发挥方向的诸因素研究	刘兴隆	成都中医药大学	硕士	2005	6	315	原版阅读      CNKI AI阅读
5008	合方的理论与应用研究	祁向争	天津中医学院	硕士	2005	5	554	原版阅读      CNKI AI阅读
5009	酪氨酸及其代谢物/衍生物与某些生物碱的毛细管电泳及电化学研究	蒋秀燕	福州大学	硕士	2005	2	310	原版阅读      CNKI AI阅读
5010	西藏胡黄连的化学成分研究	胡红侠	上海医药工业研究院	硕士	2005	2	545	原版阅读      CNKI AI阅读
5011	黄连阿胶汤化学成分的研究及对模型大鼠尿儿茶酚胺排泄量的影响	杨欢	江苏大学	硕士	2005	1	568	原版阅读      CNKI AI阅读
5012	黄连素降低内毒素血症小鼠死亡率的机制研究	李飞	暨南大学	硕士	2005	3	282	原版阅读      CNKI AI阅读
5013	新疆黑果小檗地上部分几种生物碱的初步研究	孙华	新疆大学	硕士	2005	9	385	原版阅读      CNKI AI阅读
5014	四川省十大功劳属植物的生物碱与组织培养研究	李昌松	四川农业大学	硕士	2005	1	349	原版阅读      CNKI AI阅读
5015	小檗碱抑菌特点及抑菌机制的初步研究	华国强	山东大学	硕士	2005	103	2393	原版阅读      CNKI AI阅读
5016	黄连属药用植物RAPD鉴定与亲缘关系研究	常艳波	四川大学	硕士	2005	7	535	原版阅读      CNKI AI阅读
5017	十二指肠定位释药系统的初步研究	刘君	四川大学	硕士	2004		249	原版阅读      CNKI AI阅读
5018	具有抗感染作用的阴道避孕栓的研制	刘强	第三军医大学	硕士	2005	3	309	原版阅读      CNKI AI阅读
5019	前列宝胶囊的研制	王敏	延边大学	硕士	2005	1	145	原版阅读      CNKI AI阅读
5020	黄连品质评价的研究及其应用	刘芳	四川大学	硕士	2005	40	1568	原版阅读      CNKI AI阅读
5021	黄连素对甲状腺素诱发的大鼠心肌肥厚保护作用	杨静	四川大学	硕士	2004		112	原版阅读      CNKI AI阅读
5022	草连的生药学研究	游元元	四川大学	硕士	2004	2	200	原版阅读      CNKI AI阅读
5023	金梅消渴汤（丸）对2型糖尿病的临床研究	李丽杰	湖北中医学院	硕士	2006	2	245	原版阅读      CNKI AI阅读
5024	黄连素对兔颈动脉球囊损伤后内膜增生与血管重塑的影响	张焕鑫	湖北中医学院	硕士	2006	1	149	原版阅读      CNKI AI阅读
5025	半夏和胃颗粒治疗消化性溃疡的临床观察	孙维华	湖北中医学院	硕士	2006	1	327	原版阅读      CNKI AI阅读
5026	糖脂益片的制备工艺及质量标准的研究	张海英	新疆医科大学	硕士	2006		153	原版阅读      CNKI AI阅读
5027	调气理血除毒法治疗胃肠疾病	吕方	福建中医学院	硕士	2005		98	原版阅读      CNKI AI阅读
5028	桂林古本《伤寒杂病论》六淫病证治研究	黄林根	浙江中医学院	硕士	2005	3	649	原版阅读      CNKI AI阅读
5029	多味中药对IBDV的抑制作用及其组方对IBD防治效果研究	张燚	吉林农业大学	硕士	2005	1	319	原版阅读      CNKI AI阅读
5030	微波场强化中草药提取的传质机理研究	段增宾	天津大学	硕士	2005	14	846	原版阅读      CNKI AI阅读
5031	生物碱分子印迹聚合物的制备与其性能研究	陈移姣	华中科技大学	硕士	2005	4	903	原版阅读      CNKI AI阅读
5032	湖北省武陵山地区黄连区域物流网络建设研究	胡剑鸿	华中科技大学	硕士	2005	10	470	原版阅读      CNKI AI阅读
5033	黄连—吴茱萸药对的体内分析及药动学研究	裘国丽	浙江大学	硕士	2005	7	942	原版阅读      CNKI AI阅读
5034	近红外光谱技术在中药质量分析中的若干应用研究	杨海雷	浙江大学	硕士	2005	18	1147	原版阅读      CNKI AI阅读
5035	黄连—吴茱萸药对的毛细管电泳分析和吴茱萸生物碱的提取纯化	吴江明	浙江大学	硕士	2005	2	579	原版阅读      CNKI AI阅读
5036	泉州木偶头造型艺术考述	陈晓萍	中国艺术研究院	硕士	2006	26	1226	原版阅读      CNKI AI阅读
5037	阿月浑子生长适应性综合评价	周如久	河北农业大学	硕士	2006	5	334	原版阅读      CNKI AI阅读
5038	黄连素对脱氧胆酸诱导下人结肠癌细胞AP-1、COX-2表达的影响	陆宁	天津医科大学	硕士	2006	1	186	原版阅读      CNKI AI阅读
5039	戊己丸不同配伍方治疗肠易激综合征的实验研究	王娅杰	中国中医科学院	硕士	2006	4	343	原版阅读      CNKI AI阅读
5040	黄连素对肝癌HepG2细胞凋亡诱导及生长抑制作用的实验研究	贺志云	兰州大学	硕士	2006	6	417	原版阅读      CNKI AI阅读
5041	槟榔碱及莱菔子对豚鼠离体胃窦平滑肌条收缩活动的影响	李海龙	兰州大学	硕士	2006	2	476	原版阅读      CNKI AI阅读
5042	中西药联合治疗幽门螺杆菌相关性胃炎的实验研究	胡友莹	安徽理工大学	硕士	2006	2	390	原版阅读      CNKI AI阅读
5043	结肠炎Ⅰ号片治疗脾虚湿蕴、气血瘀滞型溃疡性结肠炎的临床研究	丁淑彦	湖北中医学院	硕士	2006	1	218	原版阅读      CNKI AI阅读
5044	胃舒颗粒的药学研究	蒋伟	湖北中医学院	硕士	2006	5	324	原版阅读      CNKI AI阅读
5045	创愈灵涂膜剂成膜材料的研究	熊良钟	湖北中医学院	硕士	2006	4	662	原版阅读      CNKI AI阅读
5046	加味黄连解毒汤治疗多器官功能障碍综合征的临床观察	黄海燕	广州中医药大学	硕士	2006	3	185	原版阅读      CNKI AI阅读
5047	交泰丸治疗失眠证的文献与实验研究	林杏娥	广州中医药大学	硕士	2006	12	874	原版阅读      CNKI AI阅读
5048	黄连解毒汤调控炎症介质对多脏器功能障碍影响的研究	任建华	广州中医药大学	硕士	2006	4	236	原版阅读      CNKI AI阅读
5049	关于药量变化的文献探索和研究	邴守兰	黑龙江中医药大学	硕士	2006	4	532	原版阅读      CNKI AI阅读
5050	《金匮钩玄》杂病治疗纲及方剂用药特点的研究	王丽岩	黑龙江中医药大学	硕士	2006	2	451	原版阅读      CNKI AI阅读
	中文题名	作者	学位授予单位	数据库	学位授予年度	被引	下载	操作
5051	野生黄檗自我更新障碍的种内因素及化学成分多样性研究	夏天睿	中国协和医科大学	硕士	2006	20	347	原版阅读      CNKI AI阅读
5052	黄连素联合头孢他啶对产超广谱β-内酰胺酶大肠埃希菌抑菌作用的研究	王月玲	郑州大学	硕士	2005	9	604	原版阅读      CNKI AI阅读
5053	温度胁迫对黄连生理生化特性影响研究	孙玉芳	西南大学	硕士	2006	24	945	原版阅读      CNKI AI阅读
5054	抗甲真菌中草药的筛选	朱义广	河北大学	硕士	2006	4	461	原版阅读      CNKI AI阅读
5055	系列中药制剂质量标准中的薄层鉴定	郝丽静	河北大学	硕士	2006	3	926	原版阅读      CNKI AI阅读
5056	明清医家补阴剂用药规律研究	刘喆	北京中医药大学	硕士	2006	5	699	原版阅读      CNKI AI阅读
5057	中药复方有效物质沉淀合大孔树脂富集制备技术研究	周素蓉	北京中医药大学	硕士	2006	1	734	原版阅读      CNKI AI阅读
5058	痤疮辨证用药规律的研究	蔡晓政	北京中医药大学	硕士	2006	8	2676	原版阅读      CNKI AI阅读
5059	心力衰竭古今中医文献的整理与研究	沈会	北京中医药大学	硕士	2006	125	7555	原版阅读      CNKI AI阅读
5060	舒胃颗粒的药学研究	蒋维	北京中医药大学	硕士	2006	3	464	原版阅读      CNKI AI阅读
5061	清热化湿理气法（消痞散）治疗痞满病的临床研究	宋益陞	北京中医药大学	硕士	2006	3	277	原版阅读      CNKI AI阅读
5062	王孟英泄泻医案的文献研究	曾繁庆	北京中医药大学	硕士	2006	9	1270	原版阅读      CNKI AI阅读
5063	失眠的中医症状证候特征及其心理特征研究	刘律伶	北京中医药大学	硕士	2006	15	1759	原版阅读      CNKI AI阅读
5064	王孟英神昏医案研究	高伟	北京中医药大学	硕士	2006	8	938	原版阅读      CNKI AI阅读
5065	“半夏泻心汤法”、“泻心法”、中焦“辛苦法”在脾胃病论治上的异同研究	杨云松	北京中医药大学	硕士	2006	4	1712	原版阅读      CNKI AI阅读
5066	糖尿病阴虚证的证候学研究	宋文昶	北京中医药大学	硕士	2006	3	493	原版阅读      CNKI AI阅读
5067	张仲景方法治疗复发性口疮的基础理论及文献研究	颜嘉瑢	北京中医药大学	硕士	2006	3	1022	原版阅读      CNKI AI阅读
5068	柴胡桂枝汤加味治疗气机失调型失眠症的理论研究与临床观察	曾天德	北京中医药大学	硕士	2006	4	1004	原版阅读      CNKI AI阅读
5069	白头翁汤及其组分（白头翁、黄连、黄柏、秦皮）的水煎液对大鼠离体回肠收缩的影响	薛芝红	山西医科大学	硕士	2006	4	386	原版阅读      CNKI AI阅读
5070	黄连素合牛磺酸改善2型糖尿病患者胰岛素抵抗的临床试验研究	陈维云	山西医科大学	硕士	2006		279	原版阅读      CNKI AI阅读
5071	复方黄连氧气湿化液的临床研究	田琳琳	山西医科大学	硕士	2006	2	188	原版阅读      CNKI AI阅读
5072	中药双黄补对体外原代培养人牙髓细胞增殖和超微结构影响的研究	高永博	河北医科大学	硕士	2006		102	原版阅读      CNKI AI阅读
5073	盐酸黄连素水悬剂的配制及应用技术研究	刘光华	贵州大学	硕士	2006	2	356	原版阅读      CNKI AI阅读
5074	黄连花薹成分分析和功能评价	冯敏	西南大学	硕士	2006	7	415	原版阅读      CNKI AI阅读
5075	双黄补对牙周膜细胞体外培养的作用及组织工程化牙周组织的实验研究	王新	苏州大学	硕士	2005		120	原版阅读      CNKI AI阅读
5076	张贵元教授治疗溃疡性结肠炎临床经验撷要	彭艳红	辽宁中医药大学	硕士	2006	3	225	原版阅读      CNKI AI阅读
5077	复方白芨胃内滞留漂浮型缓释片的研究	李莉华	延边大学	硕士	2006	2	476	原版阅读      CNKI AI阅读
5078	肠溃安结肠靶向微丸的研制	辛聪	延边大学	硕士	2006		151	原版阅读      CNKI AI阅读
5079	黄连解毒散超细微粉药代动力学研究与体外抑菌试验	林雪玲	福建农林大学	硕士	2006	4	387	原版阅读      CNKI AI阅读
5080	治疗奶牛子宫内膜炎新药EDM的研制	王军	吉林农业大学	硕士	2006	20	431	原版阅读      CNKI AI阅读
5081	黄连及复方中药生物碱有效性的毛细管电泳分析	郭岳	吉林农业大学	硕士	2006	2	372	原版阅读      CNKI AI阅读
5082	四川道地黄连的生理形态及细胞遗传研究	向刚	四川农业大学	硕士	2006	5	475	原版阅读      CNKI AI阅读
5083	新型奶牛子宫内膜炎中药复方的研制	莫伟伟	内蒙古大学	硕士	2006	11	353	原版阅读      CNKI AI阅读
5084	丹酚酸B-黄连素复盐对糖尿病大鼠肾脏的保护作用及其机制的研究	张娅娇	山东大学	硕士	2006	3	420	原版阅读      CNKI AI阅读
5085	左金分散片的研制	曾彬	成都中医药大学	硕士	2006	3	391	原版阅读      CNKI AI阅读
5086	五组黄连药对治疗幽门螺旋杆菌所致胃炎的疗效评价	吴施国	成都中医药大学	硕士	2006	7	705	原版阅读      CNKI AI阅读
5087	泻心汤抗内毒素有效组分的药理作用及机制研究	熊玉霞	成都中医药大学	硕士	2006	1	301	原版阅读      CNKI AI阅读
5088	泻心汤抗内毒素有效组分与吸收动力学研究	何毓敏	成都中医药大学	硕士	2006	4	372	原版阅读      CNKI AI阅读
5089	半连续内部沸腾提取与分离植物有效成分及其机理的研究	王飞	广西大学	硕士	2006	2	228	原版阅读      CNKI AI阅读
5090	“三孔”旅游风景区主要园林植物昆虫群落多样性与时间格局研究	宫玮	山东农业大学	硕士	2004	5	567	原版阅读      CNKI AI阅读
5091	催化动力学电位法研究及化学传感器研制	程伟	郑州大学	硕士	2000		96	原版阅读      CNKI AI阅读
5092	有机化合物极谱催化波	何盈盈	西北大学	硕士	2001	1	150	原版阅读      CNKI AI阅读
5093	黄连解毒汤质量控制方法及配伍机理研究	李清	沈阳药科大学	硕士	2001	6	646	原版阅读      CNKI AI阅读
5094	清胃口含片药学部分研究	杨军宣	成都中医药大学	硕士	2001		337	原版阅读      CNKI AI阅读
5095	左金丸及其生物碱相关药效对比实验研究	熊平	成都中医药大学	硕士	2001	4	325	原版阅读      CNKI AI阅读
5096	左金丸药性的实验研究	李盛青	广州中医药大学	硕士	2001	1	394	原版阅读      CNKI AI阅读
5097	香荷药条的制剂药学研究	杨柳	广州中医药大学	硕士	2001		260	原版阅读      CNKI AI阅读
5098	清热复方对热休克大鼠HSP70基因表达调控的研究	邹素芬	广州中医药大学	硕士	2001	1	230	原版阅读      CNKI AI阅读
5099	肠炎清配合穴位敷贴治疗溃疡性结肠炎的临床研究	康宜兵	广州中医药大学	硕士	2001		361	原版阅读      CNKI AI阅读
5100	当归补血汤合黄连解毒汤抗金黄色葡萄球菌感染作用的研究	陈谚	辽宁中医学院	硕士	2001	1	213	原版阅读      CNKI AI阅读
	中文题名	作者	学位授予单位	数据库	学位授予年度	被引	下载	操作
5101	黄连解毒降压汤治疗高血压病临床研究	岳桂华	山东中医药大学	硕士	2001	2	380	原版阅读      CNKI AI阅读
5102	儿宝冲剂治疗小儿上呼吸道感染发热的研究	马春亮	山东中医药大学	硕士	2001		201	原版阅读      CNKI AI阅读
5103	781例心系疾病证治特点的研究	董玉山	山东中医药大学	硕士	2001	2	244	原版阅读      CNKI AI阅读
5104	口服结肠靶向制剂——结肠宝康微丸制备工艺研究	张乐佳	湖南中医学院	硕士	2001	4	532	原版阅读      CNKI AI阅读
5105	复方胡黄连抗肝炎有效部位的化学研究	刘美凤	黑龙江中医药大学	硕士	2001	7	574	原版阅读      CNKI AI阅读
5106	几种药物的示波行为及其应用的研究	于浩	西北大学	硕士	2002		79	原版阅读      CNKI AI阅读
5107	中草药抗仔猪大肠杆菌性腹泻作用机理的研究	刘玉芹	东北农业大学	硕士	2002	13	1155	原版阅读      CNKI AI阅读
5108	四逆散半夏泻心汤合方治疗慢性浅表性胃炎的理论探讨和临床疗效观察	刘德才	北京中医药大学	硕士	2002	3	887	原版阅读      CNKI AI阅读
5109	《伤寒杂病论》与《脾胃论》脾胃生理证治观的相关性研究	陈素娥	北京中医药大学	硕士	2002	15	2177	原版阅读      CNKI AI阅读
5110	黄连解毒汤抗疱疹病毒物质基础研究	朱静	北京中医药大学	硕士	2002	18	698	原版阅读      CNKI AI阅读
5111	“火郁发之”法对胃粘膜急性损伤中攻击因子与保护因子调节作用的研究	牛栋	北京中医药大学	硕士	2002	4	315	原版阅读      CNKI AI阅读
5112	陈慎吾教授学术思想整理研究	小金井信宏	北京中医药大学	硕士	2002	3	1066	原版阅读      CNKI AI阅读
5113	复方胡黄连治疗肝损伤（肝胆湿热型）的实验研究	韩向东	黑龙江中医药大学	硕士	2002	1	370	原版阅读      CNKI AI阅读
5114	益肾降压颗粒的研制	赵雪梅	山东中医药大学	硕士	2002		616	原版阅读      CNKI AI阅读
5115	用半仿生提取法对黄连解毒汤的剂改研究	林慧彬	山东中医药大学	硕士	2002	2	812	原版阅读      CNKI AI阅读
5116	黄连益胃灵治疗幽门螺杆菌相关性慢性浅表性胃炎的临床和实验研究	潘相学	山东中医药大学	硕士	2002	4	633	原版阅读      CNKI AI阅读
5117	黄芪黄精黄连配伍降血糖作用的实验研究	宋永刚	山东中医药大学	硕士	2002	9	1193	原版阅读      CNKI AI阅读
5118	健胃清幽汤治疗幽门螺杆菌相关性胃病的临床与实验研究	吴娟	山东中医药大学	硕士	2002	2	802	原版阅读      CNKI AI阅读
5119	葛根芩连汤中含君药各组方配伍对指标成分甘草酸的影响	赵清晖	第一军医大学	硕士	2002		442	原版阅读      CNKI AI阅读
5120	阿月浑子性别鉴定的研究	谭冬梅	新疆农业大学	硕士	2002	8	311	原版阅读      CNKI AI阅读
5121	苦黄注射液指纹图谱方法学和黄连-吴茱萸药对组分溶出规律研究	彭明兴	浙江大学	硕士	2003	2	371	原版阅读      CNKI AI阅读
5122	黄连缓释专用肥养分释放特性及其生物效应研究	张浩	西南农业大学	硕士	2003	4	343	原版阅读      CNKI AI阅读
5123	金沙江干热河谷造林树种抗旱特性的研究	贾利强	北京林业大学	硕士	2003	40	513	原版阅读      CNKI AI阅读
5124	黄连解毒汤超细微粉的生物药剂学研究	李富文	福建农林大学	硕士	2003	3	312	原版阅读      CNKI AI阅读
5125	连翘抗流感病毒有效物质基础研究黄连解毒汤有效部位的藏红花酸分析方法研究	赵文华	北京中医药大学	硕士	2003	13	1074	原版阅读      CNKI AI阅读
5126	葛根芩连汤抗病毒有效物质基础研究	龚湛文	北京中医药大学	硕士	2003	12	1227	原版阅读      CNKI AI阅读
5127	快律宁合剂治疗快速心律失常的临床研究	姚莉	山东中医药大学	硕士	2003	1	453	原版阅读      CNKI AI阅读
5128	三黄安消改善2型糖尿病胰岛素抵抗作用的临床研究	姜淼	北京中医药大学	硕士	2003	5	500	原版阅读      CNKI AI阅读
5129	清溃汤治疗溃疡性结肠炎的临床研究	郭志军	山东中医药大学	硕士	2003	1	423	原版阅读      CNKI AI阅读
5130	清化益胃口服液治疗慢性胃炎湿热证的临床研究	林燕	山东中医药大学	硕士	2003		548	原版阅读      CNKI AI阅读
5131	方剂治疗药物监测（Ⅱ）——丹参复方的制剂学监测及冠心Ⅱ号来源的阿魏酸血清浓度测定的方法学	黄敬群	中国人民解放军第四军医大学	硕士	2003	1	256	原版阅读      CNKI AI阅读
5132	消溃异功散治疗幽门螺旋杆菌相关性消化性溃疡的临床观察	王英	湖北中医学院	硕士	2003		332	原版阅读      CNKI AI阅读
5133	葛根芩连汤配伍与药效关系研究	伍杰勇	中国人民解放军第一军医大学	硕士	2003	6	780	原版阅读      CNKI AI阅读
5134	祛疣软膏的药学部分研究	李玲	成都中医药大学	硕士	2003	4	637	原版阅读      CNKI AI阅读
5135	葛根芩连汤的模式识别研究	孟宪生	辽宁中医学院	硕士	2003	6	434	原版阅读      CNKI AI阅读
5136	铝过负荷致小鼠学习记忆功能障碍与脑内金属离子失衡关系研究	何百成	重庆医科大学	硕士	2003	4	151	原版阅读      CNKI AI阅读
5137	黄连气雾剂清除牙菌斑幽门螺杆菌对Hp相关性胃病的影响	吕霞	山东中医药大学	硕士	2003	3	218	原版阅读      CNKI AI阅读
5138	开郁清胃法与化痰通络法对高脂饮食诱导的胰岛素抵抗模型大鼠胰岛素敏感性改善作用的研究	王霞	北京中医药大学	硕士	2003	1	238	原版阅读      CNKI AI阅读
5139	安徽珍珠菜属植物的系统学研究	邵剑文	安徽师范大学	硕士	2003	2	372	原版阅读      CNKI AI阅读
5140	短萼黄连的生物生态学特性及其与黄连的比较研究	张莉	安徽师范大学	硕士	2003	3	492	原版阅读      CNKI AI阅读
5141	黄链解毒胶囊防治脑缺血的药效学研究	付晓春	沈阳药科大学	硕士	2001		145	原版阅读      CNKI AI阅读
5142	小檗碱在人及大鼠体内代谢产物的研究	朱志勇	沈阳药科大学	硕士	2002	29	2029	原版阅读      CNKI AI阅读
5143	葛根芩连制剂质量控制方法研究	李哲	沈阳药科大学	硕士	2002		536	原版阅读      CNKI AI阅读
5144	pH依赖型万氏牛黄清心缓释微丸的研究	戚秋鹏	沈阳药科大学	硕士	2003	6	451	原版阅读      CNKI AI阅读
5145	柴连汤治疗幽门螺杆菌阳性慢性胃炎的临床研究	梁芳	黑龙江中医药大学	硕士	2003	1	213	原版阅读      CNKI AI阅读
5146	川黄柏化学成分及对肾阳虚小鼠药理作用的研究	崔万胜	沈阳药科大学	硕士	2003	12	839	原版阅读      CNKI AI阅读
5147	保肾汤对急性肾功能不全的保护作用	李静	中国人民解放军军事医学科学院	硕士	2003	3	194	原版阅读      CNKI AI阅读
5148	连苏止呕胶囊对化疗迟发性呕吐影响的实验研究	白建乐	河北医科大学	硕士	2003	2	269	原版阅读      CNKI AI阅读
5149	双黄补煎液对三种常见牙周致病厌氧菌体外抑菌活性的研究	侯振伟	河北医科大学	硕士	2003	2	294	原版阅读      CNKI AI阅读
5150	葛根芩连方不同配伍对主要有效成分及指纹图谱影响的研究	戴开金	中国人民解放军第一军医大学	硕士	2003	2	708	原版阅读      CNKI AI阅读
	中文题名	作者	学位授予单位	数据库	学位授予年度	被引	下载	操作
5151	黄连素对缺血再灌注致心肌细胞损伤的保护作用	郑凌云	四川大学	硕士	2003	3	204	原版阅读      CNKI AI阅读
5152	高血压性脑出血患者血浆TNF-α、IL-6变化及黄连解毒汤干预作用的临床研究	潘晓鸣	福建中医学院	硕士	2003		214	原版阅读      CNKI AI阅读
5153	交泰丸方药的半仿生提取法实验研究	张学兰	山东中医药大学	硕士	2003	1	286	原版阅读      CNKI AI阅读
5154	熊胆牛黄胶囊制备工艺及质量标准研究	赵碧清	湖南中医学院	硕士	2002	3	380	原版阅读      CNKI AI阅读
5155	氢化物发生—原子荧光光谱法测定中药中不同形态砷的应用研究	高丽荣	河北大学	硕士	2003	3	692	原版阅读      CNKI AI阅读
5156	结核分枝杆菌耐药基因检测及中草药作用的生物学变化	赵勇	中国人民解放军军需大学	硕士	2003	3	244	原版阅读      CNKI AI阅读
5157	熊胆牛黄胶囊治疗风热感冒的实验研究	胡海容	湖南中医学院	硕士	2003		386	原版阅读      CNKI AI阅读
5158	具有抗感染与避孕作用的阴道制剂的研制	陈枝岚	第三军医大学	硕士	2003	1	426	原版阅读      CNKI AI阅读
5159	面游风方治疗脂溢性皮炎临床及实验研究	米兰	湖南中医学院	硕士	2003	2	433	原版阅读      CNKI AI阅读
5160	近红外光谱技术在中药生产过程质量分析中的应用研究	刘全	浙江大学	硕士	2004	26	1170	原版阅读      CNKI AI阅读
5161	高速逆流色谱分离中药中的生物碱	褚建军	浙江工业大学	硕士	2004	14	1315	原版阅读      CNKI AI阅读
5162	黄连种植对土壤侵蚀及土壤肥力的影响研究	任秀娟	西南农业大学	硕士	2004	4	342	原版阅读      CNKI AI阅读
5163	左金丸合化肝煎治疗肝胃郁热型慢性浅表性胃炎的临床观察	李刚	湖北中医学院	硕士	2004	3	371	原版阅读      CNKI AI阅读
5164	创愈灵涂膜剂的实验研究	陈红专	湖北中医学院	硕士	2004	1	485	原版阅读      CNKI AI阅读
5165	黄萸利咽颗粒的药学研究	唐国涛	湖北中医学院	硕士	2004	1	236	原版阅读      CNKI AI阅读
5166	燥湿运脾合剂对脾胃湿热证作用机制的实验研究	周燕萍	湖北中医学院	硕士	2004	2	233	原版阅读      CNKI AI阅读
5167	控制大黄在复方中功效发挥方向的因素研究	陈西平	成都中医药大学	硕士	2004		319	原版阅读      CNKI AI阅读
5168	植物性物质对德国小蠊的生物活性研究	徐小玲	中国农业大学	硕士	2004	19	363	原版阅读      CNKI AI阅读
5169	近代四川山货开发研究	严奇岩	西南师范大学	硕士	2004	15	754	原版阅读      CNKI AI阅读
5170	奶牛子宫内膜炎中药配方的研究	唐海燕	内蒙古大学	硕士	2004	12	346	原版阅读      CNKI AI阅读
5171	黄连解毒汤吸收入血有效成分的筛选及生物学作用研究	孙长江	吉林农业大学	硕士	2004		356	原版阅读      CNKI AI阅读
5172	胃灵Ⅲ号冲剂治疗胆汁反流性胃炎的临床研究	袁萍	黑龙江中医药大学	硕士	2004		167	原版阅读      CNKI AI阅读
5173	益胃颗粒治疗慢性胃炎湿热证的临床与实验研究	李颖	山东中医药大学	硕士	2004	2	164	原版阅读      CNKI AI阅读
5174	不寐方的配伍研究	武永刚	黑龙江中医药大学	硕士	2004	3	602	原版阅读      CNKI AI阅读
5175	主要基于热力学表达的中药学基础——黄连炮制与配伍的药性变化及其物质基础	周韶华	中国人民解放军军事医学科学院	硕士	2004	4	1087	原版阅读      CNKI AI阅读
5176	清热活血法治疗嵌顿痔的临床研究	徐兆宇	山东中医药大学	硕士	2004	1	263	原版阅读      CNKI AI阅读
5177	李东垣《内外伤辨惑论》方药配伍规律的研究	倪项根	黑龙江中医药大学	硕士	2004	7	918	原版阅读      CNKI AI阅读
5178	调理脾胃对慢性肾衰竭患者营养状态以及肾功能的影响	杨运明	山东中医药大学	硕士	2004		215	原版阅读      CNKI AI阅读
5179	老年高血压从实证论治	鲍霞	山东中医药大学	硕士	2004	3	292	原版阅读      CNKI AI阅读
5180	大黄黄连泻心汤调脂与抗脑缺血再灌注损伤作用的实验研究	王晶	山东中医药大学	硕士	2004	1	271	原版阅读      CNKI AI阅读
5181	香连丸治疗溃疡性结肠炎的实验研究及其组方配伍探讨	张雪燕	山东中医药大学	硕士	2004	13	1216	原版阅读      CNKI AI阅读
5182	原小檗碱类生物碱作用差异的机理研究	郑洪艳	天津医科大学	硕士	2004	50	1132	原版阅读      CNKI AI阅读
5183	姜黄素和黄连素对胆汁酸诱导的人结肠癌细胞增生的抑制作用研究	翟春颖	天津医科大学	硕士	2004		296	原版阅读      CNKI AI阅读
5184	阿月浑子和库尔勒香梨微繁殖技术研究	王莉萍	新疆农业大学	硕士	2004	6	243	原版阅读      CNKI AI阅读
5185	盐胁迫下阿月浑子生理生化特性研究	袁琳	新疆农业大学	硕士	2004	11	301	原版阅读      CNKI AI阅读
5186	肠澼（溃疡性结肠炎）的古代文献研究	张艳红	河北医科大学	硕士	2004	16	1490	原版阅读      CNKI AI阅读
5187	活血、补肾、化痰三法对大鼠脑缺血再灌拟血管性痴呆的防治作用及比较研究	李志更	河北医科大学	硕士	2004	1	344	原版阅读      CNKI AI阅读
5188	黄连素与牛磺酸对胰岛素抵抗大鼠骨骼肌胰岛素受体底物-1基因mRNA表达的影响	张蓉芳	山西医科大学	硕士	2004	2	160	原版阅读      CNKI AI阅读
5189	葛荔胶囊治疗阴虚热盛证2型糖尿病Ⅲ期临床研究	黄莉吉	南京中医药大学	硕士	2004		193	原版阅读      CNKI AI阅读
5190	黄连素对LPS诱导离体大鼠心脏功能障碍的影响及机制研究	杨静	暨南大学	硕士	2004	3	274	原版阅读      CNKI AI阅读
5191	熊胆丸的质量控制及指纹图谱研究	段志红	天津大学	硕士	2004	4	411	原版阅读      CNKI AI阅读
